Time,Population,Births,Deaths
10.07,21,6,0
10.15,21,6,0
10.22,21,6,0
10.29,21,6,0
10.35,21,6,0
10.42,21,6,0
10.49,21,6,0
10.57,21,6,0
10.64,21,6,0
10.71,21,6,0
10.79,21,6,0
10.87,21,6,0
10.95,21,6,0
20.02,25,10,0
20.10,25,10,0
20.18,25,10,0
20.26,25,10,0
20.33,25,10,0
20.41,25,10,0
20.49,25,10,0
20.57,25,10,0
20.65,25,10,0
20.73,25,10,0
20.81,25,10,0
20.88,25,10,0
20.96,25,10,0
30.04,25,10,0
30.12,25,10,0
30.20,25,10,0
30.28,25,10,0
30.36,25,10,0
30.45,25,10,0
30.53,25,10,0
30.61,26,11,0
30.76,26,11,0
30.84,26,11,0
30.92,26,11,0
31.00,26,11,0
40.15,27,12,0
40.22,27,12,0
40.30,27,12,0
40.38,27,12,0
40.46,27,12,0
40.61,27,12,0
40.69,27,12,0
40.77,27,12,0
40.93,27,12,0
41.00,27,12,0
50.04,27,12,0
50.18,27,12,0
50.26,27,12,0
50.34,27,12,0
50.42,27,12,0
50.56,27,12,0
50.64,27,12,0
50.72,27,12,0
50.80,27,12,0
50.94,27,12,0
60.04,27,12,0
60.12,27,12,0
60.20,27,12,0
60.28,27,12,0
60.36,27,12,0
60.50,27,12,0
60.58,27,12,0
60.65,27,12,0
60.80,27,12,0
60.88,27,12,0
60.95,27,12,0
70.06,27,12,0
70.13,27,12,0
70.21,27,12,0
70.35,27,12,0
70.43,27,12,0
70.59,27,12,0
70.67,27,12,0
70.74,27,12,0
70.82,27,12,0
70.90,27,12,0
80.04,27,12,0
80.20,27,12,0
80.28,27,12,0
80.36,27,12,0
80.44,27,12,0
80.51,27,12,0
80.59,27,12,0
80.67,27,12,0
80.83,27,12,0
80.91,27,12,0
80.99,27,12,0
90.07,27,12,0
90.15,27,12,0
90.22,27,12,0
90.37,27,12,0
90.44,27,12,0
90.52,27,12,0
90.66,27,12,0
90.74,27,12,0
90.82,27,12,0
90.90,27,12,0
100.13,27,12,0
100.21,27,12,0
100.28,27,12,0
100.36,27,12,0
100.44,27,12,0
100.52,27,12,0
100.60,27,12,0
100.68,27,12,0
100.76,27,12,0
100.83,27,12,0
100.90,27,12,0
100.98,27,12,0
110.05,20,12,7
110.12,20,12,7
110.20,20,12,7
110.27,20,12,7
110.34,20,12,7
110.42,20,12,7
110.50,20,12,7
110.58,20,12,7
110.65,20,12,7
110.73,20,12,7
110.81,20,12,7
110.89,20,12,7
110.97,20,12,7
120.06,13,12,14
120.14,13,12,14
120.21,13,12,14
120.28,13,12,14
120.36,13,12,14
120.43,13,12,14
120.50,13,12,14
120.57,13,12,14
120.64,13,12,14
120.72,13,12,14
120.79,13,12,14
120.88,13,12,14
120.95,13,12,14
130.06,14,14,15
130.14,14,14,15
130.22,14,14,15
130.30,14,14,15
130.38,14,14,15
130.45,14,14,15
130.53,14,14,15
130.61,14,14,15
130.69,14,14,15
130.77,14,14,15
130.85,14,14,15
130.93,14,14,15
131.00,14,14,15
140.04,13,14,16
140.11,13,14,16
140.27,13,14,16
140.35,13,14,16
140.43,13,14,16
140.51,13,14,16
140.59,13,14,16
140.74,13,14,16
140.82,13,14,16
140.90,13,14,16
140.98,13,14,16
150.06,11,14,18
150.14,11,14,18
150.22,11,14,18
150.38,11,14,18
150.46,11,14,18
150.61,11,14,18
150.69,11,14,18
150.77,11,14,18
150.85,11,14,18
150.93,11,14,18
160.08,11,14,18
160.16,11,14,18
160.24,11,14,18
160.32,11,14,18
160.39,11,14,18
160.47,11,14,18
160.63,11,14,18
160.71,11,14,18
160.79,11,14,18
160.95,11,14,18
170.04,11,14,18
170.11,11,14,18
170.19,11,14,18
170.27,11,14,18
170.35,11,14,18
170.42,11,14,18
170.58,11,14,18
170.66,11,14,18
170.74,11,14,18
170.82,11,14,18
170.96,11,14,18
180.02,11,14,18
180.10,11,14,18
180.18,11,14,18
180.32,11,14,18
180.46,11,14,18
180.54,11,14,18
180.62,11,14,18
180.70,11,14,18
180.78,11,14,18
180.93,11,14,18
190.08,11,15,19
190.15,11,15,19
190.23,11,15,19
190.30,11,15,19
190.38,11,15,19
190.45,11,15,19
190.53,11,15,19
190.60,11,15,19
190.67,11,15,19
190.75,11,15,19
190.83,11,15,19
190.91,11,15,19
190.99,11,15,19
200.23,11,15,19
200.36,11,15,19
200.45,11,15,19
200.54,11,15,19
200.64,11,15,19
200.75,11,15,19
200.83,11,15,19
200.91,11,15,19
200.98,11,15,19
210.02,10,15,20
210.09,10,15,20
210.17,10,15,20
210.25,10,15,20
210.33,10,15,20
210.41,10,15,20
210.49,10,15,20
210.57,10,15,20
210.64,10,15,20
220.06,11,16,20
220.20,11,16,20
220.28,11,16,20
220.35,11,16,20
220.43,11,16,20
220.51,11,16,20
220.67,11,16,20
220.81,11,16,20
220.89,11,16,20
220.96,11,16,20
230.03,10,16,21
230.11,10,16,21
230.19,10,16,21
230.26,10,16,21
230.34,10,16,21
230.42,10,16,21
230.55,10,16,21
230.63,10,16,21
230.69,10,16,21
230.77,10,16,21
230.85,10,16,21
230.92,10,16,21
230.99,10,16,21
240.03,9,16,22
240.18,9,16,22
240.26,9,16,22
240.42,9,16,22
240.50,9,16,22
240.58,9,16,22
240.65,9,16,22
240.80,9,16,22
240.87,9,16,22
240.95,9,16,22
250.02,9,17,23
250.10,9,17,23
250.26,9,17,23
250.33,9,17,23
250.41,9,17,23
250.49,9,17,23
250.57,9,17,23
250.71,9,17,23
250.79,9,17,23
250.94,9,17,23
260.13,9,17,23
260.20,9,17,23
260.28,9,17,23
260.36,9,17,23
260.44,9,17,23
260.59,9,17,23
260.67,9,17,23
260.75,9,17,23
260.91,9,17,23
260.99,9,17,23
270.04,8,17,24
270.18,8,17,24
270.26,8,17,24
270.34,8,17,24
270.42,8,17,24
270.56,8,17,24
270.64,8,17,24
270.71,8,17,24
270.79,8,17,24
270.95,8,17,24
280.12,8,17,24
280.20,8,17,24
280.27,8,17,24
280.35,8,17,24
280.51,8,17,24
280.58,8,17,24
280.66,8,17,24
280.80,8,17,24
280.88,8,17,24
280.96,8,17,24
290.05,8,17,24
290.13,8,17,24
290.21,8,17,24
290.29,8,17,24
290.45,8,17,24
290.52,8,17,24
290.68,8,17,24
290.76,8,17,24
290.84,8,17,24
290.91,8,17,24
300.06,7,17,25
300.13,7,17,25
300.21,7,17,25
300.29,7,17,25
300.37,7,17,25
300.52,7,17,25
300.60,7,17,25
300.68,7,17,25
300.76,7,17,25
300.84,7,17,25
300.99,7,17,25
310.02,7,17,25
310.10,7,17,25
310.28,7,17,25
310.37,7,17,25
310.45,7,17,25
310.53,7,17,25
310.61,7,17,25
310.76,7,17,25
310.84,7,17,25
310.92,7,17,25
311.00,7,17,25
320.02,7,17,25
320.10,7,17,25
320.18,7,17,25
320.26,7,17,25
320.34,7,17,25
320.49,7,17,25
320.57,7,17,25
320.73,7,17,25
320.81,7,17,25
320.89,7,17,25
320.96,7,17,25
330.09,7,17,25
330.17,7,17,25
330.25,7,17,25
330.33,7,17,25
330.48,7,17,25
330.56,7,17,25
330.64,7,17,25
330.80,7,17,25
330.88,7,17,25
330.96,7,17,25
340.04,7,17,25
340.12,7,17,25
340.20,7,17,25
340.28,7,17,25
340.44,7,17,25
340.51,7,17,25
340.59,7,17,25
340.67,7,17,25
340.75,7,17,25
340.83,7,17,25
340.99,7,17,25
350.09,7,17,25
350.17,7,17,25
350.25,7,17,25
350.41,7,17,25
350.49,7,17,25
350.56,7,17,25
350.64,7,17,25
350.72,7,17,25
350.80,7,17,25
350.96,7,17,25
360.02,7,17,25
360.09,7,17,25
360.17,7,17,25
360.33,7,17,25
360.40,7,17,25
360.48,7,17,25
360.56,7,17,25
360.72,7,17,25
360.80,7,17,25
360.87,7,17,25
360.95,7,17,25
370.10,6,17,26
370.18,6,17,26
370.25,6,17,26
370.33,6,17,26
370.41,6,17,26
370.49,6,17,26
370.65,6,17,26
370.73,6,17,26
370.89,6,17,26
370.96,6,17,26
380.07,6,17,26
380.15,6,17,26
380.23,6,17,26
380.39,6,17,26
380.46,6,17,26
380.54,6,17,26
380.70,6,17,26
380.77,6,17,26
380.85,6,17,26
380.93,6,17,26
390.06,6,17,26
390.14,6,17,26
390.22,6,17,26
390.30,6,17,26
390.38,6,17,26
390.55,6,17,26
390.63,6,17,26
390.70,6,17,26
390.86,6,17,26
390.94,6,17,26
400.03,5,17,27
400.11,5,17,27
400.19,5,17,27
400.27,5,17,27
400.42,5,17,27
400.51,5,17,27
400.60,5,17,27
400.69,5,17,27
400.85,5,17,27
400.93,5,17,27
410.04,5,17,27
410.20,5,17,27
410.28,5,17,27
410.35,5,17,27
410.43,15,17,28
410.51,15,17,28
410.67,16,18,28
410.74,16,18,28
410.82,16,18,28
410.98,16,18,28
420.07,21,23,28
420.21,21,23,28
420.36,21,23,28
420.44,21,23,28
420.51,21,23,28
420.59,21,23,28
420.74,21,23,28
420.81,21,23,28
420.89,21,23,28
420.97,21,23,28
430.09,21,23,28
430.17,21,23,28
430.25,21,23,28
430.40,21,23,28
430.48,21,23,28
430.56,21,23,28
430.64,21,23,28
430.78,21,23,28
430.86,21,23,28
430.94,21,23,28
440.03,22,24,28
440.17,22,24,28
440.31,22,24,28
440.39,22,24,28
440.47,22,24,28
440.55,22,24,28
440.69,22,24,28
440.77,21,24,29
440.85,21,24,29
440.93,21,24,29
441.00,21,24,29
450.06,21,25,30
450.13,21,25,30
450.21,21,25,30
450.36,21,25,30
450.43,21,25,30
450.51,21,25,30
450.67,21,25,30
450.75,21,25,30
450.82,21,25,30
450.90,21,25,30
460.03,20,25,31
460.12,20,25,31
460.20,20,25,31
460.28,20,25,31
460.36,20,25,31
460.53,20,25,31
460.61,20,25,31
460.71,20,25,31
460.79,20,25,31
460.88,20,25,31
460.96,20,25,31
470.09,20,25,31
470.17,20,25,31
470.25,20,25,31
470.33,20,25,31
470.40,20,25,31
470.56,20,25,31
470.64,20,25,31
470.72,20,25,31
470.88,20,25,31
470.95,20,25,31
480.07,20,25,31
480.23,20,25,31
480.30,20,25,31
480.38,20,25,31
480.46,20,25,31
480.54,20,25,31
480.70,20,25,31
480.78,20,25,31
480.86,20,25,31
480.93,20,25,31
490.08,20,25,31
490.16,20,25,31
490.24,20,25,31
490.32,20,25,31
490.48,20,25,31
490.56,20,25,31
490.63,20,25,31
490.79,20,25,31
490.87,20,25,31
490.99,20,25,31
500.08,20,25,31
500.23,20,25,31
500.31,20,25,31
500.41,20,25,31
500.48,20,25,31
500.56,20,25,31
500.64,20,25,31
500.80,20,25,31
500.88,20,25,31
500.96,20,25,31
510.03,20,25,31
510.11,20,25,31
510.27,20,25,31
510.35,20,25,31
510.43,20,25,31
510.50,20,25,31
510.66,20,25,31
510.76,20,25,31
510.85,20,25,31
510.93,20,25,31
520.03,19,25,32
520.11,19,25,32
520.25,19,25,32
520.33,19,25,32
520.41,19,25,32
520.49,19,25,32
520.57,19,25,32
520.73,19,25,32
520.80,19,25,32
520.88,19,25,32
520.96,19,25,32
530.03,5,25,46
530.11,15,25,47
530.19,15,25,47
530.27,15,25,47
530.35,15,25,47
530.50,15,25,47
530.58,15,25,47
530.66,15,25,47
530.74,15,25,47
530.82,15,25,47
530.97,16,26,47
540.02,18,28,47
540.10,18,28,47
540.18,18,28,47
540.26,18,28,47
540.42,18,28,47
540.50,18,28,47
540.58,18,28,47
540.65,18,28,47
540.81,18,28,47
540.89,18,28,47
540.97,18,28,47
550.15,21,31,47
550.23,21,31,47
550.31,21,31,47
550.39,21,31,47
550.55,21,31,47
550.63,21,31,47
550.71,21,31,47
550.79,21,31,47
550.94,21,31,47
560.02,21,32,48
560.09,21,32,48
560.17,21,32,48
560.32,21,32,48
560.40,21,32,48
560.47,21,32,48
560.63,21,32,48
560.73,21,32,48
560.81,21,32,48
560.88,21,32,48
560.96,21,32,48
570.06,21,32,48
570.14,21,32,48
570.22,21,32,48
570.37,21,32,48
570.45,21,32,48
570.53,21,32,48
570.69,21,32,48
570.78,21,32,48
570.87,21,32,48
570.94,21,32,48
580.04,22,33,48
580.12,22,33,48
580.19,22,33,48
580.27,22,33,48
580.43,22,33,48
580.51,22,33,48
580.59,22,33,48
580.67,22,33,48
580.82,22,33,48
580.90,22,33,48
590.10,22,33,48
590.18,22,33,48
590.26,22,33,48
590.34,22,33,48
590.50,22,33,48
590.58,22,33,48
590.66,22,33,48
590.73,22,33,48
590.82,22,33,48
590.91,22,33,48
600.02,22,33,48
600.10,22,33,48
600.18,22,33,48
600.26,22,33,48
600.42,22,33,48
600.50,22,33,48
600.65,22,33,48
600.73,22,33,48
600.81,22,33,48
600.89,22,33,48
600.97,22,33,48
610.05,20,33,50
610.21,20,33,50
610.36,20,33,50
610.44,20,33,50
610.52,20,33,50
610.60,20,33,50
610.76,20,33,50
610.84,20,33,50
610.92,20,33,50
620.07,20,33,50
620.15,20,33,50
620.23,20,33,50
620.39,20,33,50
620.47,20,33,50
620.55,20,33,50
620.63,20,33,50
620.79,20,33,50
620.86,20,33,50
620.94,20,33,50
630.06,20,33,50
630.14,20,33,50
630.22,20,33,50
630.30,20,33,50
630.45,20,33,50
630.53,20,33,50
630.61,20,33,50
630.69,20,33,50
630.78,20,33,50
630.86,20,33,50
640.04,19,33,51
640.12,19,33,51
640.20,19,33,51
640.28,19,33,51
640.43,19,33,51
640.51,19,33,51
640.59,19,33,51
640.75,19,33,51
640.82,19,33,51
640.90,19,33,51
640.98,19,33,51
650.03,6,33,64
650.11,6,33,64
650.18,6,33,64
650.26,6,33,64
650.34,6,33,64
650.50,6,33,64
650.58,6,33,64
650.65,6,33,64
650.73,6,33,64
650.89,6,33,64
650.99,6,33,64
660.04,6,33,64
660.12,6,33,64
660.20,6,33,64
660.27,6,33,64
660.43,6,33,64
660.51,6,33,64
660.59,6,33,64
660.67,6,33,64
660.74,6,33,64
660.90,6,33,64
670.04,17,35,66
670.19,17,35,66
670.27,17,35,66
670.35,17,35,66
670.51,17,35,66
670.58,17,35,66
670.66,17,35,66
670.74,17,35,66
670.82,17,35,66
670.98,17,35,66
680.04,19,38,67
680.56,19,38,67
680.64,19,38,67
680.72,19,38,67
680.80,19,38,67
680.87,19,38,67
680.95,19,38,67
690.05,19,38,67
690.13,19,38,67
690.21,19,38,67
690.36,19,38,67
690.44,19,38,67
690.52,19,38,67
690.60,19,38,67
690.68,19,38,67
690.84,19,38,67
690.92,19,38,67
690.99,19,38,67
700.04,21,40,67
700.13,21,40,67
700.21,21,40,67
700.36,21,40,67
700.44,21,40,67
700.60,21,40,67
700.68,21,40,67
700.76,21,40,67
700.91,21,40,67
700.99,21,40,67
710.05,21,40,67
710.13,21,40,67
710.29,21,40,67
710.37,21,40,67
710.45,21,40,67
710.60,21,40,67
710.68,21,40,67
710.76,21,40,67
710.84,21,40,67
711.00,21,40,67
720.05,21,40,67
720.13,21,40,67
720.21,21,40,67
720.29,21,40,67
720.45,21,40,67
720.53,21,40,67
720.61,21,40,67
720.76,21,40,67
720.84,21,40,67
720.92,21,40,67
721.00,21,40,67
730.08,20,40,68
730.16,20,40,68
730.31,20,40,68
730.39,20,40,68
730.47,20,40,68
730.55,20,40,68
730.63,20,40,68
730.71,20,40,68
730.87,20,40,68
740.16,20,40,68
740.24,20,40,68
740.40,20,40,68
740.47,20,40,68
740.55,20,40,68
740.63,20,40,68
740.71,20,40,68
740.79,20,40,68
740.95,20,40,68
750.03,19,40,69
750.18,19,40,69
750.26,19,40,69
750.34,19,40,69
750.50,19,40,69
750.57,19,40,69
750.65,19,40,69
750.81,19,40,69
750.89,19,40,69
750.97,19,40,69
760.02,19,40,69
760.18,19,40,69
760.26,19,40,69
760.34,19,40,69
760.42,19,40,69
760.49,19,40,69
760.65,19,40,69
760.73,19,40,69
760.89,19,40,69
760.97,19,40,69
770.02,19,40,69
770.10,19,40,69
770.18,19,40,69
770.26,19,40,69
770.41,19,40,69
770.49,19,40,69
770.57,19,40,69
770.68,19,40,69
770.76,19,40,69
770.84,19,40,69
771.00,19,40,69
780.08,18,40,70
780.16,18,40,70
780.24,18,40,70
780.31,18,40,70
780.47,18,40,70
780.55,18,40,70
780.63,18,40,70
780.70,18,40,70
780.78,18,40,70
780.94,18,40,70
790.01,8,40,80
790.08,8,40,80
790.16,8,40,80
790.24,7,40,81
790.40,7,40,81
790.48,7,40,81
790.55,7,40,81
790.71,7,40,81
790.79,7,40,81
790.87,7,40,81
790.95,7,40,81
800.02,5,40,83
800.10,5,40,83
800.26,5,40,83
800.33,5,40,83
800.41,5,40,83
800.49,5,40,83
800.65,5,40,83
800.73,5,40,83
800.88,5,40,83
800.96,5,40,83
810.11,15,40,84
810.19,15,40,84
810.27,15,40,84
810.35,15,40,84
810.50,15,40,84
810.58,15,40,84
810.66,15,40,84
810.74,15,40,84
810.82,15,40,84
810.98,15,40,84
820.05,20,45,84
820.13,20,45,84
820.20,20,45,84
820.35,20,45,84
820.50,20,45,84
820.58,20,45,84
820.66,20,45,84
820.74,20,45,84
820.82,20,45,84
820.98,20,45,84
830.07,21,46,84
830.15,21,46,84
830.31,21,46,84
830.39,21,46,84
830.46,21,46,84
830.54,21,46,84
830.70,21,46,84
830.78,21,46,84
830.85,21,46,84
840.10,23,48,84
840.18,23,48,84
840.26,23,48,84
840.34,23,48,84
840.42,23,48,84
840.57,23,48,84
840.65,23,48,84
840.73,23,48,84
840.89,23,48,84
840.97,23,48,84
850.03,23,48,84
850.11,23,48,84
850.19,23,48,84
850.34,23,48,84
850.42,23,48,84
850.50,23,48,84
850.58,23,48,84
850.73,23,48,84
850.81,23,48,84
850.89,23,48,84
850.97,23,48,84
860.07,22,49,86
860.15,22,49,86
860.23,22,49,86
860.30,22,49,86
860.45,22,49,86
860.61,22,49,86
860.68,22,49,86
860.76,22,49,86
860.86,22,49,86
860.94,22,49,86
870.06,21,49,87
870.22,21,49,87
870.30,21,49,87
870.38,21,49,87
870.46,21,49,87
870.61,21,49,87
870.69,21,49,87
870.77,21,49,87
870.93,21,49,87
871.00,21,49,87
880.05,21,49,87
880.21,21,49,87
880.29,21,49,87
880.37,21,49,87
880.45,21,49,87
880.52,21,49,87
880.68,21,49,87
880.76,21,49,87
880.84,21,49,87
880.99,21,49,87
890.02,20,49,88
890.10,20,49,88
890.26,20,49,88
890.34,20,49,88
890.42,20,49,88
890.49,20,49,88
890.65,20,49,88
890.73,20,49,88
890.81,20,49,88
890.88,20,49,88
890.96,20,49,88
900.06,20,49,88
900.14,20,49,88
900.21,20,49,88
900.37,20,49,88
900.45,20,49,88
900.61,20,49,88
900.68,20,49,88
900.76,20,49,88
900.84,20,49,88
900.92,20,49,88
901.00,20,49,88
910.08,20,49,88
910.24,20,49,88
910.32,20,49,88
910.40,20,49,88
910.48,20,49,88
910.55,20,49,88
910.63,20,49,88
910.79,20,49,88
910.87,20,49,88
910.95,20,49,88
920.05,20,49,88
920.13,20,49,88
920.21,20,49,88
920.36,20,49,88
920.44,20,49,88
920.52,20,49,88
920.68,20,49,88
920.76,20,49,88
920.83,20,49,88
920.91,20,49,88
920.99,20,49,88
930.07,9,49,99
930.15,9,49,99
930.31,9,49,99
930.39,9,49,99
930.46,9,49,99
930.54,8,49,100
930.70,8,49,100
930.78,8,49,100
930.86,8,49,100
930.93,8,49,100
940.07,17,52,105
940.14,17,52,105
940.22,17,52,105
940.38,17,52,105
940.46,17,52,105
940.54,17,52,105
940.62,17,52,105
940.70,17,52,105
940.85,17,52,105
940.93,17,52,105
950.03,21,56,105
950.11,21,56,105
950.19,21,56,105
950.35,21,56,105
950.42,21,56,105
950.50,21,56,105
950.58,21,56,105
950.66,21,56,105
950.82,21,56,105
950.90,21,56,105
950.98,21,56,105
960.04,20,56,106
960.11,20,56,106
960.19,20,56,106
960.35,20,56,106
960.51,21,57,106
960.58,21,57,106
960.66,21,57,106
960.74,21,57,106
960.82,21,57,106
960.90,21,57,106
970.05,21,57,106
970.13,21,57,106
970.20,21,57,106
970.28,21,57,106
970.36,21,57,106
970.44,21,57,106
970.60,21,57,106
970.68,21,57,106
970.83,21,57,106
970.91,21,57,106
970.99,21,57,106
980.04,21,57,106
980.12,21,57,106
980.31,21,57,106
980.39,21,57,106
980.47,21,57,106
980.55,21,57,106
980.63,21,57,106
980.70,21,57,106
980.86,21,57,106
980.94,21,57,106
990.07,21,57,106
990.23,21,57,106
990.31,21,57,106
990.38,21,57,106
990.54,21,57,106
990.62,21,57,106
990.73,21,57,106
990.81,21,57,106
990.88,21,57,106
990.96,21,57,106
1000.11,21,57,106
1000.19,21,57,106
1000.27,21,57,106
1000.34,21,57,106
1000.50,21,57,106
1000.58,21,57,106
1000.66,21,57,106
1000.73,21,57,106
1000.81,21,57,106
1000.97,21,57,106
1010.03,21,57,106
1010.18,21,57,106
1010.26,21,57,106
1010.34,21,57,106
1010.42,21,57,106
1010.50,21,57,106
1010.66,21,57,106
1010.74,21,57,106
1010.82,21,57,106
1010.91,21,57,106
1020.12,21,57,106
1020.20,21,57,106
1020.28,21,57,106
1020.35,21,57,106
1020.51,21,57,106
1020.59,21,57,106
1020.67,21,57,106
1020.75,21,57,106
1020.90,21,57,106
1020.98,21,57,106
1030.05,21,57,106
1030.20,21,57,106
1030.28,21,57,106
1030.36,21,57,106
1030.44,21,57,106
1030.52,21,57,106
1030.68,21,57,106
1030.76,21,57,106
1030.83,21,57,106
1030.91,21,57,106
1040.05,20,57,107
1040.21,20,57,107
1040.29,20,57,107
1040.37,20,57,107
1040.45,20,57,107
1040.60,20,57,107
1040.68,20,57,107
1040.76,20,57,107
1040.84,20,57,107
1040.92,20,57,107
1050.03,20,57,107
1050.19,20,57,107
1050.27,20,57,107
1050.35,20,57,107
1050.43,20,57,107
1050.50,20,57,107
1050.66,20,57,107
1050.74,20,57,107
1050.82,20,57,107
1050.89,20,57,107
1050.97,20,57,107
1060.13,15,57,123
1060.23,15,57,123
1060.30,15,57,123
1060.38,15,57,123
1060.46,16,58,123
1060.54,16,58,123
1060.70,16,58,123
1060.78,17,59,123
1060.94,17,59,123
1070.07,19,62,124
1070.15,19,62,124
1070.23,19,62,124
1070.38,19,62,124
1070.46,19,62,124
1070.54,19,62,124
1070.62,19,62,124
1070.70,19,62,124
1070.77,19,62,124
1070.93,19,62,124
1080.01,20,63,124
1080.09,20,63,124
1080.17,20,63,124
1080.33,20,63,124
1080.41,20,63,124
1080.48,20,63,124
1080.56,20,63,124
1080.72,20,63,124
1080.80,20,63,124
1080.88,20,63,124
1080.95,20,63,124
1090.08,21,64,124
1090.16,21,64,124
1090.24,21,64,124
1090.32,21,64,124
1090.47,21,64,124
1090.55,21,64,124
1090.63,21,64,124
1090.79,21,64,124
1090.86,21,64,124
1090.94,21,64,124
1100.08,21,64,124
1100.23,21,64,124
1100.31,21,64,124
1100.39,21,64,124
1100.47,21,64,124
1100.63,21,64,124
1100.71,21,64,124
1100.79,21,64,124
1100.87,21,64,124
1110.06,21,64,124
1110.14,21,64,124
1110.30,21,64,124
1110.38,21,64,124
1110.46,21,64,124
1110.54,21,64,124
1110.61,21,64,124
1110.69,21,64,124
1110.85,21,64,124
1110.93,21,64,124
1120.02,21,64,124
1120.10,21,64,124
1120.25,21,64,124
1120.33,21,64,124
1120.41,21,64,124
1120.49,21,64,124
1120.64,21,64,124
1120.72,21,64,124
1120.80,21,64,124
1120.88,21,64,124
1120.96,21,64,124
1130.02,21,64,124
1130.10,21,64,124
1130.17,21,64,124
1130.25,21,64,124
1130.33,21,64,124
1130.49,21,64,124
1130.57,21,64,124
1130.65,21,64,124
1130.73,21,64,124
1130.88,21,64,124
1130.96,21,64,124
1140.03,20,64,125
1140.10,20,64,125
1140.26,20,64,125
1140.34,20,64,125
1140.42,20,64,125
1140.50,20,64,125
1140.57,20,64,125
1140.65,20,64,125
1140.81,20,64,125
1140.89,20,64,125
1140.97,20,64,125
1150.12,19,64,126
1150.20,19,64,126
1150.27,19,64,126
1150.35,19,64,126
1150.51,19,64,126
1150.59,19,64,126
1150.66,19,64,126
1150.74,19,64,126
1150.82,19,64,126
1150.90,19,64,126
1160.04,18,64,127
1160.12,18,64,127
1160.20,18,64,127
1160.35,18,64,127
1160.43,18,64,127
1160.51,18,64,127
1160.59,18,64,127
1160.75,18,64,127
1160.83,18,64,127
1160.90,18,64,127
1160.98,18,64,127
1170.01,18,64,127
1170.14,18,64,127
1170.23,18,64,127
1170.31,18,64,127
1170.39,18,64,127
1170.48,18,64,127
1170.64,18,64,127
1170.73,18,64,127
1170.83,18,64,127
1170.93,18,64,127
1171.01,18,64,127
1180.06,6,64,139
1180.13,6,64,139
1180.21,6,64,139
1180.37,6,64,139
1180.45,6,64,139
1180.53,6,64,139
1180.61,6,64,139
1180.72,6,64,139
1180.79,6,64,139
1180.87,6,64,139
1190.07,5,64,140
1190.23,5,64,140
1190.31,5,64,140
1190.39,5,64,140
1190.46,5,64,140
1190.54,5,64,140
1190.70,5,64,140
1190.78,5,64,140
1190.86,5,64,140
1190.93,5,64,140
1200.03,18,67,141
1200.11,18,67,141
1200.20,18,67,141
1200.28,18,67,141
1200.36,18,67,141
1200.44,18,67,141
1200.60,18,67,141
1200.68,18,67,141
1200.76,18,67,141
1200.91,18,67,141
1200.99,18,67,141
1210.05,20,69,141
1210.20,20,69,141
1210.28,20,69,141
1210.36,20,69,141
1210.44,20,69,141
1210.52,20,69,141
1210.60,20,69,141
1210.76,20,69,141
1210.83,20,69,141
1210.91,20,69,141
1210.99,20,69,141
1220.08,24,73,141
1220.16,24,73,141
1220.24,24,73,141
1220.40,24,73,141
1220.47,24,73,141
1220.63,24,73,141
1220.71,24,73,141
1220.79,24,73,141
1220.87,24,73,141
1220.95,24,73,141
1230.06,24,73,141
1230.14,24,73,141
1230.22,24,73,141
1230.37,24,73,141
1230.45,24,73,141
1230.53,24,73,141
1230.61,24,73,141
1230.69,24,73,141
1230.84,24,73,141
1230.92,24,73,141
1231.00,24,73,141
1240.08,24,73,141
1240.23,24,73,141
1240.31,24,73,141
1240.39,24,73,141
1240.47,24,73,141
1240.55,24,73,141
1240.71,24,73,141
1240.79,24,73,141
1240.87,24,73,141
1250.02,24,73,141
1250.10,24,73,141
1250.26,24,73,141
1250.34,24,73,141
1250.50,24,73,141
1250.57,24,73,141
1250.65,24,73,141
1250.73,24,73,141
1250.81,24,73,141
1250.97,24,73,141
1260.06,21,73,144
1260.22,21,73,144
1260.30,21,73,144
1260.38,21,73,144
1260.46,21,73,144
1260.61,21,73,144
1260.69,21,73,144
1260.77,21,73,144
1260.85,21,73,144
1270.08,21,73,144
1270.16,21,73,144
1270.24,21,73,144
1270.32,21,73,144
1270.40,21,73,144
1270.56,21,73,144
1270.64,21,73,144
1270.80,21,73,144
1270.87,21,73,144
1270.95,21,73,144
1280.06,21,73,144
1280.23,21,73,144
1280.31,21,73,144
1280.39,21,73,144
1280.47,21,73,144
1280.63,21,73,144
1280.70,21,73,144
1280.78,21,73,144
1280.86,21,73,144
1280.94,21,73,144
1290.05,20,73,145
1290.13,20,73,145
1290.21,20,73,145
1290.28,20,73,145
1290.44,20,73,145
1290.52,20,73,145
1290.60,20,73,145
1290.68,20,73,145
1290.76,20,73,145
1290.91,20,73,145
1290.99,20,73,145
1300.07,20,73,145
1300.15,20,73,145
1300.23,20,73,145
1300.38,20,73,145
1300.46,20,73,145
1300.54,20,73,145
1300.62,20,73,145
1300.70,20,73,145
1300.86,20,73,145
1300.94,20,73,145
1310.13,20,73,145
1310.21,20,73,145
1310.29,20,73,145
1310.45,20,73,145
1310.52,20,73,145
1310.60,20,73,145
1310.68,20,73,145
1310.76,20,73,145
1310.92,20,73,145
1311.00,20,73,145
1320.05,6,73,159
1320.13,6,73,159
1320.29,6,73,159
1320.37,6,73,159
1320.45,6,73,159
1320.52,6,73,159
1320.60,6,73,159
1320.68,6,73,159
1320.84,6,73,159
1320.92,6,73,159
1330.07,15,73,161
1330.15,15,73,161
1330.23,15,73,161
1330.31,15,73,161
1330.39,15,73,161
1330.54,15,73,161
1330.62,16,74,161
1330.70,16,74,161
1330.78,16,74,161
1330.86,16,74,161
1340.12,17,77,163
1340.20,17,77,163
1340.27,17,77,163
1340.35,17,77,163
1340.43,17,77,163
1340.59,17,77,163
1340.66,17,77,163
1340.74,17,77,163
1340.82,17,77,163
1340.90,17,77,163
1350.02,21,81,163
1350.10,21,81,163
1350.26,21,81,163
1350.34,21,81,163
1350.42,21,81,163
1350.58,21,81,163
1350.66,21,81,163
1350.73,21,81,163
1350.81,21,81,163
1350.89,21,81,163
1360.05,22,82,163
1360.21,22,82,163
1360.29,22,82,163
1360.37,22,82,163
1360.45,22,82,163
1360.61,22,82,163
1360.68,22,82,163
1360.76,22,82,163
1360.84,22,82,163
1361.00,22,82,163
1370.02,22,82,163
1370.18,22,82,163
1370.29,22,82,163
1370.37,22,82,163
1370.45,22,82,163
1370.52,22,82,163
1370.60,22,82,163
1370.68,22,82,163
1370.84,22,82,163
1370.92,22,82,163
1371.00,22,82,163
1380.08,22,82,163
1380.16,22,82,163
1380.32,22,82,163
1380.40,22,82,163
1380.48,22,82,163
1380.55,22,82,163
1380.63,22,82,163
1380.81,22,82,163
1380.88,22,82,163
1380.96,22,82,163
1390.03,22,82,163
1390.11,22,82,163
1390.26,22,82,163
1390.34,22,82,163
1390.42,22,82,163
1390.58,22,82,163
1390.66,22,82,163
1390.74,22,82,163
1390.82,22,82,163
1390.90,22,82,163
1400.14,21,82,164
1400.22,21,82,164
1400.30,21,82,164
1400.38,21,82,164
1400.54,21,82,164
1400.61,21,82,164
1400.69,21,82,164
1400.77,21,82,164
1400.85,21,82,164
1410.09,21,82,164
1410.17,21,82,164
1410.25,21,82,164
1410.33,21,82,164
1410.41,21,82,164
1410.56,21,82,164
1410.64,21,82,164
1410.80,21,82,164
1410.88,21,82,164
1410.96,21,82,164
1420.05,20,82,165
1420.13,20,82,165
1420.20,20,82,165
1420.28,20,82,165
1420.36,20,82,165
1420.52,20,82,165
1420.60,20,82,165
1420.67,20,82,165
1420.83,20,82,165
1420.91,20,82,165
1420.99,20,82,165
1430.07,20,82,165
1430.23,20,82,165
1430.31,20,82,165
1430.39,20,82,165
1430.46,20,82,165
1430.54,20,82,165
1430.62,20,82,165
1430.78,20,82,165
1430.86,20,82,165
1430.93,20,82,165
1440.02,20,82,165
1440.10,20,82,165
1440.26,20,82,165
1440.33,20,82,165
1440.41,20,82,165
1440.49,20,82,165
1440.65,20,82,165
1440.72,20,82,165
1440.80,20,82,165
1440.88,20,82,165
1440.96,20,82,165
1450.12,6,82,179
1450.20,6,82,179
1450.28,6,82,179
1450.36,6,82,179
1450.43,6,82,179
1450.59,5,82,180
1450.67,5,82,180
1450.75,5,82,180
1450.90,5,82,180
1450.98,5,82,180
1460.15,15,82,181
1460.23,15,82,181
1460.31,16,83,181
1460.39,17,84,181
1460.46,17,84,181
1460.62,17,84,181
1460.70,17,84,181
1460.78,17,84,181
1460.94,17,84,181
1470.02,18,87,183
1470.10,18,87,183
1470.18,18,87,183
1470.26,18,87,183
1470.42,18,87,183
1470.50,18,87,183
1470.58,18,87,183
1470.65,18,87,183
1470.73,18,87,183
1470.89,18,87,183
1470.97,18,87,183
1480.15,20,89,183
1480.22,20,89,183
1480.30,20,89,183
1480.38,20,89,183
1480.54,20,89,183
1480.62,20,89,183
1480.70,20,89,183
1480.86,20,89,183
1480.93,20,89,183
1490.10,20,89,183
1490.18,20,89,183
1490.26,20,89,183
1490.34,20,89,183
1490.42,20,89,183
1490.57,20,89,183
1490.65,20,89,183
1490.81,20,89,183
1490.89,20,89,183
1490.97,20,89,183
1500.07,21,90,183
1500.15,21,90,183
1500.23,21,90,183
1500.38,21,90,183
1500.48,21,90,183
1500.57,21,90,183
1500.67,21,90,183
1500.76,21,90,183
1500.86,21,90,183
1500.97,21,90,183
1510.06,21,90,183
1510.22,21,90,183
1510.30,21,90,183
1510.38,21,90,183
1510.45,21,90,183
1510.61,21,90,183
1510.69,21,90,183
1510.77,21,90,183
1510.85,21,90,183
1510.93,21,90,183
1520.02,21,90,183
1520.10,21,90,183
1520.26,21,90,183
1520.33,21,90,183
1520.41,21,90,183
1520.49,21,90,183
1520.66,21,90,183
1520.74,21,90,183
1520.82,21,90,183
1520.90,21,90,183
1530.13,21,90,183
1530.22,21,90,183
1530.30,21,90,183
1530.38,21,90,183
1530.46,21,90,183
1530.54,21,90,183
1530.62,21,90,183
1530.78,21,90,183
1530.93,21,90,183
1540.01,21,90,183
1540.09,21,90,183
1540.16,20,90,184
1540.24,20,90,184
1540.32,20,90,184
1540.49,20,90,184
1540.57,20,90,184
1540.65,20,90,184
1540.73,20,90,184
1540.89,20,90,184
1540.96,20,90,184
1550.08,19,90,185
1550.24,19,90,185
1550.32,19,90,185
1550.40,19,90,185
1550.48,19,90,185
1550.56,19,90,185
1550.71,19,90,185
1550.81,19,90,185
1550.89,19,90,185
1550.97,19,90,185
1560.03,19,90,185
1560.11,19,90,185
1560.28,19,90,185
1560.36,19,90,185
1560.44,19,90,185
1560.52,19,90,185
1560.60,19,90,185
1560.75,19,90,185
1560.83,19,90,185
1560.91,19,90,185
1560.99,19,90,185
1570.13,19,90,185
1570.21,19,90,185
1570.29,19,90,185
1570.37,19,90,185
1570.45,19,90,185
1570.64,19,90,185
1570.71,19,90,185
1570.79,19,90,185
1570.87,19,90,185
1570.97,19,90,185
1580.02,5,90,199
1580.18,5,90,199
1580.26,5,90,199
1580.34,5,90,199
1580.41,5,90,199
1580.57,5,90,199
1580.65,5,90,199
1580.73,5,90,199
1580.81,5,90,199
1580.97,5,90,199
1590.03,21,96,200
1590.10,21,96,200
1590.19,21,96,200
1590.28,21,96,200
1590.45,20,96,201
1590.53,20,96,201
1590.61,21,97,201
1590.69,21,97,201
1590.78,21,97,201
1590.86,21,97,201
1590.94,21,97,201
1600.05,23,99,201
1600.13,23,99,201
1600.28,23,99,201
1600.36,23,99,201
1600.44,23,99,201
1600.53,23,99,201
1600.69,23,99,201
1600.78,23,99,201
1600.86,23,99,201
1600.94,23,99,201
1610.08,23,99,201
1610.24,23,99,201
1610.32,23,99,201
1610.40,23,99,201
1610.48,23,99,201
1610.64,23,99,201
1610.73,23,99,201
1610.82,23,99,201
1610.92,23,99,201
1611.00,23,99,201
1620.05,23,99,201
1620.15,23,99,201
1620.23,23,99,201
1620.38,23,99,201
1620.48,23,99,201
1620.55,23,99,201
1620.63,23,99,201
1620.71,23,99,201
1620.81,23,99,201
1620.89,23,99,201
1630.06,23,99,201
1630.16,23,99,201
1630.24,23,99,201
1630.32,23,99,201
1630.40,23,99,201
1630.47,23,99,201
1630.63,23,99,201
1630.71,23,99,201
1630.79,23,99,201
1630.88,23,99,201
1630.98,23,99,201
1640.11,23,99,201
1640.19,23,99,201
1640.26,23,99,201
1640.34,23,99,201
1640.42,23,99,201
1640.50,23,99,201
1640.66,23,99,201
1640.73,23,99,201
1640.81,23,99,201
1640.97,23,99,201
1650.06,23,99,201
1650.14,23,99,201
1650.22,23,99,201
1650.30,23,99,201
1650.46,23,99,201
1650.54,23,99,201
1650.61,23,99,201
1650.69,23,99,201
1650.77,23,99,201
1650.85,23,99,201
1660.10,23,99,201
1660.18,23,99,201
1660.26,23,99,201
1660.34,23,99,201
1660.50,23,99,201
1660.58,23,99,201
1660.66,23,99,201
1660.73,23,99,201
1660.81,23,99,201
1660.97,23,99,201
1670.06,22,99,202
1670.14,22,99,202
1670.22,22,99,202
1670.39,22,99,202
1670.47,22,99,202
1670.55,22,99,202
1670.63,22,99,202
1670.72,22,99,202
1670.80,22,99,202
1670.87,22,99,202
1680.06,21,99,203
1680.14,21,99,203
1680.30,21,99,203
1680.38,21,99,203
1680.45,21,99,203
1680.53,21,99,203
1680.61,21,99,203
1680.77,21,99,203
1680.85,21,99,203
1680.93,21,99,203
1690.05,20,99,204
1690.13,20,99,204
1690.28,20,99,204
1690.36,20,99,204
1690.44,20,99,204
1690.52,20,99,204
1690.60,20,99,204
1690.76,20,99,204
1690.84,20,99,204
1690.92,20,99,204
1691.00,20,99,204
1700.07,20,99,204
1700.15,9,99,215
1700.31,9,99,215
1700.38,9,99,215
1700.46,9,99,215
1700.62,9,99,215
1700.70,8,99,216
1700.78,8,99,216
1700.86,8,99,216
1700.94,7,99,217
1710.04,17,102,221
1710.12,17,102,221
1710.20,17,102,221
1710.36,17,102,221
1710.44,17,102,221
1710.51,17,102,221
1710.67,17,102,221
1710.75,17,102,221
1710.83,17,102,221
1710.91,17,102,221
1710.99,17,102,221
1720.01,17,103,222
1720.09,17,103,222
1720.17,17,103,222
1720.32,17,103,222
1720.40,17,103,222
1720.48,17,103,222
1720.56,17,103,222
1720.72,17,103,222
1720.80,17,103,222
1720.88,17,103,222
1720.95,17,103,222
1730.04,17,103,222
1730.11,17,103,222
1730.27,17,103,222
1730.35,17,103,222
1730.43,17,103,222
1730.59,17,103,222
1730.66,17,103,222
1730.82,17,103,222
1730.90,17,103,222
1730.98,17,103,222
1740.03,18,104,222
1740.19,18,104,222
1740.27,18,104,222
1740.35,18,104,222
1740.42,18,104,222
1740.50,18,104,222
1740.66,18,104,222
1740.74,18,104,222
1740.90,18,104,222
1740.98,18,104,222
1750.05,19,105,222
1750.22,19,105,222
1750.31,19,105,222
1750.42,19,105,222
1750.50,19,105,222
1750.58,19,105,222
1750.66,19,105,222
1750.74,19,105,222
1750.90,19,105,222
1750.98,19,105,222
1760.05,19,105,222
1760.13,19,105,222
1760.21,19,105,222
1760.37,19,105,222
1760.45,19,105,222
1760.52,19,105,222
1760.68,19,105,222
1760.76,19,105,222
1760.84,19,105,222
1760.95,19,105,222
1770.02,19,105,222
1770.10,19,105,222
1770.18,19,105,222
1770.26,19,105,222
1770.42,19,105,222
1770.51,19,105,222
1770.59,19,105,222
1770.74,19,105,222
1770.82,19,105,222
1770.90,19,105,222
1770.98,19,105,222
1780.07,19,105,222
1780.15,19,105,222
1780.23,19,105,222
1780.31,19,105,222
1780.46,19,105,222
1780.54,19,105,222
1780.62,19,105,222
1780.70,19,105,222
1780.86,19,105,222
1780.94,19,105,222
1790.02,18,105,223
1790.10,18,105,223
1790.18,18,105,223
1790.26,18,105,223
1790.33,18,105,223
1790.41,18,105,223
1790.57,18,105,223
1790.65,18,105,223
1790.72,18,105,223
1790.80,18,105,223
1790.96,18,105,223
1800.14,17,105,224
1800.22,17,105,224
1800.30,17,105,224
1800.38,17,105,224
1800.49,17,105,224
1800.56,17,105,224
1800.64,17,105,224
1800.80,17,105,224
1800.88,17,105,224
1800.96,17,105,224
1810.02,17,105,224
1810.18,17,105,224
1810.26,17,105,224
1810.33,17,105,224
1810.49,17,105,224
1810.57,17,105,224
1810.65,17,105,224
1810.73,17,105,224
1810.81,17,105,224
1810.96,17,105,224
1820.15,17,105,224
1820.23,17,105,224
1820.30,17,105,224
1820.38,17,105,224
1820.46,9,105,232
1820.62,9,105,232
1820.70,9,105,232
1820.77,9,105,232
1820.93,9,105,232
1830.03,7,105,234
1830.19,7,105,234
1830.27,7,105,234
1830.35,7,105,234
1830.42,7,105,234
1830.58,7,105,234
1830.66,7,105,234
1830.74,7,105,234
1830.82,7,105,234
1830.97,7,105,234
1840.06,6,105,235
1840.14,6,105,235
1840.21,6,105,235
1840.29,6,105,235
1840.45,6,105,235
1840.53,6,105,235
1840.61,6,105,235
1840.69,6,105,235
1840.77,6,105,235
1840.92,6,105,235
1841.00,6,105,235
1850.08,6,105,235
1850.16,6,105,235
1850.24,6,105,235
1850.39,6,105,235
1850.47,6,105,235
1850.55,6,105,235
1850.63,6,105,235
1850.79,6,105,235
1850.86,6,105,235
1850.94,6,105,235
1860.04,5,105,236
1860.11,5,105,236
1860.19,5,105,236
1860.35,5,105,236
1860.43,5,105,236
1860.51,5,105,236
1860.58,5,105,236
1860.74,5,105,236
1860.82,5,105,236
1860.90,5,105,236
1860.98,5,105,236
1870.06,5,105,236
1870.21,5,105,236
1870.29,5,105,236
1870.37,5,105,236
1870.45,5,105,236
1870.53,5,105,236
1870.69,5,105,236
1870.76,5,105,236
1870.84,5,105,236
1870.92,5,105,236
1871.00,5,105,236
1880.03,5,105,236
1880.10,5,105,236
1880.26,5,105,236
1880.34,5,105,236
1880.42,5,105,236
1880.50,5,105,236
1880.58,5,105,236
1880.74,5,105,236
1880.81,5,105,236
1880.89,5,105,236
1890.01,5,105,236
1890.09,5,105,236
1890.17,5,105,236
1890.32,5,105,236
1890.40,5,105,236
1890.48,5,105,236
1890.56,5,105,236
1890.64,5,105,236
1890.72,5,105,236
1890.87,5,105,236
1890.95,5,105,236
1900.05,16,106,239
1900.13,16,106,239
1900.21,17,107,239
1900.36,17,107,239
1900.44,17,107,239
1900.52,17,107,239
1900.60,17,107,239
1900.76,17,107,239
1900.84,17,107,239
1900.92,17,107,239
1901.00,17,107,239
1910.01,23,114,240
1910.09,23,114,240
1910.17,23,114,240
1910.34,23,114,240
1910.42,23,114,240
1910.51,23,114,240
1910.59,23,114,240
1910.67,23,114,240
1910.76,23,114,240
1910.84,23,114,240
1920.10,25,116,240
1920.18,25,116,240
1920.27,25,116,240
1920.35,25,116,240
1920.44,25,116,240
1920.52,25,116,240
1920.62,25,116,240
1920.71,25,116,240
1920.79,25,116,240
1920.87,25,116,240
1930.08,25,116,240
1930.16,25,116,240
1930.25,25,116,240
1930.42,25,116,240
1930.50,25,116,240
1930.60,25,116,240
1930.71,25,116,240
1930.80,25,116,240
1930.90,25,116,240
1930.99,25,116,240
1940.05,24,116,241
1940.15,24,116,241
1940.24,24,116,241
1940.32,24,116,241
1940.42,24,116,241
1940.51,24,116,241
1940.60,24,116,241
1940.78,24,116,241
1940.87,24,116,241
1940.96,24,116,241
1950.06,24,116,241
1950.15,24,116,241
1950.25,24,116,241
1950.34,24,116,241
1950.42,24,116,241
1950.50,24,116,241
1950.60,24,116,241
1950.68,24,116,241
1950.77,24,116,241
1950.85,24,116,241
1960.08,24,116,241
1960.16,24,116,241
1960.32,24,116,241
1960.41,24,116,241
1960.49,24,116,241
1960.59,24,116,241
1960.66,24,116,241
1960.76,24,116,241
1960.85,24,116,241
1960.95,24,116,241
1970.14,24,116,241
1970.22,24,116,241
1970.31,24,116,241
1970.39,24,116,241
1970.49,24,116,241
1970.58,24,116,241
1970.68,24,116,241
1970.76,24,116,241
1970.93,24,116,241
1980.09,24,116,241
1980.19,24,116,241
1980.28,24,116,241
1980.38,24,116,241
1980.47,24,116,241
1980.56,24,116,241
1980.66,24,116,241
1980.75,24,116,241
1980.83,24,116,241
1980.93,24,116,241
1990.03,24,116,241
1990.11,24,116,241
1990.19,24,116,241
1990.36,24,116,241
1990.45,24,116,241
1990.55,24,116,241
1990.63,24,116,241
1990.72,24,116,241
1990.81,24,116,241
1990.91,24,116,241
1991.00,24,116,241
2000.08,24,116,241
2000.17,24,116,241
2000.26,24,116,241
2000.36,24,116,241
2000.45,24,116,241
2000.55,24,116,241
2000.64,24,116,241
2000.80,24,116,241
2000.89,24,116,241
2000.98,24,116,241
2010.04,24,116,241
2010.13,24,116,241
2010.21,24,116,241
2010.38,24,116,241
2010.48,24,116,241
2010.57,24,116,241
2010.65,24,116,241
2010.75,24,116,241
2010.83,24,116,241
2010.91,24,116,241
2011.00,24,116,241
2020.08,7,116,258
2020.17,7,116,258
2020.25,7,116,258
2020.42,6,116,259
2020.50,6,116,259
2020.58,6,116,259
2020.66,6,116,259
2020.82,5,116,260
2020.90,5,116,260
2020.98,5,116,260
2030.08,17,120,263
2030.17,17,120,263
2030.25,17,120,263
2030.35,17,120,263
2030.44,17,120,263
2030.54,17,120,263
2030.62,17,120,263
2030.69,18,121,263
2030.87,18,121,263
2030.95,18,121,263
2040.14,18,121,263
2040.23,18,121,263
2040.31,18,121,263
2040.39,18,121,263
2040.47,18,121,263
2040.56,18,121,263
2040.64,18,121,263
2040.72,18,121,263
2040.89,18,121,263
2040.99,18,121,263
2050.06,19,122,263
2050.14,19,122,263
2050.29,19,122,263
2050.37,19,122,263
2050.45,19,122,263
2050.53,19,122,263
2050.61,19,122,263
2050.76,19,122,263
2050.84,19,122,263
2050.92,19,122,263
2051.00,19,122,263
2060.08,20,123,263
2060.16,20,123,263
2060.32,20,123,263
2060.40,20,123,263
2060.48,20,123,263
2060.63,20,123,263
2060.71,20,123,263
2060.79,20,123,263
2060.87,20,123,263
2060.95,20,123,263
2070.03,20,123,263
2070.10,20,123,263
2070.26,20,123,263
2070.34,20,123,263
2070.42,20,123,263
2070.50,20,123,263
2070.66,20,123,263
2070.73,20,123,263
2070.89,20,123,263
2070.97,20,123,263
2080.03,20,123,263
2080.11,20,123,263
2080.19,20,123,263
2080.27,20,123,263
2080.43,20,123,263
2080.50,20,123,263
2080.58,20,123,263
2080.66,20,123,263
2080.74,20,123,263
2080.82,20,123,263
2080.98,20,123,263
2090.04,20,123,263
2090.12,20,123,263
2090.28,20,123,263
2090.36,20,123,263
2090.43,20,123,263
2090.59,20,123,263
2090.67,20,123,263
2090.75,20,123,263
2090.83,20,123,263
2090.91,20,123,263
2090.98,20,123,263
2100.08,20,123,263
2100.15,20,123,263
2100.31,20,123,263
2100.39,20,123,263
2100.47,20,123,263
2100.63,20,123,263
2100.70,20,123,263
2100.78,20,123,263
2100.86,20,123,263
2110.03,19,123,264
2110.19,19,123,264
2110.27,19,123,264
2110.35,19,123,264
2110.43,19,123,264
2110.58,19,123,264
2110.66,19,123,264
2110.74,19,123,264
2110.90,19,123,264
2110.98,19,123,264
2120.07,18,123,265
2120.14,18,123,265
2120.22,18,123,265
2120.30,18,123,265
2120.38,18,123,265
2120.54,18,123,265
2120.62,18,123,265
2120.70,18,123,265
2120.78,18,123,265
2120.86,18,123,265
2130.01,18,123,265
2130.09,18,123,265
2130.16,18,123,265
2130.24,18,123,265
2130.32,18,123,265
2130.48,18,123,265
2130.56,18,123,265
2130.64,18,123,265
2130.72,18,123,265
2130.87,18,123,265
2130.95,18,123,265
2140.05,8,123,275
2140.13,8,123,275
2140.20,8,123,275
2140.28,7,123,276
2140.44,7,123,276
2140.52,7,123,276
2140.60,7,123,276
2140.67,7,123,276
2140.83,7,123,276
2140.91,7,123,276
2140.99,7,123,276
2150.07,15,123,279
2150.14,15,123,279
2150.22,15,123,279
2150.38,15,123,279
2150.46,15,123,279
2150.54,15,123,279
2150.61,15,123,279
2150.77,15,123,279
2150.85,15,123,279
2150.93,15,123,279
2160.03,19,127,279
2160.10,19,127,279
2160.18,20,128,279
2160.34,20,128,279
2160.42,20,128,279
2160.49,20,128,279
2160.57,20,128,279
2160.73,20,128,279
2160.81,20,128,279
2160.89,20,128,279
2160.97,20,128,279
2170.11,22,130,279
2170.19,22,130,279
2170.27,22,130,279
2170.35,22,130,279
2170.51,22,130,279
2170.59,22,130,279
2170.67,22,130,279
2170.75,22,130,279
2170.83,22,130,279
2170.98,22,130,279
2180.06,23,131,279
2180.14,23,131,279
2180.21,23,131,279
2180.30,23,131,279
2180.45,23,131,279
2180.53,23,131,279
2180.61,23,131,279
2180.76,23,131,279
2180.84,23,131,279
2180.92,23,131,279
2181.00,23,131,279
2190.02,23,131,279
2190.10,23,131,279
2190.18,23,131,279
2190.26,23,131,279
2190.34,23,131,279
2190.50,23,131,279
2190.58,23,131,279
2190.65,23,131,279
2190.73,23,131,279
2190.81,23,131,279
2190.97,23,131,279
2200.07,23,131,279
2200.14,23,131,279
2200.22,23,131,279
2200.38,23,131,279
2200.46,23,131,279
2200.54,23,131,279
2200.62,23,131,279
2200.69,23,131,279
2200.77,23,131,279
2200.93,23,131,279
2210.08,23,131,279
2210.25,23,131,279
2210.32,23,131,279
2210.40,23,131,279
2210.48,23,131,279
2210.64,23,131,279
2210.72,23,131,279
2210.80,23,131,279
2210.88,23,131,279
2210.95,23,131,279
2220.08,22,131,280
2220.16,22,131,280
2220.24,22,131,280
2220.31,22,131,280
2220.47,22,131,280
2220.55,22,131,280
2220.63,22,131,280
2220.74,22,131,280
2220.82,22,131,280
2220.90,22,131,280
2230.15,21,131,281
2230.23,21,131,281
2230.30,21,131,281
2230.38,21,131,281
2230.46,21,131,281
2230.62,21,131,281
2230.70,21,131,281
2230.78,21,131,281
2230.86,21,131,281
2230.94,21,131,281
2240.03,21,131,281
2240.10,21,131,281
2240.26,21,131,281
2240.34,21,131,281
2240.42,21,131,281
2240.50,21,131,281
2240.65,21,131,281
2240.73,21,131,281
2240.81,21,131,281
2250.02,20,131,282
2250.10,20,131,282
2250.18,20,131,282
2250.34,20,131,282
2250.41,20,131,282
2250.49,20,131,282
2250.57,20,131,282
2250.73,20,131,282
2250.81,20,131,282
2250.89,20,131,282
2250.97,20,131,282
2260.05,19,131,283
2260.13,19,131,283
2260.21,19,131,283
2260.37,19,131,283
2260.45,19,131,283
2260.53,19,131,283
2260.60,19,131,283
2260.68,19,131,283
2260.84,19,131,283
2260.92,19,131,283
2261.00,19,131,283
2270.03,8,131,294
2270.11,8,131,294
2270.19,8,131,294
2270.35,8,131,294
2270.43,8,131,294
2270.51,8,131,294
2270.58,8,131,294
2270.66,8,131,294
2270.82,8,131,294
2270.90,8,131,294
2270.98,8,131,294
2280.11,5,131,297
2280.19,5,131,297
2280.27,5,131,297
2280.34,5,131,297
2280.42,5,131,297
2280.50,5,131,297
2280.66,5,131,297
2280.74,5,131,297
2280.82,5,131,297
2280.90,5,131,297
2280.97,5,131,297
2290.13,16,133,299
2290.21,16,133,299
2290.29,16,133,299
2290.36,17,134,299
2290.44,17,134,299
2290.60,17,134,299
2290.68,17,134,299
2290.76,17,134,299
2290.83,17,134,299
2290.99,17,134,299
2300.04,19,136,299
2300.20,19,136,299
2300.28,19,136,299
2300.36,19,136,299
2300.44,19,136,299
2300.51,19,136,299
2300.67,19,136,299
2300.75,19,136,299
2300.83,19,136,299
2300.91,19,136,299
2310.02,20,137,299
2310.10,20,137,299
2310.26,20,137,299
2310.33,20,137,299
2310.41,20,137,299
2310.49,20,137,299
2310.57,20,137,299
2310.72,20,137,299
2310.80,20,137,299
2310.88,20,137,299
2310.96,20,137,299
2320.05,21,138,299
2320.12,21,138,299
2320.28,21,138,299
2320.36,21,138,299
2320.44,21,138,299
2320.52,21,138,299
2320.68,21,138,299
2320.76,21,138,299
2320.84,21,138,299
2320.92,21,138,299
2321.00,21,138,299
2330.01,21,138,299
2330.17,21,138,299
2330.25,21,138,299
2330.32,21,138,299
2330.40,21,138,299
2330.56,21,138,299
2330.64,21,138,299
2330.72,21,138,299
2330.80,21,138,299
2330.88,21,138,299
2330.95,21,138,299
2340.06,21,138,299
2340.13,21,138,299
2340.29,21,138,299
2340.37,21,138,299
2340.45,21,138,299
2340.53,21,138,299
2340.69,21,138,299
2340.76,21,138,299
2340.84,21,138,299
2340.92,21,138,299
2350.01,20,138,300
2350.17,20,138,300
2350.25,20,138,300
2350.32,20,138,300
2350.40,20,138,300
2350.56,20,138,300
2350.64,20,138,300
2350.72,20,138,300
2350.80,20,138,300
2350.88,19,138,301
2360.11,19,138,301
2360.19,19,138,301
2360.27,19,138,301
2360.35,19,138,301
2360.51,19,138,301
2360.59,19,138,301
2360.67,19,138,301
2360.75,19,138,301
2360.82,19,138,301
2360.98,19,138,301
2370.16,18,138,302
2370.24,18,138,302
2370.31,18,138,302
2370.39,18,138,302
2370.47,18,138,302
2370.63,18,138,302
2370.71,18,138,302
2370.79,18,138,302
2370.94,18,138,302
2380.12,18,138,302
2380.20,18,138,302
2380.28,18,138,302
2380.36,18,138,302
2380.51,18,138,302
2380.59,18,138,302
2380.67,18,138,302
2380.75,18,138,302
2380.91,18,138,302
2380.99,18,138,302
2390.06,18,138,302
2390.14,18,138,302
2390.22,18,138,302
2390.37,18,138,302
2390.45,18,138,302
2390.53,18,138,302
2390.61,18,138,302
2390.69,18,138,302
2390.85,18,138,302
2390.92,18,138,302
2391.00,18,138,302
2400.08,8,138,312
2400.16,8,138,312
2400.24,8,138,312
2400.39,8,138,312
2400.47,8,138,312
2400.55,8,138,312
2400.63,8,138,312
2400.79,8,138,312
2400.87,8,138,312
2400.95,8,138,312
2410.04,15,138,316
2410.12,15,138,316
2410.23,15,138,316
2410.31,15,138,316
2410.47,15,138,316
2410.55,15,138,316
2410.63,15,138,316
2410.70,15,138,316
2410.78,15,138,316
2410.94,15,138,316
2420.01,19,142,316
2420.09,19,142,316
2420.17,19,142,316
2420.25,19,142,316
2420.41,19,142,316
2420.49,19,142,316
2420.57,19,142,316
2420.64,19,142,316
2420.75,19,142,316
2420.83,19,142,316
2420.99,19,142,316
2430.08,19,142,316
2430.23,19,142,316
2430.31,19,142,316
2430.39,19,142,316
2430.55,19,142,316
2430.63,19,142,316
2430.71,19,142,316
2430.79,19,142,316
2430.87,19,142,316
2440.12,22,145,316
2440.19,22,145,316
2440.27,22,145,316
2440.35,22,145,316
2440.51,22,145,316
2440.59,22,145,316
2440.67,22,145,316
2440.75,22,145,316
2440.91,22,145,316
2440.98,22,145,316
2450.07,23,146,316
2450.15,23,146,316
2450.23,23,146,316
2450.31,23,146,316
2450.46,23,146,316
2450.54,23,146,316
2450.62,23,146,316
2450.70,23,146,316
2450.86,23,146,316
2450.94,23,146,316
2460.05,23,146,316
2460.14,23,146,316
2460.22,23,146,316
2460.30,23,146,316
2460.38,23,146,316
2460.46,23,146,316
2460.61,23,146,316
2460.69,23,146,316
2460.77,23,146,316
2460.85,23,146,316
2470.09,23,146,316
2470.18,23,146,316
2470.26,23,146,316
2470.34,23,146,316
2470.50,23,146,316
2470.57,23,146,316
2470.65,23,146,316
2470.73,23,146,316
2470.81,23,146,316
2470.97,23,146,316
2480.13,22,146,317
2480.22,22,146,317
2480.30,22,146,317
2480.38,22,146,317
2480.54,22,146,317
2480.62,22,146,317
2480.70,22,146,317
2480.78,22,146,317
2480.85,22,146,317
2490.03,21,146,318
2490.11,21,146,318
2490.27,21,146,318
2490.36,21,146,318
2490.44,21,146,318
2490.52,21,146,318
2490.60,21,146,318
2490.75,21,146,318
2490.83,21,146,318
2490.91,21,146,318
2500.06,20,146,319
2500.14,20,146,319
2500.22,20,146,319
2500.31,20,146,319
2500.38,20,146,319
2500.54,20,146,319
2500.62,20,146,319
2500.70,20,146,319
2500.78,20,146,319
2500.86,20,146,319
2510.02,20,146,319
2510.10,20,146,319
2510.26,20,146,319
2510.35,20,146,319
2510.43,20,146,319
2510.59,20,146,319
2510.67,20,146,319
2510.75,20,146,319
2510.82,20,146,319
2510.90,20,146,319
2510.98,20,146,319
2520.07,19,146,320
2520.22,19,146,320
2520.31,19,146,320
2520.40,19,146,320
2520.48,19,146,320
2520.55,19,146,320
2520.71,19,146,320
2520.79,19,146,320
2520.87,19,146,320
2530.01,8,146,331
2530.09,8,146,331
2530.17,8,146,331
2530.24,8,146,331
2530.40,8,146,331
2530.48,8,146,331
2530.56,8,146,331
2530.64,8,146,331
2530.71,8,146,331
2530.87,8,146,331
2530.95,8,146,331
2540.01,5,146,334
2540.17,5,146,334
2540.25,5,146,334
2540.33,5,146,334
2540.41,5,146,334
2540.50,5,146,334
2540.58,5,146,334
2540.66,5,146,334
2540.82,5,146,334
2540.90,5,146,334
2540.98,5,146,334
2550.05,5,146,334
2550.13,5,146,334
2550.29,5,146,334
2550.37,5,146,334
2550.45,5,146,334
2550.56,5,146,334
2550.63,5,146,334
2550.79,5,146,334
2550.87,5,146,334
2550.95,5,146,334
2560.04,17,149,336
2560.12,17,149,336
2560.20,17,149,336
2560.28,17,149,336
2560.44,17,149,336
2560.52,17,149,336
2560.61,17,149,336
2560.69,17,149,336
2560.85,17,149,336
2560.93,17,149,336
2570.07,18,150,336
2570.15,18,150,336
2570.31,18,150,336
2570.39,18,150,336
2570.47,18,150,336
2570.55,18,150,336
2570.66,18,150,336
2570.73,18,150,336
2570.81,18,150,336
2570.97,18,150,336
2580.13,20,152,336
2580.21,20,152,336
2580.37,20,152,336
2580.45,20,152,336
2580.53,20,152,336
2580.61,20,152,336
2580.70,20,152,336
2580.78,20,152,336
2580.86,20,152,336
2590.05,21,153,336
2590.13,21,153,336
2590.29,21,153,336
2590.37,21,153,336
2590.53,21,153,336
2590.60,21,153,336
2590.70,21,153,336
2590.78,21,153,336
2590.85,21,153,336
2590.93,21,153,336
2600.02,21,153,336
2600.10,21,153,336
2600.26,21,153,336
2600.34,21,153,336
2600.42,21,153,336
2600.50,21,153,336
2600.58,21,153,336
2600.74,21,153,336
2600.82,21,153,336
2600.89,21,153,336
2610.07,20,153,337
2610.23,20,153,337
2610.31,20,153,337
2610.39,20,153,337
2610.46,20,153,337
2610.54,20,153,337
2610.70,20,153,337
2610.80,20,153,337
2610.87,20,153,337
2610.95,20,153,337
2620.03,20,153,337
2620.11,20,153,337
2620.19,20,153,337
2620.35,20,153,337
2620.43,20,153,337
2620.51,20,153,337
2620.62,20,153,337
2620.70,20,153,337
2620.77,20,153,337
2620.87,20,153,337
2630.07,20,153,337
2630.15,20,153,337
2630.23,20,153,337
2630.38,20,153,337
2630.46,20,153,337
2630.62,20,153,337
2630.70,20,153,337
2630.78,20,153,337
2630.86,20,153,337
2630.95,20,153,337
2640.05,18,153,339
2640.13,18,153,339
2640.21,18,153,339
2640.28,18,153,339
2640.44,18,153,339
2640.52,18,153,339
2640.60,18,153,339
2640.68,18,153,339
2640.84,18,153,339
2640.93,18,153,339
2650.09,18,153,339
2650.17,18,153,339
2650.25,18,153,339
2650.41,18,153,339
2650.49,18,153,339
2650.57,18,153,339
2650.64,18,153,339
2650.80,18,153,339
2650.88,18,153,339
2650.96,18,153,339
2660.03,18,153,339
2660.11,18,153,339
2660.19,18,153,339
2660.27,18,153,339
2660.43,18,153,339
2660.51,18,153,339
2660.66,18,153,339
2660.74,18,153,339
2660.82,18,153,339
2660.90,18,153,339
2660.98,18,153,339
2670.01,18,153,339
2670.09,18,153,339
2670.17,18,153,339
2670.25,18,153,339
2670.41,18,153,339
2670.48,18,153,339
2670.64,18,153,339
2670.72,18,153,339
2670.80,18,153,339
2670.88,18,153,339
2670.95,18,153,339
2680.06,5,153,352
2680.14,5,153,352
2680.22,5,153,352
2680.29,5,153,352
2680.45,5,153,352
2680.53,5,153,352
2680.61,5,153,352
2680.69,5,153,352
2680.85,5,153,352
2680.92,5,153,352
2681.00,5,153,352
2690.10,17,155,353
2690.18,17,155,353
2690.33,17,155,353
2690.41,17,155,353
2690.49,17,155,353
2690.57,17,155,353
2690.65,17,155,353
2690.81,17,155,353
2690.89,17,155,353
2690.96,17,155,353
2700.04,20,158,353
2700.11,20,158,353
2700.19,20,158,353
2700.35,20,158,353
2700.43,20,158,353
2700.58,20,158,353
2700.66,20,158,353
2700.74,20,158,353
2700.82,20,158,353
2700.90,20,158,353
2700.98,20,158,353
2710.06,21,159,353
2710.14,21,159,353
2710.29,21,159,353
2710.37,21,159,353
2710.45,21,159,353
2710.53,21,159,353
2710.69,21,159,353
2710.77,21,159,353
2710.93,21,159,353
2711.00,21,159,353
2720.03,22,160,353
2720.11,22,160,353
2720.26,22,160,353
2720.34,22,160,353
2720.42,22,160,353
2720.50,22,160,353
2720.58,22,160,353
2720.74,22,160,353
2720.81,22,160,353
2720.89,22,160,353
2730.08,22,160,353
2730.16,22,160,353
2730.32,22,160,353
2730.40,22,160,353
2730.47,22,160,353
2730.55,22,160,353
2730.63,22,160,353
2730.79,22,160,353
2730.87,22,160,353
2730.95,22,160,353
2740.07,22,160,353
2740.15,22,160,353
2740.22,22,160,353
2740.30,22,160,353
2740.46,22,160,353
2740.54,22,160,353
2740.62,22,160,353
2740.78,22,160,353
2740.85,22,160,353
2740.93,22,160,353
2750.07,21,160,354
2750.22,21,160,354
2750.30,21,160,354
2750.38,21,160,354
2750.46,21,160,354
2750.54,21,160,354
2750.69,21,160,354
2750.77,21,160,354
2750.85,21,160,354
2760.05,21,160,354
2760.13,21,160,354
2760.28,21,160,354
2760.36,21,160,354
2760.44,21,160,354
2760.52,21,160,354
2760.68,21,160,354
2760.76,21,160,354
2760.83,21,160,354
2760.99,21,160,354
2770.02,20,160,355
2770.18,20,160,355
2770.26,20,160,355
2770.34,20,160,355
2770.42,20,160,355
2770.58,20,160,355
2770.66,20,160,355
2770.74,20,160,355
2770.81,20,160,355
2770.97,20,160,355
2780.16,19,160,356
2780.24,19,160,356
2780.32,19,160,356
2780.39,19,160,356
2780.47,19,160,356
2780.55,19,160,356
2780.71,19,160,356
2780.79,19,160,356
2780.87,19,160,356
2780.95,19,160,356
2790.05,18,160,357
2790.21,18,160,357
2790.37,18,160,357
2790.45,18,160,357
2790.52,18,160,357
2790.68,18,160,357
2790.76,18,160,357
2790.92,18,160,357
2790.99,18,160,357
2800.07,18,160,357
2800.15,18,160,357
2800.23,18,160,357
2800.39,18,160,357
2800.46,18,160,357
2800.54,18,160,357
2800.62,18,160,357
2800.78,18,160,357
2800.86,18,160,357
2800.94,18,160,357
2810.03,6,160,369
2810.11,6,160,369
2810.19,6,160,369
2810.35,6,160,369
2810.43,6,160,369
2810.51,6,160,369
2810.58,6,160,369
2810.74,6,160,369
2810.82,6,160,369
2810.90,6,160,369
2810.98,6,160,369
2820.05,19,164,371
2820.13,19,164,371
2820.28,19,164,371
2820.36,19,164,371
2820.44,19,164,371
2820.55,19,164,371
2820.71,19,164,371
2820.79,19,164,371
2820.87,19,164,371
2820.94,19,164,371
2830.03,22,167,371
2830.11,22,167,371
2830.21,22,167,371
2830.28,22,167,371
2830.36,22,167,371
2830.52,22,167,371
2830.60,22,167,371
2830.68,22,167,371
2830.76,22,167,371
2830.92,22,167,371
2830.99,22,167,371
2840.08,23,168,371
2840.16,23,168,371
2840.24,23,168,371
2840.40,23,168,371
2840.48,23,168,371
2840.55,23,168,371
2840.63,23,168,371
2840.71,23,168,371
2840.87,23,168,371
2840.95,23,168,371
2850.05,23,168,371
2850.13,23,168,371
2850.21,23,168,371
2850.29,23,168,371
2850.44,23,168,371
2850.52,23,168,371
2850.60,23,168,371
2850.69,23,168,371
2850.85,23,168,371
2850.93,23,168,371
2860.01,24,169,371
2860.09,24,169,371
2860.17,24,169,371
2860.24,24,169,371
2860.34,24,169,371
2860.50,24,169,371
2860.58,24,169,371
2860.67,24,169,371
2860.77,24,169,371
2860.85,24,169,371
2860.92,24,169,371
2870.16,25,170,371
2870.24,25,170,371
2870.32,25,170,371
2870.39,25,170,371
2870.49,25,170,371
2870.58,25,170,371
2870.67,25,170,371
2870.75,25,170,371
2870.93,25,170,371
2880.07,23,170,373
2880.16,23,170,373
2880.24,23,170,373
2880.34,23,170,373
2880.42,23,170,373
2880.57,23,170,373
2880.65,23,170,373
2880.73,23,170,373
2880.81,23,170,373
2880.89,23,170,373
2890.07,23,170,373
2890.24,23,170,373
2890.32,23,170,373
2890.42,23,170,373
2890.50,23,170,373
2890.65,23,170,373
2890.73,23,170,373
2890.81,23,170,373
2890.89,23,170,373
2890.97,23,170,373
2900.12,22,170,374
2900.20,22,170,374
2900.29,22,170,374
2900.37,22,170,374
2900.45,22,170,374
2900.55,22,170,374
2900.63,22,170,374
2900.71,22,170,374
2900.88,22,170,374
2900.96,22,170,374
2910.15,22,170,374
2910.23,22,170,374
2910.30,22,170,374
2910.47,22,170,374
2910.56,22,170,374
2910.65,22,170,374
2910.75,22,170,374
2910.84,22,170,374
2910.92,22,170,374
2911.00,22,170,374
2920.07,21,170,375
2920.16,21,170,375
2920.32,21,170,375
2920.41,21,170,375
2920.49,21,170,375
2920.57,21,170,375
2920.66,21,170,375
2920.74,21,170,375
2920.83,21,170,375
2920.91,21,170,375
2930.02,21,170,375
2930.10,21,170,375
2930.18,21,170,375
2930.33,21,170,375
2930.41,21,170,375
2930.49,21,170,375
2930.65,21,170,375
2930.73,21,170,375
2930.81,21,170,375
2930.89,21,170,375
2930.98,21,170,375
2940.00,6,170,390
2940.08,6,170,390
2940.16,6,170,390
2940.24,6,170,390
2940.40,6,170,390
2940.48,6,170,390
2940.55,6,170,390
2940.63,6,170,390
2940.71,6,170,390
2940.87,6,170,390
2940.95,6,170,390
2950.15,16,172,393
2950.23,16,172,393
2950.30,16,172,393
2950.40,16,172,393
2950.56,16,172,393
2950.63,16,172,393
2950.71,16,172,393
2950.79,16,172,393
2950.89,17,173,393
2950.96,17,173,393
2960.05,21,178,394
2960.21,21,178,394
2960.29,21,178,394
2960.37,21,178,394
2960.46,21,178,394
2960.62,21,178,394
2960.71,21,178,394
2960.79,21,178,394
2960.87,21,178,394
2960.96,21,178,394
2970.08,21,178,394
2970.16,21,178,394
2970.26,21,178,394
2970.34,21,178,394
2970.42,21,178,394
2970.53,21,178,394
2970.62,21,178,394
2970.71,21,178,394
2970.82,21,178,394
2970.90,21,178,394
2970.98,21,178,394
2980.06,20,178,395
2980.23,20,178,395
2980.31,20,178,395
2980.39,20,178,395
2980.47,20,178,395
2980.56,20,178,395
2980.64,20,178,395
2980.74,20,178,395
2980.91,20,178,395
2980.99,20,178,395
2990.04,21,179,395
2990.12,21,179,395
2990.28,21,179,395
2990.36,21,179,395
2990.43,21,179,395
2990.51,21,179,395
2990.61,21,179,395
2990.68,21,179,395
2990.84,21,179,395
2990.94,21,179,395
3000.08,21,179,395
3000.18,21,179,395
3000.25,21,179,395
3000.33,21,179,395
3000.41,21,179,395
3000.51,21,179,395
3000.60,21,179,395
3000.69,21,179,395
3000.85,21,179,395
3000.95,21,179,395
3010.14,21,179,395
3010.22,21,179,395
3010.32,21,179,395
3010.39,21,179,395
3010.47,21,179,395
3010.57,21,179,395
3010.72,21,179,395
3010.80,21,179,395
3010.88,21,179,395
3010.98,21,179,395
3020.03,21,179,395
3020.13,21,179,395
3020.20,21,179,395
3020.38,21,179,395
3020.47,21,179,395
3020.55,21,179,395
3020.63,21,179,395
3020.72,21,179,395
3020.81,21,179,395
3020.89,21,179,395
3030.05,21,179,395
3030.14,21,179,395
3030.22,21,179,395
3030.31,21,179,395
3030.39,21,179,395
3030.47,21,179,395
3030.56,21,179,395
3030.64,21,179,395
3030.82,21,179,395
3030.90,21,179,395
3030.97,21,179,395
3040.13,21,179,395
3040.21,21,179,395
3040.30,21,179,395
3040.38,21,179,395
3040.46,21,179,395
3040.54,21,179,395
3040.62,21,179,395
3040.79,21,179,395
3040.87,21,179,395
3040.96,21,179,395
3050.02,21,179,395
3050.11,21,179,395
3050.19,21,179,395
3050.35,21,179,395
3050.43,21,179,395
3050.52,21,179,395
3050.60,21,179,395
3050.70,21,179,395
3050.77,21,179,395
3050.85,21,179,395
3060.01,21,179,395
3060.10,21,179,395
3060.18,21,179,395
3060.28,21,179,395
3060.35,21,179,395
3060.43,21,179,395
3060.59,21,179,395
3060.68,21,179,395
3060.76,21,179,395
3060.84,21,179,395
3060.92,21,179,395
3070.06,5,179,411
3070.14,5,179,411
3070.22,5,179,411
3070.30,5,179,411
3070.38,5,179,411
3070.46,5,179,411
3070.61,5,179,411
3070.69,5,179,411
3070.77,5,179,411
3070.93,5,179,411
3080.03,20,185,414
3080.12,20,185,414
3080.20,21,186,414
3080.30,21,186,414
3080.37,21,186,414
3080.45,21,186,414
3080.55,21,186,414
3080.63,21,186,414
3080.70,21,186,414
3080.88,21,186,414
3080.96,21,186,414
3090.06,22,187,414
3090.14,22,187,414
3090.22,22,187,414
3090.31,22,187,414
3090.39,22,187,414
3090.56,22,187,414
3090.64,22,187,414
3090.74,22,187,414
3090.82,22,187,414
3090.90,22,187,414
3090.99,22,187,414
3100.07,22,187,414
3100.15,22,187,414
3100.23,22,187,414
3100.33,22,187,414
3100.40,22,187,414
3100.56,22,187,414
3100.66,22,187,414
3100.77,22,187,414
3100.85,22,187,414
3100.94,22,187,414
3110.02,23,188,414
3110.12,23,188,414
3110.21,23,188,414
3110.31,23,188,414
3110.40,23,188,414
3110.48,23,188,414
3110.65,23,188,414
3110.73,23,188,414
3110.81,23,188,414
3110.90,23,188,414
3111.00,23,188,414
3120.06,24,189,414
3120.24,24,189,414
3120.33,24,189,414
3120.42,24,189,414
3120.52,24,189,414
3120.60,24,189,414
3120.69,24,189,414
3120.79,24,189,414
3120.87,24,189,414
3120.96,24,189,414
3130.06,24,189,414
3130.14,24,189,414
3130.24,24,189,414
3130.33,24,189,414
3130.42,24,189,414
3130.50,24,189,414
3130.58,24,189,414
3130.76,24,189,414
3130.85,24,189,414
3130.93,24,189,414
3140.02,24,189,414
3140.10,24,189,414
3140.19,24,189,414
3140.27,24,189,414
3140.37,24,189,414
3140.45,24,189,414
3140.62,24,189,414
3140.71,24,189,414
3140.81,24,189,414
3140.89,24,189,414
3140.97,24,189,414
3150.09,24,189,414
3150.19,24,189,414
3150.27,24,189,414
3150.36,24,189,414
3150.46,24,189,414
3150.54,24,189,414
3150.63,24,189,414
3150.71,24,189,414
3150.79,24,189,414
3150.96,24,189,414
3160.07,23,189,415
3160.17,23,189,415
3160.26,23,189,415
3160.36,23,189,415
3160.44,23,189,415
3160.61,23,189,415
3160.70,23,189,415
3160.80,23,189,415
3160.88,23,189,415
3160.97,23,189,415
3170.01,23,189,415
3170.10,23,189,415
3170.19,23,189,415
3170.35,23,189,415
3170.43,23,189,415
3170.52,23,189,415
3170.60,23,189,415
3170.78,23,189,415
3170.87,23,189,415
3170.97,23,189,415
3180.06,22,189,416
3180.14,22,189,416
3180.24,22,189,416
3180.33,22,189,416
3180.49,22,189,416
3180.56,22,189,416
3180.72,22,189,416
3180.80,22,189,416
3180.90,22,189,416
3180.99,22,189,416
3190.02,22,189,416
3190.19,22,189,416
3190.30,22,189,416
3190.38,22,189,416
3190.48,22,189,416
3190.57,22,189,416
3190.65,22,189,416
3190.74,22,189,416
3190.84,10,189,428
3190.92,10,189,428
3190.99,10,189,428
3200.08,19,194,435
3200.16,19,194,435
3200.33,19,194,435
3200.42,19,194,435
3200.50,19,194,435
3200.60,19,194,435
3200.69,19,194,435
3200.77,19,194,435
3200.85,19,194,435
3200.93,19,194,435
3210.03,20,196,436
3210.11,20,196,436
3210.20,20,196,436
3210.29,20,196,436
3210.47,20,196,436
3210.56,20,196,436
3210.64,20,196,436
3210.72,20,196,436
3210.80,20,196,436
3210.89,20,196,436
3220.13,20,196,436
3220.21,20,196,436
3220.30,20,196,436
3220.40,20,196,436
3220.48,20,196,436
3220.57,20,196,436
3220.67,20,196,436
3220.82,20,196,436
3220.90,20,196,436
3220.98,20,196,436
3230.08,21,197,436
3230.16,21,197,436
3230.25,21,197,436
3230.35,21,197,436
3230.42,21,197,436
3230.50,21,197,436
3230.66,21,197,436
3230.76,21,197,436
3230.85,21,197,436
3230.93,21,197,436
3240.11,21,197,436
3240.20,21,197,436
3240.29,21,197,436
3240.39,21,197,436
3240.47,21,197,436
3240.56,21,197,436
3240.64,21,197,436
3240.74,21,197,436
3240.91,21,197,436
3241.00,21,197,436
3250.06,21,197,436
3250.16,21,197,436
3250.25,21,197,436
3250.33,21,197,436
3250.41,21,197,436
3250.58,21,197,436
3250.67,21,197,436
3250.75,21,197,436
3250.83,21,197,436
3250.93,21,197,436
3260.01,21,197,436
3260.09,21,197,436
3260.19,21,197,436
3260.28,21,197,436
3260.36,21,197,436
3260.53,21,197,436
3260.61,21,197,436
3260.71,21,197,436
3260.80,21,197,436
3260.89,21,197,436
3260.97,21,197,436
3270.05,21,197,436
3270.13,21,197,436
3270.22,21,197,436
3270.39,21,197,436
3270.49,21,197,436
3270.58,21,197,436
3270.67,21,197,436
3270.75,21,197,436
3270.85,21,197,436
3270.94,21,197,436
3280.02,21,197,436
3280.10,21,197,436
3280.19,21,197,436
3280.35,21,197,436
3280.43,21,197,436
3280.52,21,197,436
3280.60,21,197,436
3280.69,21,197,436
3280.77,21,197,436
3280.87,21,197,436
3280.95,21,197,436
3290.09,21,197,436
3290.17,21,197,436
3290.26,21,197,436
3290.34,21,197,436
3290.43,21,197,436
3290.53,21,197,436
3290.68,21,197,436
3290.78,21,197,436
3290.87,21,197,436
3290.97,21,197,436
3300.14,20,197,437
3300.22,20,197,437
3300.31,20,197,437
3300.41,20,197,437
3300.49,20,197,437
3300.56,20,197,437
3300.66,20,197,437
3300.75,20,197,437
3300.85,20,197,437
3310.06,19,197,438
3310.14,19,197,438
3310.29,19,197,438
3310.37,19,197,438
3310.45,19,197,438
3310.55,19,197,438
3310.64,19,197,438
3310.72,19,197,438
3310.80,19,197,438
3310.97,19,197,438
3320.06,16,198,453
3320.13,16,198,453
3320.23,17,199,453
3320.31,17,199,453
3320.48,17,199,453
3320.56,17,199,453
3320.64,17,199,453
3320.72,17,199,453
3320.81,17,199,453
3320.89,17,199,453
3320.97,17,199,453
3330.01,18,201,454
3330.09,18,201,454
3330.17,18,201,454
3330.33,18,201,454
3330.41,18,201,454
3330.50,18,201,454
3330.58,18,201,454
3330.66,18,201,454
3330.75,18,201,454
3330.85,18,201,454
3330.93,18,201,454
3340.02,21,204,454
3340.11,21,204,454
3340.20,21,204,454
3340.30,21,204,454
3340.39,21,204,454
3340.49,21,204,454
3340.58,21,204,454
3340.68,21,204,454
3340.76,21,204,454
3340.85,21,204,454
3340.95,21,204,454
3350.01,22,205,454
3350.10,22,205,454
3350.20,22,205,454
3350.29,22,205,454
3350.39,22,205,454
3350.48,22,205,454
3350.57,22,205,454
3350.67,22,205,454
3350.76,22,205,454
3350.94,22,205,454
3360.09,22,205,454
3360.19,22,205,454
3360.28,22,205,454
3360.37,22,205,454
3360.47,22,205,454
3360.56,22,205,454
3360.66,22,205,454
3360.75,22,205,454
3360.83,22,205,454
3360.92,22,205,454
3361.00,22,205,454
3370.06,22,205,454
3370.15,22,205,454
3370.23,22,205,454
3370.32,22,205,454
3370.42,22,205,454
3370.51,22,205,454
3370.61,22,205,454
3370.72,22,205,454
3370.81,22,205,454
3370.91,22,205,454
3371.00,22,205,454
3380.05,22,205,454
3380.15,22,205,454
3380.24,22,205,454
3380.34,22,205,454
3380.43,22,205,454
3380.52,22,205,454
3380.70,22,205,454
3380.79,22,205,454
3380.89,22,205,454
3380.98,22,205,454
3390.06,22,205,454
3390.15,22,205,454
3390.25,22,205,454
3390.34,22,205,454
3390.43,22,205,454
3390.53,22,205,454
3390.62,22,205,454
3390.72,22,205,454
3390.81,22,205,454
3390.91,22,205,454
3391.00,22,205,454
3400.07,21,205,455
3400.17,21,205,455
3400.26,21,205,455
3400.36,21,205,455
3400.45,21,205,455
3400.54,21,205,455
3400.64,21,205,455
3400.73,21,205,455
3400.83,21,205,455
3400.92,21,205,455
3410.06,20,205,456
3410.16,20,205,456
3410.25,20,205,456
3410.35,20,205,456
3410.43,20,205,456
3410.52,20,205,456
3410.61,20,205,456
3410.69,20,205,456
3410.79,20,205,456
3410.88,20,205,456
3410.98,20,205,456
3420.06,19,205,457
3420.16,19,205,457
3420.24,19,205,457
3420.41,19,205,457
3420.51,19,205,457
3420.60,19,205,457
3420.70,19,205,457
3420.79,19,205,457
3420.89,19,205,457
3420.98,19,205,457
3430.05,19,205,457
3430.14,19,205,457
3430.24,19,205,457
3430.33,19,205,457
3430.42,19,205,457
3430.52,19,205,457
3430.61,19,205,457
3430.71,19,205,457
3430.79,19,205,457
3430.88,19,205,457
3430.97,19,205,457
3440.06,6,205,470
3440.22,6,205,470
3440.30,6,205,470
3440.39,6,205,470
3440.47,6,205,470
3440.56,6,205,470
3440.72,6,205,470
3440.80,6,205,470
3440.90,6,205,470
3440.99,6,205,470
3450.08,17,207,472
3450.17,17,207,472
3450.27,17,207,472
3450.36,17,207,472
3450.45,17,207,472
3450.55,17,207,472
3450.64,17,207,472
3450.73,17,207,472
3450.83,17,207,472
3450.92,17,207,472
3460.09,20,211,473
3460.18,20,211,473
3460.28,20,211,473
3460.37,20,211,473
3460.47,20,211,473
3460.56,20,211,473
3460.66,20,211,473
3460.75,20,211,473
3460.84,20,211,473
3470.09,21,212,473
3470.18,21,212,473
3470.28,21,212,473
3470.37,21,212,473
3470.47,21,212,473
3470.56,21,212,473
3470.66,21,212,473
3470.75,21,212,473
3470.85,21,212,473
3470.94,21,212,473
3480.07,21,212,473
3480.17,21,212,473
3480.34,21,212,473
3480.44,21,212,473
3480.53,21,212,473
3480.62,21,212,473
3480.72,21,212,473
3480.81,21,212,473
3480.91,21,212,473
3481.00,21,212,473
3490.03,21,212,473
3490.14,21,212,473
3490.24,21,212,473
3490.33,21,212,473
3490.43,21,212,473
3490.52,21,212,473
3490.61,21,212,473
3490.71,21,212,473
3490.80,21,212,473
3490.90,21,212,473
3490.99,21,212,473
3500.07,21,212,473
3500.25,21,212,473
3500.34,21,212,473
3500.44,21,212,473
3500.53,21,212,473
3500.62,21,212,473
3500.72,21,212,473
3500.81,21,212,473
3500.91,21,212,473
3501.00,21,212,473
3510.09,21,212,473
3510.19,21,212,473
3510.28,21,212,473
3510.37,21,212,473
3510.47,21,212,473
3510.56,21,212,473
3510.66,21,212,473
3510.75,21,212,473
3510.85,21,212,473
3510.94,21,212,473
3520.07,20,212,474
3520.16,20,212,474
3520.26,20,212,474
3520.43,20,212,474
3520.53,20,212,474
3520.62,20,212,474
3520.72,20,212,474
3520.81,20,212,474
3520.91,20,212,474
3521.00,20,212,474
3530.09,20,212,474
3530.18,20,212,474
3530.28,20,212,474
3530.37,20,212,474
3530.47,20,212,474
3530.56,20,212,474
3530.65,20,212,474
3530.75,20,212,474
3530.84,20,212,474
3530.92,20,212,474
3540.02,19,212,475
3540.12,19,212,475
3540.21,19,212,475
3540.31,19,212,475
3540.40,19,212,475
3540.48,19,212,475
3540.58,19,212,475
3540.67,19,212,475
3540.77,19,212,475
3540.86,19,212,475
3540.95,19,212,475
3550.13,18,212,476
3550.22,18,212,476
3550.32,18,212,476
3550.40,18,212,476
3550.49,18,212,476
3550.58,18,212,476
3550.68,18,212,476
3550.77,18,212,476
3550.87,18,212,476
3550.96,18,212,476
3560.05,18,212,476
3560.15,18,212,476
3560.24,18,212,476
3560.32,18,212,476
3560.42,18,212,476
3560.51,18,212,476
3560.60,18,212,476
3560.70,18,212,476
3560.79,18,212,476
3560.89,18,212,476
3560.98,18,212,476
3570.08,7,212,487
3570.18,7,212,487
3570.26,7,212,487
3570.35,7,212,487
3570.43,7,212,487
3570.52,7,212,487
3570.69,7,212,487
3570.79,7,212,487
3570.87,7,212,487
3570.96,7,212,487
3580.06,16,213,490
3580.15,16,213,490
3580.25,16,213,490
3580.34,17,214,490
3580.44,17,214,490
3580.53,17,214,490
3580.63,17,214,490
3580.72,17,214,490
3580.81,17,214,490
3580.91,17,214,490
3581.00,17,214,490
3590.08,22,219,490
3590.17,22,219,490
3590.27,22,219,490
3590.36,22,219,490
3590.45,22,219,490
3590.55,22,219,490
3590.64,22,219,490
3590.74,22,219,490
3590.83,22,219,490
3590.92,22,219,490
3600.07,24,221,490
3600.16,24,221,490
3600.26,24,221,490
3600.35,24,221,490
3600.45,24,221,490
3600.54,24,221,490
3600.64,24,221,490
3600.73,24,221,490
3600.82,24,221,490
3600.92,24,221,490
3610.10,24,221,490
3610.20,24,221,490
3610.29,24,221,490
3610.39,24,221,490
3610.48,24,221,490
3610.57,24,221,490
3610.67,24,221,490
3610.76,24,221,490
3610.85,24,221,490
3610.95,24,221,490
3620.02,24,221,490
3620.12,24,221,490
3620.21,24,221,490
3620.31,24,221,490
3620.40,24,221,490
3620.49,24,221,490
3620.59,24,221,490
3620.68,24,221,490
3620.78,24,221,490
3620.87,24,221,490
3630.05,24,221,490
3630.22,24,221,490
3630.32,24,221,490
3630.40,24,221,490
3630.49,24,221,490
3630.59,24,221,490
3630.68,24,221,490
3630.77,24,221,490
3630.87,24,221,490
3630.96,24,221,490
3640.07,24,221,490
3640.16,24,221,490
3640.26,24,221,490
3640.35,24,221,490
3640.44,24,221,490
3640.54,24,221,490
3640.63,24,221,490
3640.73,24,221,490
3640.82,24,221,490
3640.91,24,221,490
3650.07,21,221,493
3650.17,21,221,493
3650.26,21,221,493
3650.36,21,221,493
3650.45,21,221,493
3650.55,21,221,493
3650.64,21,221,493
3650.74,21,221,493
3650.91,21,221,493
3651.00,21,221,493
3660.07,20,221,494
3660.16,20,221,494
3660.26,20,221,494
3660.35,20,221,494
3660.45,20,221,494
3660.54,20,221,494
3660.63,20,221,494
3660.75,20,221,494
3660.84,20,221,494
3660.93,20,221,494
3670.09,20,221,494
3670.18,20,221,494
3670.28,20,221,494
3670.37,20,221,494
3670.47,20,221,494
3670.56,20,221,494
3670.66,20,221,494
3670.75,20,221,494
3670.85,20,221,494
3670.94,20,221,494
3680.06,20,221,494
3680.15,20,221,494
3680.25,20,221,494
3680.34,20,221,494
3680.44,20,221,494
3680.53,20,221,494
3680.62,20,221,494
3680.72,20,221,494
3680.81,20,221,494
3680.91,20,221,494
3681.00,20,221,494
3690.01,20,221,494
3690.11,20,221,494
3690.20,20,221,494
3690.29,20,221,494
3690.39,20,221,494
3690.48,20,221,494
3690.58,20,221,494
3690.67,20,221,494
3690.77,20,221,494
3690.94,20,221,494
3700.07,7,221,507
3700.15,7,221,507
3700.23,7,221,507
3700.32,7,221,507
3700.40,7,221,507
3700.50,7,221,507
3700.67,7,221,507
3700.76,6,221,508
3700.86,6,221,508
3700.94,6,221,508
3710.01,17,224,511
3710.10,17,224,511
3710.20,17,224,511
3710.29,17,224,511
3710.39,17,224,511
3710.48,17,224,511
3710.57,17,224,511
3710.67,16,224,512
3710.76,16,224,512
3710.86,16,224,512
3710.95,16,224,512
3720.03,20,228,512
3720.12,20,228,512
3720.22,20,228,512
3720.31,20,228,512
3720.41,20,228,512
3720.58,20,228,512
3720.67,20,228,512
3720.77,20,228,512
3720.86,20,228,512
3720.96,20,228,512
3730.01,21,229,512
3730.11,21,229,512
3730.20,21,229,512
3730.30,21,229,512
3730.39,21,229,512
3730.48,21,229,512
3730.58,21,229,512
3730.67,21,229,512
3730.77,21,229,512
3730.86,21,229,512
3740.02,21,229,512
3740.19,21,229,512
3740.28,21,229,512
3740.38,21,229,512
3740.47,21,229,512
3740.57,21,229,512
3740.66,21,229,512
3740.76,21,229,512
3740.85,21,229,512
3740.95,21,229,512
3750.01,22,230,512
3750.10,22,230,512
3750.20,22,230,512
3750.29,22,230,512
3750.39,22,230,512
3750.48,22,230,512
3750.57,22,230,512
3750.67,22,230,512
3750.76,22,230,512
3750.86,22,230,512
3750.95,22,230,512
3760.06,22,230,512
3760.16,22,230,512
3760.25,22,230,512
3760.35,22,230,512
3760.44,22,230,512
3760.53,22,230,512
3760.63,22,230,512
3760.80,22,230,512
3760.90,22,230,512
3760.99,22,230,512
3770.10,22,230,512
3770.19,22,230,512
3770.28,22,230,512
3770.38,22,230,512
3770.47,22,230,512
3770.57,22,230,512
3770.66,22,230,512
3770.75,22,230,512
3770.85,22,230,512
3780.07,22,230,512
3780.16,22,230,512
3780.25,22,230,512
3780.35,22,230,512
3780.44,22,230,512
3780.54,22,230,512
3780.63,22,230,512
3780.72,22,230,512
3780.82,22,230,512
3780.91,22,230,512
3781.01,22,230,512
3790.01,21,230,513
3790.10,21,230,513
3790.20,21,230,513
3790.29,21,230,513
3790.47,21,230,513
3790.56,21,230,513
3790.66,21,230,513
3790.75,21,230,513
3790.85,21,230,513
3790.94,21,230,513
3800.06,20,230,514
3800.15,20,230,514
3800.24,20,230,514
3800.34,20,230,514
3800.43,20,230,514
3800.53,20,230,514
3800.62,20,230,514
3800.79,20,230,514
3800.89,20,230,514
3800.98,20,230,514
3810.02,20,230,514
3810.12,20,230,514
3810.21,20,230,514
3810.31,20,230,514
3810.40,20,230,514
3810.50,20,230,514
3810.59,20,230,514
3810.69,20,230,514
3810.78,20,230,514
3810.88,20,230,514
3810.97,20,230,514
3820.08,20,230,514
3820.18,20,230,514
3820.27,20,230,514
3820.36,20,230,514
3820.46,20,230,514
3820.55,20,230,514
3820.65,20,230,514
3820.74,20,230,514
3820.84,20,230,514
3820.93,20,230,514
3830.10,5,230,529
3830.19,5,230,529
3830.28,5,230,529
3830.38,5,230,529
3830.55,5,230,529
3830.64,5,230,529
3830.74,5,230,529
3830.83,5,230,529
3830.93,5,230,529
3840.10,17,234,532
3840.19,17,234,532
3840.29,17,234,532
3840.39,17,234,532
3840.48,17,234,532
3840.57,17,234,532
3840.67,17,234,532
3840.76,17,234,532
3840.86,17,234,532
3840.95,17,234,532
3850.15,20,237,532
3850.25,20,237,532
3850.34,20,237,532
3850.43,20,237,532
3850.53,20,237,532
3850.62,20,237,532
3850.72,20,237,532
3850.81,20,237,532
3850.91,20,237,532
3851.00,20,237,532
3860.03,20,237,532
3860.13,20,237,532
3860.22,20,237,532
3860.32,20,237,532
3860.49,20,237,532
3860.58,20,237,532
3860.68,20,237,532
3860.77,20,237,532
3860.86,20,237,532
3860.96,20,237,532
3870.04,21,238,532
3870.14,21,238,532
3870.23,21,238,532
3870.32,21,238,532
3870.42,21,238,532
3870.51,21,238,532
3870.62,21,238,532
3870.72,21,238,532
3870.81,21,238,532
3870.90,21,238,532
3871.00,21,238,532
3880.08,21,238,532
3880.17,21,238,532
3880.27,21,238,532
3880.36,21,238,532
3880.46,21,238,532
3880.55,21,238,532
3880.65,21,238,532
3880.74,21,238,532
3880.83,21,238,532
3880.93,21,238,532
3890.03,21,238,532
3890.12,21,238,532
3890.22,21,238,532
3890.31,21,238,532
3890.40,21,238,532
3890.50,21,238,532
3890.59,21,238,532
3890.69,21,238,532
3890.78,21,238,532
3890.90,21,238,532
3891.00,21,238,532
3900.01,21,238,532
3900.10,21,238,532
3900.20,21,238,532
3900.29,21,238,532
3900.39,21,238,532
3900.48,21,238,532
3900.57,21,238,532
3900.67,21,238,532
3900.76,21,238,532
3900.85,21,238,532
3900.95,21,238,532
3910.06,21,238,532
3910.15,21,238,532
3910.25,21,238,532
3910.34,21,238,532
3910.44,21,238,532
3910.53,21,238,532
3910.62,21,238,532
3910.72,21,238,532
3910.81,21,238,532
3910.91,21,238,532
3911.00,21,238,532
3920.08,20,238,533
3920.18,20,238,533
3920.27,20,238,533
3920.36,20,238,533
3920.46,20,238,533
3920.56,20,238,533
3920.66,20,238,533
3920.75,20,238,533
3920.85,20,238,533
3920.94,20,238,533
3930.01,20,238,533
3930.10,20,238,533
3930.20,20,238,533
3930.37,20,238,533
3930.46,20,238,533
3930.56,20,238,533
3930.65,20,238,533
3930.75,20,238,533
3930.84,20,238,533
3930.94,20,238,533
3940.04,19,238,534
3940.13,19,238,534
3940.23,19,238,534
3940.32,19,238,534
3940.49,19,238,534
3940.59,19,238,534
3940.68,19,238,534
3940.77,19,238,534
3940.87,19,238,534
3940.96,19,238,534
3950.05,19,238,534
3950.15,19,238,534
3950.24,19,238,534
3950.33,19,238,534
3950.43,19,238,534
3950.52,19,238,534
3950.62,19,238,534
3950.71,19,238,534
3950.80,19,238,534
3950.90,19,238,534
3951.00,19,238,534
3960.14,15,238,549
3960.24,15,238,549
3960.33,15,238,549
3960.43,15,238,549
3960.52,15,238,549
3960.61,15,238,549
3960.71,15,238,549
3960.80,15,238,549
3960.90,15,238,549
3960.99,15,238,549
3970.09,18,242,550
3970.20,18,242,550
3970.29,18,242,550
3970.46,18,242,550
3970.56,18,242,550
3970.65,18,242,550
3970.75,18,242,550
3970.84,18,242,550
3970.94,18,242,550
3980.02,21,245,550
3980.11,21,245,550
3980.21,21,245,550
3980.30,21,245,550
3980.40,21,245,550
3980.49,21,245,550
3980.58,21,245,550
3980.68,21,245,550
3980.77,21,245,550
3980.87,21,245,550
3980.96,21,245,550
3990.07,22,246,550
3990.16,22,246,550
3990.25,22,246,550
3990.35,22,246,550
3990.45,22,246,550
3990.54,22,246,550
3990.63,22,246,550
3990.73,22,246,550
3990.82,22,246,550
3990.91,22,246,550
4000.01,22,246,550
4000.10,22,246,550
4000.20,22,246,550
4000.29,22,246,550
4000.38,22,246,550
4000.48,22,246,550
4000.57,22,246,550
4000.67,22,246,550
4000.76,22,246,550
4000.85,22,246,550
4000.95,22,246,550
4010.09,22,246,550
4010.18,22,246,550
4010.28,22,246,550
4010.37,22,246,550
4010.46,22,246,550
4010.56,22,246,550
4010.65,22,246,550
4010.75,22,246,550
4010.92,22,246,550
4020.05,22,246,550
4020.14,22,246,550
4020.23,22,246,550
4020.33,22,246,550
4020.42,22,246,550
4020.52,22,246,550
4020.61,22,246,550
4020.71,22,246,550
4020.80,22,246,550
4020.89,22,246,550
4020.99,22,246,550
4030.01,21,246,551
4030.10,21,246,551
4030.19,21,246,551
4030.29,21,246,551
4030.38,21,246,551
4030.55,21,246,551
4030.65,21,246,551
4030.74,21,246,551
4030.84,21,246,551
4030.93,21,246,551
4040.05,20,246,552
4040.15,20,246,552
4040.24,20,246,552
4040.33,20,246,552
4040.43,20,246,552
4040.52,20,246,552
4040.62,20,246,552
4040.71,20,246,552
4040.88,20,246,552
4040.98,20,246,552
4050.10,20,246,552
4050.19,20,246,552
4050.28,20,246,552
4050.38,20,246,552
4050.47,20,246,552
4050.57,20,246,552
4050.66,20,246,552
4050.75,20,246,552
4050.85,20,246,552
4060.06,19,246,553
4060.15,19,246,553
4060.24,19,246,553
4060.34,19,246,553
4060.43,19,246,553
4060.53,19,246,553
4060.62,19,246,553
4060.71,19,246,553
4060.81,19,246,553
4060.90,19,246,553
4061.00,19,246,553
4070.01,19,246,553
4070.11,19,246,553
4070.20,19,246,553
4070.29,19,246,553
4070.39,19,246,553
4070.48,19,246,553
4070.58,19,246,553
4070.67,19,246,553
4070.77,19,246,553
4070.86,19,246,553
4070.96,19,246,553
4080.05,8,246,564
4080.15,8,246,564
4080.25,8,246,564
4080.34,8,246,564
4080.43,8,246,564
4080.61,8,246,564
4080.70,8,246,564
4080.80,8,246,564
4080.89,8,246,564
4080.99,8,246,564
4090.03,5,246,567
4090.12,5,246,567
4090.22,5,246,567
4090.31,5,246,567
4090.41,5,246,567
4090.50,5,246,567
4090.59,5,246,567
4090.69,5,246,567
4090.78,5,246,567
4090.88,5,246,567
4090.97,5,246,567
4100.01,17,249,569
4100.09,17,249,569
4100.18,17,249,569
4100.26,17,249,569
4100.34,17,249,569
4100.50,17,249,569
4100.58,17,249,569
4100.66,17,249,569
4100.74,17,249,569
4100.89,17,249,569
4100.97,17,249,569
4110.04,19,251,569
4110.11,19,251,569
4110.19,19,251,569
4110.27,19,251,569
4110.43,19,251,569
4110.51,19,251,569
4110.59,19,251,569
4110.76,19,251,569
4110.84,19,251,569
4110.92,19,251,569
4120.12,20,252,569
4120.20,20,252,569
4120.29,20,252,569
4120.37,20,252,569
4120.47,20,252,569
4120.55,20,252,569
4120.64,20,252,569
4120.72,20,252,569
4120.87,20,252,569
4120.95,20,252,569
4130.06,22,254,569
4130.14,22,254,569
4130.24,22,254,569
4130.32,22,254,569
4130.41,22,254,569
4130.49,22,254,569
4130.58,22,254,569
4130.67,22,254,569
4130.85,22,254,569
4130.93,22,254,569
4131.01,22,254,569
4140.07,22,254,569
4140.16,22,254,569
4140.32,22,254,569
4140.40,22,254,569
4140.49,22,254,569
4140.57,22,254,569
4140.65,22,254,569
4140.74,22,254,569
4140.82,22,254,569
4140.98,22,254,569
4150.06,22,254,569
4150.14,22,254,569
4150.22,22,254,569
4150.29,22,254,569
4150.37,22,254,569
4150.53,22,254,569
4150.61,22,254,569
4150.70,22,254,569
4150.78,22,254,569
4150.95,22,254,569
4160.06,21,254,570
4160.15,21,254,570
4160.31,21,254,570
4160.41,21,254,570
4160.48,21,254,570
4160.58,21,254,570
4160.67,21,254,570
4160.75,21,254,570
4160.85,21,254,570
4170.08,21,254,570
4170.16,21,254,570
4170.24,21,254,570
4170.31,21,254,570
4170.47,21,254,570
4170.55,21,254,570
4170.63,21,254,570
4170.74,21,254,570
4170.82,21,254,570
4170.91,21,254,570
4170.99,21,254,570
4180.07,20,254,571
4180.16,20,254,571
4180.24,20,254,571
4180.41,20,254,571
4180.49,20,254,571
4180.57,20,254,571
4180.73,20,254,571
4180.81,20,254,571
4180.89,20,254,571
4180.98,20,254,571
4190.04,19,254,572
4190.12,19,254,572
4190.21,19,254,572
4190.29,19,254,572
4190.46,19,254,572
4190.56,19,254,572
4190.65,19,254,572
4190.73,19,254,572
4190.81,19,254,572
4190.90,19,254,572
4190.98,19,254,572
4200.05,19,254,572
4200.13,19,254,572
4200.22,19,254,572
4200.32,19,254,572
4200.40,19,254,572
4200.49,19,254,572
4200.58,19,254,572
4200.66,19,254,572
4200.74,19,254,572
4200.90,19,254,572
4200.98,19,254,572
4210.15,7,254,584
4210.23,6,254,585
4210.31,6,254,585
4210.46,6,254,585
4210.54,6,254,585
4210.62,6,254,585
4210.70,6,254,585
4210.78,6,254,585
4210.94,6,254,585
4220.05,16,255,587
4220.13,16,255,587
4220.22,16,255,587
4220.30,16,255,587
4220.53,16,255,587
4220.63,16,255,587
4220.71,16,255,587
4220.79,16,255,587
4220.87,16,255,587
4220.96,16,255,587
4230.08,22,261,587
4230.16,22,261,587
4230.26,22,261,587
4230.35,22,261,587
4230.43,22,261,587
4230.52,22,261,587
4230.70,22,261,587
4230.78,22,261,587
4230.87,22,261,587
4230.95,22,261,587
4240.15,22,262,588
4240.24,22,262,588
4240.32,22,262,588
4240.40,22,262,588
4240.50,22,262,588
4240.59,22,262,588
4240.68,22,262,588
4240.78,22,262,588
4240.87,22,262,588
4250.05,22,262,588
4250.13,22,262,588
4250.30,22,262,588
4250.38,22,262,588
4250.47,22,262,588
4250.56,22,262,588
4250.64,22,262,588
4250.72,22,262,588
4250.82,22,262,588
4250.91,22,262,588
4250.99,22,262,588
4260.02,22,262,588
4260.09,22,262,588
4260.17,22,262,588
4260.27,22,262,588
4260.34,22,262,588
4260.50,22,262,588
4260.60,22,262,588
4260.69,22,262,588
4260.77,22,262,588
4260.86,22,262,588
4260.94,22,262,588
4270.10,22,262,588
4270.18,22,262,588
4270.27,22,262,588
4270.37,22,262,588
4270.45,22,262,588
4270.54,22,262,588
4270.62,22,262,588
4270.79,22,262,588
4270.89,22,262,588
4270.98,22,262,588
4280.05,22,262,588
4280.15,22,262,588
4280.23,22,262,588
4280.31,22,262,588
4280.40,22,262,588
4280.48,22,262,588
4280.56,22,262,588
4280.75,22,262,588
4280.83,22,262,588
4280.92,22,262,588
4281.00,22,262,588
4290.06,22,262,588
4290.16,22,262,588
4290.24,22,262,588
4290.41,22,262,588
4290.50,22,262,588
4290.58,22,262,588
4290.68,22,262,588
4290.76,22,262,588
4290.84,22,262,588
4290.93,22,262,588
4300.03,21,262,589
4300.12,21,262,589
4300.20,21,262,589
4300.30,21,262,589
4300.39,21,262,589
4300.54,21,262,589
4300.62,21,262,589
4300.72,21,262,589
4300.80,21,262,589
4300.89,21,262,589
4300.97,21,262,589
4310.08,21,262,589
4310.17,21,262,589
4310.27,21,262,589
4310.34,21,262,589
4310.42,21,262,589
4310.50,21,262,589
4310.60,21,262,589
4310.75,21,262,589
4310.83,21,262,589
4311.00,21,262,589
4320.02,20,262,590
4320.10,20,262,590
4320.20,20,262,590
4320.29,20,262,590
4320.39,20,262,590
4320.48,20,262,590
4320.64,20,262,590
4320.72,20,262,590
4320.81,19,262,591
4320.90,19,262,591
4320.98,19,262,591
4330.05,19,262,591
4330.15,19,262,591
4330.23,19,262,591
4330.32,19,262,591
4330.48,19,262,591
4330.57,19,262,591
4330.65,19,262,591
4330.73,19,262,591
4330.81,19,262,591
4330.98,19,262,591
4340.08,7,262,603
4340.16,6,262,604
4340.31,6,262,604
4340.39,6,262,604
4340.47,6,262,604
4340.63,6,262,604
4340.70,6,262,604
4340.78,6,262,604
4340.94,6,262,604
4350.05,20,268,607
4350.15,20,268,607
4350.24,20,268,607
4350.33,20,268,607
4350.41,20,268,607
4350.58,20,268,607
4350.66,20,268,607
4350.76,20,268,607
4350.85,20,268,607
4350.95,20,268,607
4360.08,22,270,607
4360.25,22,270,607
4360.33,22,270,607
4360.41,22,270,607
4360.51,22,270,607
4360.59,22,270,607
4360.66,22,270,607
4360.84,22,270,607
4360.92,22,270,607
4370.09,23,271,607
4370.18,23,271,607
4370.27,23,271,607
4370.37,23,271,607
4370.45,23,271,607
4370.53,23,271,607
4370.70,23,271,607
4370.79,23,271,607
4370.89,23,271,607
4370.98,23,271,607
4380.03,23,271,607
4380.12,23,271,607
4380.22,23,271,607
4380.31,23,271,607
4380.42,23,271,607
4380.52,23,271,607
4380.61,23,271,607
4380.71,23,271,607
4380.80,23,271,607
4380.89,23,271,607
4380.97,23,271,607
4390.05,23,271,607
4390.22,23,271,607
4390.30,23,271,607
4390.40,23,271,607
4390.49,23,271,607
4390.59,23,271,607
4390.68,23,271,607
4390.77,23,271,607
4390.87,23,271,607
4400.10,23,271,607
4400.19,23,271,607
4400.37,23,271,607
4400.46,23,271,607
4400.56,23,271,607
4400.65,23,271,607
4400.73,23,271,607
4400.82,23,271,607
4400.90,23,271,607
4401.00,23,271,607
4410.02,23,271,607
4410.11,23,271,607
4410.20,23,271,607
4410.28,23,271,607
4410.36,23,271,607
4410.46,23,271,607
4410.63,23,271,607
4410.72,23,271,607
4410.82,23,271,607
4410.90,23,271,607
4410.99,23,271,607
4420.07,21,271,609
4420.16,21,271,609
4420.26,21,271,609
4420.35,21,271,609
4420.44,21,271,609
4420.54,21,271,609
4420.62,21,271,609
4420.70,21,271,609
4420.79,21,271,609
4420.96,21,271,609
4430.13,21,271,609
4430.21,21,271,609
4430.30,21,271,609
4430.39,21,271,609
4430.47,21,271,609
4430.55,21,271,609
4430.65,21,271,609
4430.74,21,271,609
4430.84,21,271,609
4430.92,21,271,609
4440.14,20,271,610
4440.24,20,271,610
4440.32,20,271,610
4440.48,20,271,610
4440.57,20,271,610
4440.65,20,271,610
4440.74,20,271,610
4440.84,20,271,610
4440.92,20,271,610
4450.12,20,271,610
4450.20,20,271,610
4450.29,20,271,610
4450.39,20,271,610
4450.47,20,271,610
4450.56,20,271,610
4450.66,20,271,610
4450.81,20,271,610
4450.89,20,271,610
4450.99,20,271,610
4460.07,8,271,622
4460.14,8,271,622
4460.22,8,271,622
4460.30,8,271,622
4460.46,8,271,622
4460.54,8,271,622
4460.62,8,271,622
4460.69,8,271,622
4460.77,8,271,622
4460.93,8,271,622
4470.05,15,273,628
4470.20,15,273,628
4470.28,15,273,628
4470.36,15,273,628
4470.47,15,273,628
4470.55,15,273,628
4470.64,15,273,628
4470.74,15,273,628
4470.81,15,273,628
4470.99,15,273,628
4480.01,19,277,628
4480.10,19,277,628
4480.18,19,277,628
4480.36,19,277,628
4480.45,19,277,628
4480.53,19,277,628
4480.61,19,277,628
4480.70,19,277,628
4480.86,19,277,628
4480.96,19,277,628
4490.02,21,279,628
4490.12,21,279,628
4490.21,21,279,628
4490.30,21,279,628
4490.38,21,279,628
4490.48,21,279,628
4490.57,21,279,628
4490.67,21,279,628
4490.84,21,279,628
4490.94,21,279,628
4500.06,22,280,628
4500.15,22,280,628
4500.24,22,280,628
4500.32,22,280,628
4500.42,22,280,628
4500.50,22,280,628
4500.59,22,280,628
4500.67,22,280,628
4500.84,22,280,628
4500.94,22,280,628
4510.04,22,280,628
4510.21,22,280,628
4510.31,22,280,628
4510.39,22,280,628
4510.48,22,280,628
4510.56,22,280,628
4510.65,22,280,628
4510.73,22,280,628
4510.90,22,280,628
4510.98,22,280,628
4520.05,22,280,628
4520.15,22,280,628
4520.23,22,280,628
4520.31,22,280,628
4520.48,22,280,628
4520.57,22,280,628
4520.67,22,280,628
4520.76,22,280,628
4520.86,22,280,628
4520.95,22,280,628
4530.04,22,280,628
4530.13,22,280,628
4530.23,22,280,628
4530.32,22,280,628
4530.42,22,280,628
4530.51,22,280,628
4530.61,22,280,628
4530.70,22,280,628
4530.78,22,280,628
4530.87,22,280,628
4530.97,22,280,628
4540.10,22,280,628
4540.21,22,280,628
4540.31,22,280,628
4540.40,22,280,628
4540.50,22,280,628
4540.58,22,280,628
4540.67,22,280,628
4540.75,22,280,628
4540.84,22,280,628
4540.94,22,280,628
4550.02,22,280,628
4550.12,22,280,628
4550.21,22,280,628
4550.30,22,280,628
4550.38,22,280,628
4550.48,22,280,628
4550.59,22,280,628
4550.68,22,280,628
4550.77,22,280,628
4550.87,22,280,628
4550.95,22,280,628
4560.01,20,280,630
4560.11,20,280,630
4560.19,20,280,630
4560.30,20,280,630
4560.38,20,280,630
4560.55,20,280,630
4560.63,20,280,630
4560.72,20,280,630
4560.80,20,280,630
4560.97,20,280,630
4570.09,20,280,630
4570.19,20,280,630
4570.28,20,280,630
4570.37,20,280,630
4570.45,20,280,630
4570.62,20,280,630
4570.72,20,280,630
4570.81,20,280,630
4570.89,20,280,630
4570.97,20,280,630
4580.03,20,280,630
4580.20,20,280,630
4580.30,20,280,630
4580.39,20,280,630
4580.49,20,280,630
4580.57,20,280,630
4580.66,20,280,630
4580.74,20,280,630
4580.84,20,280,630
4580.93,20,280,630
4590.05,6,280,644
4590.21,6,280,644
4590.28,6,280,644
4590.46,6,280,644
4590.54,6,280,644
4590.61,6,280,644
4590.69,6,280,644
4590.79,6,280,644
4590.88,6,280,644
4590.96,6,280,644
4600.01,18,284,647
4600.10,18,284,647
4600.27,18,284,647
4600.35,18,284,647
4600.45,18,284,647
4600.53,18,284,647
4600.68,18,284,647
4600.78,18,284,647
4600.87,18,284,647
4600.95,18,284,647
4610.01,19,286,648
4610.10,19,286,648
4610.20,19,286,648
4610.29,19,286,648
4610.38,19,286,648
4610.47,19,286,648
4610.64,19,286,648
4610.72,19,286,648
4610.81,19,286,648
4610.90,19,286,648
4611.00,19,286,648
4620.01,20,287,648
4620.09,20,287,648
4620.26,20,287,648
4620.34,20,287,648
4620.43,20,287,648
4620.53,20,287,648
4620.62,20,287,648
4620.72,20,287,648
4620.80,20,287,648
4620.97,20,287,648
4630.01,21,288,648
4630.10,21,288,648
4630.20,21,288,648
4630.29,21,288,648
4630.38,21,288,648
4630.56,21,288,648
4630.66,21,288,648
4630.76,21,288,648
4630.85,21,288,648
4630.95,21,288,648
4640.04,21,288,648
4640.13,21,288,648
4640.23,21,288,648
4640.31,21,288,648
4640.48,21,288,648
4640.57,21,288,648
4640.68,21,288,648
4640.78,21,288,648
4640.87,21,288,648
4640.95,21,288,648
4650.01,21,288,648
4650.11,21,288,648
4650.20,21,288,648
4650.30,21,288,648
4650.46,21,288,648
4650.54,21,288,648
4650.63,21,288,648
4650.72,21,288,648
4650.82,21,288,648
4650.91,21,288,648
4650.99,21,288,648
4660.08,21,288,648
4660.17,21,288,648
4660.27,21,288,648
4660.36,21,288,648
4660.46,21,288,648
4660.55,21,288,648
4660.64,21,288,648
4660.73,21,288,648
4660.82,21,288,648
4660.91,21,288,648
4661.01,21,288,648
4670.15,20,288,649
4670.25,20,288,649
4670.34,20,288,649
4670.43,20,288,649
4670.53,20,288,649
4670.62,20,288,649
4670.72,20,288,649
4670.83,20,288,649
4670.91,20,288,649
4671.00,20,288,649
4680.01,20,288,649
4680.11,20,288,649
4680.20,20,288,649
4680.28,20,288,649
4680.37,20,288,649
4680.47,20,288,649
4680.56,20,288,649
4680.65,20,288,649
4680.75,20,288,649
4680.84,20,288,649
4680.92,20,288,649
4690.15,19,288,650
4690.24,19,288,650
4690.33,19,288,650
4690.43,19,288,650
4690.52,19,288,650
4690.62,19,288,650
4690.70,19,288,650
4690.79,19,288,650
4690.88,19,288,650
4700.03,19,288,650
4700.12,19,288,650
4700.21,19,288,650
4700.31,19,288,650
4700.47,19,288,650
4700.56,19,288,650
4700.64,19,288,650
4700.74,19,288,650
4700.83,19,288,650
4700.92,19,288,650
4710.16,19,288,650
4710.27,19,288,650
4710.35,19,288,650
4710.43,19,288,650
4710.52,19,288,650
4710.61,19,288,650
4710.71,19,288,650
4710.80,19,288,650
4710.89,19,288,650
4710.99,19,288,650
4720.05,6,288,663
4720.13,6,288,663
4720.30,6,288,663
4720.38,6,288,663
4720.46,6,288,663
4720.54,5,288,664
4720.62,5,288,664
4720.71,5,288,664
4720.81,5,288,664
4720.96,5,288,664
4730.09,18,291,665
4730.25,18,291,665
4730.34,18,291,665
4730.43,18,291,665
4730.51,18,291,665
4730.61,18,291,665
4730.70,18,291,665
4730.78,18,291,665
4730.87,18,291,665
4730.97,18,291,665
4740.01,19,293,666
4740.11,19,293,666
4740.20,19,293,666
4740.30,19,293,666
4740.39,19,293,666
4740.48,19,293,666
4740.58,19,293,666
4740.66,19,293,666
4740.74,19,293,666
4740.90,19,293,666
4740.99,19,293,666
4750.06,20,294,666
4750.15,20,294,666
4750.25,20,294,666
4750.34,20,294,666
4750.44,20,294,666
4750.53,20,294,666
4750.63,20,294,666
4750.72,20,294,666
4750.81,20,294,666
4750.89,20,294,666
4750.99,20,294,666
4760.07,20,294,666
4760.16,20,294,666
4760.24,20,294,666
4760.33,20,294,666
4760.51,20,294,666
4760.60,20,294,666
4760.70,20,294,666
4760.79,20,294,666
4760.89,20,294,666
4760.98,20,294,666
4770.10,21,295,666
4770.19,21,295,666
4770.37,21,295,666
4770.46,21,295,666
4770.56,21,295,666
4770.65,21,295,666
4770.75,21,295,666
4770.84,21,295,666
4770.94,21,295,666
4780.06,21,295,666
4780.16,21,295,666
4780.25,21,295,666
4780.34,21,295,666
4780.52,21,295,666
4780.61,21,295,666
4780.70,21,295,666
4780.80,21,295,666
4780.90,21,295,666
4780.99,21,295,666
4790.10,21,295,666
4790.19,21,295,666
4790.29,21,295,666
4790.38,21,295,666
4790.47,21,295,666
4790.57,21,295,666
4790.66,20,295,667
4790.76,20,295,667
4790.85,20,295,667
4790.95,20,295,667
4800.13,19,295,668
4800.23,19,295,668
4800.32,19,295,668
4800.42,19,295,668
4800.51,19,295,668
4800.61,19,295,668
4800.70,19,295,668
4800.79,19,295,668
4800.89,19,295,668
4800.97,19,295,668
4810.06,19,295,668
4810.16,19,295,668
4810.25,19,295,668
4810.34,19,295,668
4810.44,19,295,668
4810.53,19,295,668
4810.63,19,295,668
4810.72,19,295,668
4810.81,19,295,668
4810.91,19,295,668
4811.00,19,295,668
4820.06,19,295,668
4820.16,19,295,668
4820.25,19,295,668
4820.34,19,295,668
4820.43,19,295,668
4820.61,19,295,668
4820.70,19,295,668
4820.80,19,295,668
4820.89,19,295,668
4820.98,19,295,668
4830.08,18,295,669
4830.18,18,295,669
4830.27,18,295,669
4830.37,18,295,669
4830.46,18,295,669
4830.56,18,295,669
4830.65,18,295,669
4830.75,18,295,669
4830.84,18,295,669
4830.93,18,295,669
4840.05,18,295,669
4840.23,18,295,669
4840.32,18,295,669
4840.41,18,295,669
4840.51,18,295,669
4840.60,18,295,669
4840.70,18,295,669
4840.79,18,295,669
4840.89,18,295,669
4840.98,18,295,669
4850.09,6,295,681
4850.25,6,295,681
4850.33,6,295,681
4850.43,6,295,681
4850.52,6,295,681
4850.60,6,295,681
4850.77,6,295,681
4850.85,6,295,681
4850.95,6,295,681
4860.07,18,298,683
4860.16,18,298,683
4860.25,18,298,683
4860.35,18,298,683
4860.44,19,299,683
4860.54,19,299,683
4860.63,19,299,683
4860.72,19,299,683
4860.82,19,299,683
4860.91,19,299,683
4870.10,21,301,683
4870.19,21,301,683
4870.29,21,301,683
4870.38,21,301,683
4870.48,21,301,683
4870.57,21,301,683
4870.66,21,301,683
4870.76,22,302,683
4870.85,22,302,683
4870.94,22,302,683
4880.02,22,302,683
4880.11,22,302,683
4880.21,22,302,683
4880.30,22,302,683
4880.40,22,302,683
4880.49,22,302,683
4880.59,22,302,683
4880.68,22,302,683
4880.78,22,302,683
4880.87,22,302,683
4880.96,22,302,683
4890.09,22,302,683
4890.19,22,302,683
4890.28,22,302,683
4890.38,22,302,683
4890.47,22,302,683
4890.57,22,302,683
4890.66,22,302,683
4890.75,22,302,683
4890.85,22,302,683
4890.94,22,302,683
4900.06,23,303,683
4900.15,23,303,683
4900.25,23,303,683
4900.34,23,303,683
4900.43,23,303,683
4900.53,23,303,683
4900.62,23,303,683
4900.72,23,303,683
4900.81,23,303,683
4900.91,23,303,683
4901.00,23,303,683
4910.08,24,304,683
4910.17,24,304,683
4910.27,24,304,683
4910.36,24,304,683
4910.46,24,304,683
4910.55,24,304,683
4910.65,24,304,683
4910.74,24,304,683
4910.83,24,304,683
4920.06,23,304,684
4920.15,23,304,684
4920.25,23,304,684
4920.34,23,304,684
4920.44,23,304,684
4920.53,23,304,684
4920.63,23,304,684
4920.72,23,304,684
4920.81,23,304,684
4920.91,23,304,684
4921.00,23,304,684
4930.06,22,304,685
4930.15,22,304,685
4930.24,22,304,685
4930.34,22,304,685
4930.43,22,304,685
4930.53,22,304,685
4930.70,22,304,685
4930.80,22,304,685
4930.89,22,304,685
4930.98,22,304,685
4940.04,22,304,685
4940.13,22,304,685
4940.22,22,304,685
4940.32,22,304,685
4940.41,22,304,685
4940.50,22,304,685
4940.60,22,304,685
4940.69,22,304,685
4940.79,22,304,685
4940.88,22,304,685
4940.98,22,304,685
4950.09,21,304,686
4950.18,21,304,686
4950.28,21,304,686
4950.37,21,304,686
4950.47,21,304,686
4950.56,21,304,686
4950.66,21,304,686
4950.75,21,304,686
4950.84,21,304,686
4950.94,21,304,686
4960.08,20,304,687
4960.18,20,304,687
4960.27,20,304,687
4960.37,20,304,687
4960.46,20,304,687
4960.56,20,304,687
4960.65,20,304,687
4960.75,20,304,687
4960.84,20,304,687
4960.93,20,304,687
4970.07,20,304,687
4970.16,20,304,687
4970.25,20,304,687
4970.35,20,304,687
4970.52,20,304,687
4970.62,20,304,687
4970.71,20,304,687
4970.81,20,304,687
4970.90,20,304,687
4971.00,20,304,687
4980.08,6,304,701
4980.16,6,304,701
4980.25,6,304,701
4980.33,6,304,701
4980.41,6,304,701
4980.50,6,304,701
4980.58,6,304,701
4980.67,6,304,701
4980.84,6,304,701
4980.94,6,304,701
4990.09,17,307,704
4990.18,17,307,704
4990.28,17,307,704
4990.37,17,307,704
4990.47,17,307,704
4990.56,17,307,704
4990.66,17,307,704
4990.75,17,307,704
4990.85,17,307,704
5000.08,20,310,704
5000.18,20,310,704
5000.27,20,310,704
5000.36,20,310,704
5000.46,20,310,704
5000.55,20,310,704
5000.65,20,310,704
5000.74,20,310,704
5000.83,20,310,704
5000.93,20,310,704
5010.09,21,311,704
5010.19,21,311,704
5010.28,21,311,704
5010.38,21,311,704
5010.47,21,311,704
5010.57,21,311,704
5010.66,21,311,704
5010.75,21,311,704
5010.85,21,311,704
5010.94,21,311,704
5020.07,20,311,705
5020.17,21,312,705
5020.26,21,312,705
5020.36,21,312,705
5020.45,21,312,705
5020.54,21,312,705
5020.64,22,313,705
5020.73,22,313,705
5020.83,22,313,705
5020.92,22,313,705
5030.09,22,313,705
5030.18,22,313,705
5030.28,22,313,705
5030.37,22,313,705
5030.47,22,313,705
5030.56,22,313,705
5030.66,22,313,705
5030.75,22,313,705
5030.84,22,313,705
5030.94,22,313,705
5040.03,22,313,705
5040.13,22,313,705
5040.22,22,313,705
5040.39,22,313,705
5040.49,22,313,705
5040.58,22,313,705
5040.68,22,313,705
5040.77,22,313,705
5040.87,22,313,705
5040.96,22,313,705
5050.09,22,313,705
5050.18,22,313,705
5050.28,22,313,705
5050.37,22,313,705
5050.46,22,313,705
5050.56,22,313,705
5050.73,22,313,705
5050.82,22,313,705
5050.92,22,313,705
5060.08,21,313,706
5060.18,21,313,706
5060.28,21,313,706
5060.37,21,313,706
5060.46,21,313,706
5060.56,21,313,706
5060.65,21,313,706
5060.75,21,313,706
5060.84,21,313,706
5060.94,21,313,706
5070.16,21,313,706
5070.25,21,313,706
5070.35,21,313,706
5070.44,21,313,706
5070.53,21,313,706
5070.63,21,313,706
5070.72,21,313,706
5070.82,21,313,706
5070.91,21,313,706
5071.00,21,313,706
5080.08,21,313,706
5080.17,21,313,706
5080.27,21,313,706
5080.36,21,313,706
5080.45,21,313,706
5080.55,21,313,706
5080.65,21,313,706
5080.74,21,313,706
5080.83,21,313,706
5080.93,21,313,706
5090.07,21,313,706
5090.17,21,313,706
5090.26,21,313,706
5090.36,21,313,706
5090.45,21,313,706
5090.54,21,313,706
5090.64,21,313,706
5090.73,21,313,706
5090.83,21,313,706
5090.92,21,313,706
5100.09,20,313,707
5100.19,20,313,707
5100.28,20,313,707
5100.38,20,313,707
5100.47,20,313,707
5100.57,20,313,707
5100.66,20,313,707
5100.76,20,313,707
5100.85,20,313,707
5100.94,20,313,707
5110.10,6,313,721
5110.21,6,313,721
5110.32,6,313,721
5110.43,6,313,721
5110.52,6,313,721
5110.61,6,313,721
5110.71,6,313,721
5110.79,6,313,721
5110.88,6,313,721
5110.96,6,313,721
5120.06,18,317,724
5120.15,18,317,724
5120.25,18,317,724
5120.34,18,317,724
5120.44,18,317,724
5120.53,18,317,724
5120.63,18,317,724
5120.72,18,317,724
5120.82,18,317,724
5120.91,18,317,724
5130.05,19,318,724
5130.15,19,318,724
5130.25,19,318,724
5130.34,20,319,724
5130.43,20,319,724
5130.53,20,319,724
5130.62,20,319,724
5130.72,20,319,724
5130.81,20,319,724
5130.91,20,319,724
5131.00,20,319,724
5140.05,20,320,725
5140.14,20,320,725
5140.24,20,320,725
5140.33,20,320,725
5140.43,20,320,725
5140.52,20,320,725
5140.62,20,320,725
5140.71,20,320,725
5140.80,20,320,725
5140.90,20,320,725
5140.99,20,320,725
5150.07,21,321,725
5150.16,21,321,725
5150.26,21,321,725
5150.35,21,321,725
5150.45,21,321,725
5150.54,21,321,725
5150.63,21,321,725
5150.73,21,321,725
5150.90,21,321,725
5150.99,21,321,725
5160.15,21,321,725
5160.25,21,321,725
5160.34,21,321,725
5160.44,21,321,725
5160.53,21,321,725
5160.63,21,321,725
5160.72,21,321,725
5160.82,21,321,725
5160.91,21,321,725
5161.00,21,321,725
5170.08,21,321,725
5170.18,21,321,725
5170.27,21,321,725
5170.37,21,321,725
5170.46,21,321,725
5170.55,21,321,725
5170.65,21,321,725
5170.74,21,321,725
5170.84,21,321,725
5170.93,21,321,725
5180.10,21,321,725
5180.19,21,321,725
5180.29,21,321,725
5180.38,21,321,725
5180.48,21,321,725
5180.65,21,321,725
5180.74,21,321,725
5180.84,21,321,725
5180.93,21,321,725
5190.02,21,321,725
5190.11,21,321,725
5190.21,21,321,725
5190.30,21,321,725
5190.40,21,321,725
5190.49,21,321,725
5190.59,21,321,725
5190.68,21,321,725
5190.77,21,321,725
5190.87,21,321,725
5190.96,21,321,725
5200.03,20,321,726
5200.13,20,321,726
5200.23,20,321,726
5200.32,20,321,726
5200.42,20,321,726
5200.51,20,321,726
5200.60,20,321,726
5200.70,20,321,726
5200.79,20,321,726
5200.88,20,321,726
5200.98,20,321,726
5210.04,20,321,726
5210.13,20,321,726
5210.23,20,321,726
5210.40,20,321,726
5210.49,20,321,726
5210.58,20,321,726
5210.68,20,321,726
5210.77,20,321,726
5210.87,20,321,726
5210.98,20,321,726
5220.04,19,321,727
5220.13,19,321,727
5220.23,19,321,727
5220.32,19,321,727
5220.41,19,321,727
5220.51,19,321,727
5220.60,19,321,727
5220.70,19,321,727
5220.87,19,321,727
5220.96,19,321,727
5230.08,10,321,736
5230.18,10,321,736
5230.27,10,321,736
5230.37,10,321,736
5230.46,10,321,736
5230.55,10,321,736
5230.65,10,321,736
5230.74,10,321,736
5230.84,10,321,736
5230.93,10,321,736
5240.03,5,321,741
5240.12,5,321,741
5240.22,5,321,741
5240.31,5,321,741
5240.41,5,321,741
5240.50,5,321,741
5240.58,5,321,741
5240.76,5,321,741
5240.85,5,321,741
5240.94,5,321,741
5250.08,16,322,742
5250.18,16,322,742
5250.27,16,322,742
5250.37,17,323,742
5250.54,17,323,742
5250.64,17,323,742
5250.73,17,323,742
5250.83,17,323,742
5250.92,17,323,742
5260.02,18,325,743
5260.11,18,325,743
5260.20,18,325,743
5260.30,18,325,743
5260.39,18,325,743
5260.49,18,325,743
5260.58,18,325,743
5260.67,18,325,743
5260.77,18,325,743
5260.86,18,325,743
5260.96,18,325,743
5270.12,18,325,743
5270.21,18,325,743
5270.31,18,325,743
5270.40,18,325,743
5270.50,18,325,743
5270.59,18,325,743
5270.69,18,325,743
5270.78,18,325,743
5270.87,18,325,743
5270.97,18,325,743
5280.01,20,327,743
5280.10,20,327,743
5280.19,20,327,743
5280.29,20,327,743
5280.46,20,327,743
5280.55,20,327,743
5280.65,20,327,743
5280.74,20,327,743
5280.84,20,327,743
5280.93,20,327,743
5290.06,20,327,743
5290.15,20,327,743
5290.25,20,327,743
5290.34,20,327,743
5290.44,20,327,743
5290.61,20,327,743
5290.70,20,327,743
5290.80,20,327,743
5290.89,20,327,743
5290.99,20,327,743
5300.06,20,327,743
5300.15,20,327,743
5300.25,20,327,743
5300.34,20,327,743
5300.44,20,327,743
5300.53,20,327,743
5300.63,20,327,743
5300.72,20,327,743
5300.81,20,327,743
5300.91,20,327,743
5301.00,20,327,743
5310.08,18,327,745
5310.18,18,327,745
5310.27,18,327,745
5310.37,18,327,745
5310.46,18,327,745
5310.55,18,327,745
5310.65,18,327,745
5310.74,18,327,745
5310.83,18,327,745
5310.93,18,327,745
5320.09,18,327,745
5320.19,18,327,745
5320.28,18,327,745
5320.37,18,327,745
5320.47,18,327,745
5320.56,18,327,745
5320.66,18,327,745
5320.75,18,327,745
5320.85,18,327,745
5320.94,18,327,745
5330.04,18,327,745
5330.13,18,327,745
5330.23,18,327,745
5330.32,18,327,745
5330.42,18,327,745
5330.51,18,327,745
5330.60,18,327,745
5330.70,18,327,745
5330.79,18,327,745
5330.89,18,327,745
5330.98,18,327,745
5340.10,18,327,745
5340.19,18,327,745
5340.29,18,327,745
5340.38,18,327,745
5340.47,18,327,745
5340.57,18,327,745
5340.66,18,327,745
5340.76,18,327,745
5340.85,18,327,745
5340.95,18,327,745
5350.04,17,327,746
5350.14,17,327,746
5350.23,17,327,746
5350.33,17,327,746
5350.42,17,327,746
5350.52,17,327,746
5350.61,17,327,746
5350.71,17,327,746
5350.80,17,327,746
5350.90,17,327,746
5350.99,17,327,746
5360.06,17,327,746
5360.16,17,327,746
5360.25,17,327,746
5360.35,17,327,746
5360.44,17,327,746
5360.53,17,327,746
5360.63,17,327,746
5360.72,17,327,746
5360.82,17,327,746
5360.91,17,327,746
5361.00,17,327,746
5370.04,6,327,757
5370.13,5,327,758
5370.23,5,327,758
5370.32,5,327,758
5370.41,5,327,758
5370.51,5,327,758
5370.60,5,327,758
5370.70,5,327,758
5370.79,5,327,758
5370.89,5,327,758
5370.98,5,327,758
5380.10,5,327,758
5380.20,5,327,758
5380.29,5,327,758
5380.38,5,327,758
5380.48,5,327,758
5380.57,5,327,758
5380.67,5,327,758
5380.76,5,327,758
5380.85,5,327,758
5380.95,5,327,758
5390.04,5,327,758
5390.14,5,327,758
5390.22,5,327,758
5390.31,5,327,758
5390.39,5,327,758
5390.49,5,327,758
5390.58,5,327,758
5390.68,5,327,758
5390.77,5,327,758
5390.86,5,327,758
5390.96,5,327,758
5400.05,5,327,758
5400.14,5,327,758
5400.22,5,327,758
5400.31,5,327,758
5400.41,5,327,758
5400.56,5,327,758
5400.66,5,327,758
5400.75,5,327,758
5400.85,5,327,758
5400.94,5,327,758
5410.07,5,327,758
5410.16,5,327,758
5410.26,5,327,758
5410.35,5,327,758
5410.45,5,327,758
5410.53,5,327,758
5410.62,5,327,758
5410.70,5,327,758
5410.79,5,327,758
5410.89,5,327,758
5410.98,5,327,758
5420.06,5,327,758
5420.15,5,327,758
5420.24,5,327,758
5420.32,5,327,758
5420.49,5,327,758
5420.57,5,327,758
5420.67,5,327,758
5420.76,5,327,758
5420.85,5,327,758
5420.95,5,327,758
5430.04,5,327,758
5430.14,5,327,758
5430.23,5,327,758
5430.32,5,327,758
5430.42,5,327,758
5430.51,5,327,758
5430.61,5,327,758
5430.69,5,327,758
5430.78,5,327,758
5430.87,5,327,758
5430.97,5,327,758
5440.07,5,327,758
5440.17,5,327,758
5440.26,5,327,758
5440.36,5,327,758
5440.45,5,327,758
5440.55,5,327,758
5440.64,5,327,758
5440.74,5,327,758
5440.83,5,327,758
5440.91,5,327,758
5450.03,18,331,761
5450.12,18,331,761
5450.22,18,331,761
5450.31,18,331,761
5450.41,18,331,761
5450.50,18,331,761
5450.59,18,331,761
5450.69,18,331,761
5450.78,18,331,761
5450.88,18,331,761
5450.97,18,331,761
5460.06,20,333,761
5460.15,20,333,761
5460.33,20,333,761
5460.42,20,333,761
5460.51,20,333,761
5460.61,20,333,761
5460.70,20,333,761
5460.80,20,333,761
5460.89,20,333,761
5460.98,20,333,761
5470.10,21,334,761
5470.19,21,334,761
5470.28,21,334,761
5470.46,21,334,761
5470.55,21,334,761
5470.65,21,334,761
5470.74,20,334,762
5470.84,20,334,762
5470.93,20,334,762
5480.12,21,336,763
5480.22,21,336,763
5480.31,21,336,763
5480.40,21,336,763
5480.50,21,336,763
5480.59,21,336,763
5480.69,21,336,763
5480.78,21,336,763
5480.88,21,336,763
5480.97,21,336,763
5490.05,21,336,763
5490.14,21,336,763
5490.24,21,336,763
5490.33,21,336,763
5490.42,21,336,763
5490.52,21,336,763
5490.61,21,336,763
5490.71,21,336,763
5490.80,21,336,763
5490.89,21,336,763
5490.99,21,336,763
5500.09,21,336,763
5500.18,21,336,763
5500.28,21,336,763
5500.37,21,336,763
5500.47,21,336,763
5500.56,21,336,763
5500.65,21,336,763
5500.75,21,336,763
5500.84,21,336,763
5500.94,21,336,763
5510.03,22,337,763
5510.12,22,337,763
5510.22,22,337,763
5510.31,22,337,763
5510.41,22,337,763
5510.50,22,337,763
5510.59,22,337,763
5510.77,22,337,763
5510.86,22,337,763
5510.96,22,337,763
5520.07,22,337,763
5520.16,22,337,763
5520.26,22,337,763
5520.35,22,337,763
5520.44,22,337,763
5520.54,22,337,763
5520.63,22,337,763
5520.73,22,337,763
5520.90,22,337,763
5520.99,22,337,763
5530.08,22,337,763
5530.18,22,337,763
5530.27,22,337,763
5530.37,22,337,763
5530.46,22,337,763
5530.56,22,337,763
5530.65,22,337,763
5530.75,22,337,763
5530.84,22,337,763
5530.93,22,337,763
5540.03,22,337,763
5540.13,22,337,763
5540.22,22,337,763
5540.32,22,337,763
5540.41,22,337,763
5540.50,22,337,763
5540.60,22,337,763
5540.69,22,337,763
5540.79,22,337,763
5540.88,22,337,763
5540.98,22,337,763
5550.08,22,337,763
5550.18,22,337,763
5550.27,22,337,763
5550.36,22,337,763
5550.46,22,337,763
5550.56,22,337,763
5550.65,22,337,763
5550.74,22,337,763
5550.84,22,337,763
5550.93,22,337,763
5560.02,11,337,774
5560.11,11,337,774
5560.21,11,337,774
5560.30,11,337,774
5560.40,11,337,774
5560.49,11,337,774
5560.58,11,337,774
5560.68,11,337,774
5560.77,11,337,774
5560.87,11,337,774
5560.96,11,337,774
5570.06,7,337,778
5570.15,7,337,778
5570.25,7,337,778
5570.34,7,337,778
5570.44,7,337,778
5570.53,7,337,778
5570.62,7,337,778
5570.72,7,337,778
5570.81,7,337,778
5570.90,6,337,779
5571.00,6,337,779
5580.09,5,337,780
5580.18,5,337,780
5580.34,5,337,780
5580.43,5,337,780
5580.53,5,337,780
5580.62,5,337,780
5580.71,5,337,780
5580.81,5,337,780
5580.92,5,337,780
5590.08,20,342,781
5590.17,20,342,781
5590.27,20,342,781
5590.36,20,342,781
5590.46,20,342,781
5590.55,20,342,781
5590.65,20,342,781
5590.74,20,342,781
5590.84,20,342,781
5600.09,20,344,783
5600.18,20,344,783
5600.28,20,344,783
5600.37,20,344,783
5600.46,20,344,783
5600.56,20,344,783
5600.65,20,344,783
5600.74,20,344,783
5600.92,20,344,783
5610.12,20,344,783
5610.21,20,344,783
5610.31,20,344,783
5610.40,20,344,783
5610.50,20,344,783
5610.59,20,344,783
5610.68,20,344,783
5610.78,20,344,783
5610.87,20,344,783
5610.96,20,344,783
5620.05,20,344,783
5620.15,20,344,783
5620.24,20,344,783
5620.34,20,344,783
5620.43,20,344,783
5620.53,20,344,783
5620.62,20,344,783
5620.71,20,344,783
5620.81,20,344,783
5620.90,20,344,783
5620.99,20,344,783
5630.07,20,344,783
5630.16,20,344,783
5630.26,20,344,783
5630.35,20,344,783
5630.44,20,344,783
5630.54,20,344,783
5630.63,20,344,783
5630.72,20,344,783
5630.93,20,344,783
5640.09,19,344,784
5640.18,19,344,784
5640.28,19,344,784
5640.37,19,344,784
5640.46,19,344,784
5640.55,19,344,784
5640.65,19,344,784
5640.74,19,344,784
5640.84,19,344,784
5640.93,19,344,784
5650.12,19,344,784
5650.21,19,344,784
5650.31,19,344,784
5650.40,19,344,784
5650.49,19,344,784
5650.59,19,344,784
5650.68,19,344,784
5650.78,19,344,784
5650.87,19,344,784
5650.96,19,344,784
5660.05,19,344,784
5660.15,19,344,784
5660.24,19,344,784
5660.34,19,344,784
5660.43,19,344,784
5660.53,19,344,784
5660.62,19,344,784
5660.71,19,344,784
5660.81,19,344,784
5660.90,19,344,784
5661.00,19,344,784
5670.09,19,344,784
5670.18,19,344,784
5670.28,19,344,784
5670.37,19,344,784
5670.47,19,344,784
5670.56,19,344,784
5670.65,19,344,784
5670.75,19,344,784
5670.84,19,344,784
5670.93,19,344,784
5680.08,19,344,784
5680.18,19,344,784
5680.27,19,344,784
5680.37,19,344,784
5680.46,19,344,784
5680.56,19,344,784
5680.65,19,344,784
5680.76,19,344,784
5680.86,19,344,784
5680.95,19,344,784
5690.04,19,344,784
5690.21,19,344,784
5690.31,19,344,784
5690.40,19,344,784
5690.49,19,344,784
5690.59,19,344,784
5690.68,19,344,784
5690.78,19,344,784
5690.87,19,344,784
5700.04,7,344,796
5700.13,7,344,796
5700.21,7,344,796
5700.31,7,344,796
5700.40,7,344,796
5700.57,7,344,796
5700.67,7,344,796
5700.76,7,344,796
5700.85,7,344,796
5700.95,7,344,796
5710.09,15,344,799
5710.18,15,344,799
5710.27,15,344,799
5710.37,15,344,799
5710.46,15,344,799
5710.55,15,344,799
5710.65,15,344,799
5710.74,15,344,799
5710.92,15,344,799
5720.03,19,348,799
5720.12,19,348,799
5720.22,19,348,799
5720.31,19,348,799
5720.40,19,348,799
5720.50,19,348,799
5720.59,19,348,799
5720.68,19,348,799
5720.78,19,348,799
5720.87,19,348,799
5720.97,19,348,799
5730.02,20,349,799
5730.11,20,349,799
5730.21,20,349,799
5730.30,20,349,799
5730.39,20,349,799
5730.49,20,349,799
5730.60,20,349,799
5730.69,20,349,799
5730.79,20,349,799
5730.88,20,349,799
5730.97,20,349,799
5740.05,22,351,799
5740.14,22,351,799
5740.24,22,351,799
5740.33,22,351,799
5740.42,22,351,799
5740.52,22,351,799
5740.61,22,351,799
5740.71,22,351,799
5740.80,22,351,799
5740.90,22,351,799
5740.99,22,351,799
5750.01,22,351,799
5750.10,22,351,799
5750.19,22,351,799
5750.29,22,351,799
5750.38,22,351,799
5750.47,22,351,799
5750.57,22,351,799
5750.66,22,351,799
5750.76,22,351,799
5750.85,22,351,799
5750.94,22,351,799
5760.04,22,351,799
5760.13,22,351,799
5760.22,22,351,799
5760.32,22,351,799
5760.41,22,351,799
5760.50,22,351,799
5760.60,22,351,799
5760.69,22,351,799
5760.78,22,351,799
5760.88,22,351,799
5760.97,22,351,799
5770.05,22,351,799
5770.22,22,351,799
5770.32,22,351,799
5770.41,22,351,799
5770.51,22,351,799
5770.60,22,351,799
5770.69,22,351,799
5770.79,22,351,799
5770.88,22,351,799
5770.98,22,351,799
5780.06,21,351,800
5780.16,21,351,800
5780.25,20,351,801
5780.35,20,351,801
5780.46,20,351,801
5780.55,20,351,801
5780.65,20,351,801
5780.74,20,351,801
5780.84,20,351,801
5780.93,20,351,801
5790.09,19,351,802
5790.18,19,351,802
5790.28,19,351,802
5790.37,19,351,802
5790.47,19,351,802
5790.56,19,351,802
5790.65,19,351,802
5790.75,19,351,802
5790.92,19,351,802
5800.02,18,351,803
5800.19,18,351,803
5800.29,18,351,803
5800.38,18,351,803
5800.48,18,351,803
5800.57,18,351,803
5800.66,18,351,803
5800.76,18,351,803
5800.85,18,351,803
5800.95,18,351,803
5810.04,18,351,803
5810.13,18,351,803
5810.23,18,351,803
5810.32,18,351,803
5810.41,18,351,803
5810.51,18,351,803
5810.61,18,351,803
5810.70,18,351,803
5810.79,18,351,803
5810.89,18,351,803
5810.98,18,351,803
5820.06,18,351,803
5820.16,18,351,803
5820.25,18,351,803
5820.34,18,351,803
5820.44,18,351,803
5820.53,18,351,803
5820.62,18,351,803
5820.80,18,351,803
5820.89,18,351,803
5820.98,18,351,803
5830.02,7,351,814
5830.13,7,351,814
5830.22,7,351,814
5830.35,7,351,814
5830.45,7,351,814
5830.55,6,351,815
5830.67,6,351,815
5830.77,6,351,815
5830.89,6,351,815
5830.98,6,351,815
5840.04,15,351,817
5840.14,16,352,817
5840.23,16,352,817
5840.33,16,352,817
5840.42,16,352,817
5840.51,16,352,817
5840.61,17,353,817
5840.70,17,353,817
5840.80,17,353,817
5840.89,17,353,817
5840.99,17,353,817
5850.07,21,357,817
5850.17,21,357,817
5850.26,21,357,817
5850.44,21,357,817
5850.53,21,357,817
5850.62,21,357,817
5850.72,21,357,817
5850.81,21,357,817
5850.92,21,357,817
5851.00,21,357,817
5860.06,23,359,817
5860.15,23,359,817
5860.24,23,359,817
5860.34,23,359,817
5860.43,23,359,817
5860.52,23,359,817
5860.62,23,359,817
5860.79,23,359,817
5860.89,23,359,817
5860.98,23,359,817
5870.17,23,359,817
5870.27,23,359,817
5870.36,23,359,817
5870.45,23,359,817
5870.55,23,359,817
5870.64,23,359,817
5870.74,23,359,817
5870.83,23,359,817
5870.92,23,359,817
5880.08,23,359,817
5880.18,23,359,817
5880.27,23,359,817
5880.37,23,359,817
5880.46,23,359,817
5880.55,23,359,817
5880.65,23,359,817
5880.74,23,359,817
5880.84,23,359,817
5880.93,23,359,817
5890.02,23,359,817
5890.11,23,359,817
5890.21,23,359,817
5890.30,23,359,817
5890.40,23,359,817
5890.49,23,359,817
5890.66,23,359,817
5890.76,23,359,817
5890.85,23,359,817
5890.95,23,359,817
5900.03,23,359,817
5900.13,23,359,817
5900.22,23,359,817
5900.32,23,359,817
5900.41,23,359,817
5900.50,23,359,817
5900.60,23,359,817
5900.69,23,359,817
5900.79,23,359,817
5900.88,23,359,817
5900.98,23,359,817
5910.06,21,359,819
5910.15,21,359,819
5910.24,21,359,819
5910.34,21,359,819
5910.43,21,359,819
5910.53,21,359,819
5910.62,21,359,819
5910.71,21,359,819
5910.81,21,359,819
5910.90,21,359,819
5920.09,21,359,819
5920.18,21,359,819
5920.28,21,359,819
5920.37,21,359,819
5920.47,21,359,819
5920.56,21,359,819
5920.66,21,359,819
5920.75,21,359,819
5920.85,21,359,819
5920.94,21,359,819
5930.01,21,359,819
5930.10,21,359,819
5930.20,21,359,819
5930.29,21,359,819
5930.39,21,359,819
5930.48,21,359,819
5930.65,21,359,819
5930.74,21,359,819
5930.84,21,359,819
5930.95,21,359,819
5940.02,19,359,821
5940.12,19,359,821
5940.21,19,359,821
5940.30,19,359,821
5940.40,19,359,821
5940.49,19,359,821
5940.59,19,359,821
5940.68,19,359,821
5940.78,19,359,821
5940.87,19,359,821
5940.96,19,359,821
5950.06,19,359,821
5950.15,19,359,821
5950.25,19,359,821
5950.34,19,359,821
5950.43,19,359,821
5950.53,19,359,821
5950.62,19,359,821
5950.72,19,359,821
5950.81,19,359,821
5950.90,19,359,821
5951.00,19,359,821
5960.08,6,359,834
5960.17,6,359,834
5960.27,6,359,834
5960.44,6,359,834
5960.53,6,359,834
5960.63,6,359,834
5960.72,6,359,834
5960.82,6,359,834
5960.91,6,359,834
5961.00,6,359,834
5970.03,15,360,837
5970.13,15,360,837
5970.22,15,360,837
5970.32,15,360,837
5970.41,16,361,837
5970.58,16,361,837
5970.68,16,361,837
5970.77,16,361,837
5970.87,16,361,837
5970.96,16,361,837
5980.04,20,365,837
5980.13,20,365,837
5980.23,20,365,837
5980.32,20,365,837
5980.41,20,365,837
5980.51,20,365,837
5980.60,20,365,837
5980.70,20,365,837
5980.81,20,365,837
5980.90,20,365,837
5980.99,20,365,837
5990.01,21,366,837
5990.19,21,366,837
5990.28,21,366,837
5990.38,21,366,837
5990.47,21,366,837
5990.57,21,366,837
5990.66,21,366,837
5990.75,21,366,837
5990.85,21,366,837
5990.94,21,366,837
6000.03,22,367,837
6000.12,22,367,837
6000.22,22,367,837
6000.31,22,367,837
6000.41,22,367,837
6000.50,22,367,837
6000.59,22,367,837
6000.69,22,367,837
6000.78,22,367,837
6000.87,22,367,837
6000.97,22,367,837
6010.08,22,367,837
6010.18,22,367,837
6010.27,22,367,837
6010.37,22,367,837
6010.46,22,367,837
6010.56,22,367,837
6010.65,22,367,837
6010.74,22,367,837
6010.84,22,367,837
6010.93,22,367,837
6020.02,22,367,837
6020.12,22,367,837
6020.21,22,367,837
6020.30,22,367,837
6020.40,22,367,837
6020.49,22,367,837
6020.66,22,367,837
6020.76,22,367,837
6020.85,22,367,837
6020.95,22,367,837
6030.03,22,367,837
6030.12,22,367,837
6030.21,22,367,837
6030.31,22,367,837
6030.40,22,367,837
6030.50,22,367,837
6030.59,22,367,837
6030.69,22,367,837
6030.80,22,367,837
6030.89,22,367,837
6030.99,22,367,837
6040.07,20,367,839
6040.16,20,367,839
6040.26,20,367,839
6040.35,20,367,839
6040.45,20,367,839
6040.54,20,367,839
6040.63,20,367,839
6040.73,20,367,839
6040.82,20,367,839
6050.02,20,367,839
6050.11,20,367,839
6050.21,20,367,839
6050.30,20,367,839
6050.40,20,367,839
6050.49,20,367,839
6050.59,20,367,839
6050.68,20,367,839
6050.77,20,367,839
6050.87,20,367,839
6050.96,20,367,839
6060.07,19,367,840
6060.17,19,367,840
6060.26,19,367,840
6060.36,19,367,840
6060.45,19,367,840
6060.55,19,367,840
6060.64,19,367,840
6060.74,19,367,840
6060.83,19,367,840
6060.92,19,367,840
6070.02,19,367,840
6070.12,19,367,840
6070.21,19,367,840
6070.31,19,367,840
6070.40,19,367,840
6070.50,19,367,840
6070.59,19,367,840
6070.68,19,367,840
6070.78,19,367,840
6070.87,19,367,840
6070.97,19,367,840
6080.05,19,367,840
6080.15,19,367,840
6080.24,19,367,840
6080.33,19,367,840
6080.43,19,367,840
6080.52,19,367,840
6080.61,19,367,840
6080.71,19,367,840
6080.80,19,367,840
6080.91,19,367,840
6090.09,6,367,853
6090.19,6,367,853
6090.36,6,367,853
6090.45,6,367,853
6090.55,6,367,853
6090.64,6,367,853
6090.74,6,367,853
6090.83,6,367,853
6090.93,6,367,853
6100.09,17,370,856
6100.18,17,370,856
6100.28,17,370,856
6100.37,17,370,856
6100.46,17,370,856
6100.56,17,370,856
6100.65,17,370,856
6100.75,17,370,856
6100.84,17,370,856
6100.94,17,370,856
6110.03,19,372,856
6110.12,19,372,856
6110.22,19,372,856
6110.31,19,372,856
6110.41,19,372,856
6110.50,19,372,856
6110.59,19,372,856
6110.69,19,372,856
6110.78,19,372,856
6110.88,19,372,856
6110.97,19,372,856
6120.07,22,375,856
6120.17,22,375,856
6120.26,22,375,856
6120.35,22,375,856
6120.45,22,375,856
6120.54,22,375,856
6120.64,22,375,856
6120.73,22,375,856
6120.82,22,375,856
6120.92,22,375,856
6130.09,23,376,856
6130.19,23,376,856
6130.28,23,376,856
6130.45,23,376,856
6130.55,23,376,856
6130.64,23,376,856
6130.75,23,376,856
6130.84,23,376,856
6130.94,23,376,856
6140.09,23,376,856
6140.26,23,376,856
6140.35,23,376,856
6140.45,23,376,856
6140.54,23,376,856
6140.64,23,376,856
6140.73,23,376,856
6140.83,23,376,856
6140.92,23,376,856
6150.03,23,376,856
6150.13,23,376,856
6150.22,23,376,856
6150.31,23,376,856
6150.41,23,376,856
6150.58,23,376,856
6150.67,23,376,856
6150.77,23,376,856
6150.86,23,376,856
6150.95,23,376,856
6160.06,23,376,856
6160.16,23,376,856
6160.25,23,376,856
6160.35,23,376,856
6160.44,23,376,856
6160.54,23,376,856
6160.63,23,376,856
6160.73,23,376,856
6160.82,23,376,856
6160.91,23,376,856
6170.02,23,376,856
6170.12,23,376,856
6170.21,23,376,856
6170.31,23,376,856
6170.40,23,376,856
6170.50,23,376,856
6170.59,23,376,856
6170.68,23,376,856
6170.78,23,376,856
6170.87,23,376,856
6170.97,23,376,856
6180.08,22,376,857
6180.17,22,376,857
6180.35,22,376,857
6180.44,21,376,858
6180.54,21,376,858
6180.65,21,376,858
6180.74,21,376,858
6180.84,21,376,858
6180.94,21,376,858
6190.02,21,376,858
6190.12,21,376,858
6190.21,21,376,858
6190.31,21,376,858
6190.40,21,376,858
6190.49,21,376,858
6190.58,21,376,858
6190.68,21,376,858
6190.77,21,376,858
6190.87,21,376,858
6190.96,21,376,858
6200.05,20,376,859
6200.15,20,376,859
6200.24,20,376,859
6200.34,20,376,859
6200.43,20,376,859
6200.53,20,376,859
6200.62,20,376,859
6200.72,20,376,859
6200.81,20,376,859
6200.90,20,376,859
6201.00,20,376,859
6210.10,20,376,859
6210.19,20,376,859
6210.28,20,376,859
6210.38,20,376,859
6210.47,20,376,859
6210.56,20,376,859
6210.66,20,376,859
6210.75,20,376,859
6210.84,20,376,859
6210.94,20,376,859
6220.01,6,376,873
6220.11,6,376,873
6220.20,6,376,873
6220.29,6,376,873
6220.46,6,376,873
6220.56,6,376,873
6220.65,6,376,873
6220.75,6,376,873
6220.84,6,376,873
6220.93,6,376,873
6230.09,19,380,875
6230.19,19,380,875
6230.28,19,380,875
6230.38,19,380,875
6230.49,19,380,875
6230.58,19,380,875
6230.68,19,380,875
6230.77,19,380,875
6230.87,19,380,875
6230.96,19,380,875
6240.03,21,384,877
6240.12,21,384,877
6240.22,21,384,877
6240.31,21,384,877
6240.41,21,384,877
6240.50,21,384,877
6240.59,21,384,877
6240.69,21,384,877
6240.78,21,384,877
6240.95,21,384,877
6250.10,21,384,877
6250.19,21,384,877
6250.29,21,384,877
6250.38,21,384,877
6250.47,21,384,877
6250.57,21,384,877
6250.66,21,384,877
6250.76,21,384,877
6250.85,21,384,877
6250.94,21,384,877
6260.05,22,385,877
6260.15,22,385,877
6260.24,22,385,877
6260.34,22,385,877
6260.43,22,385,877
6260.53,22,385,877
6260.62,22,385,877
6260.72,22,385,877
6260.81,22,385,877
6260.91,22,385,877
6261.00,22,385,877
6270.01,22,385,877
6270.11,22,385,877
6270.20,22,385,877
6270.30,22,385,877
6270.39,22,385,877
6270.48,22,385,877
6270.58,22,385,877
6270.67,22,385,877
6270.77,22,385,877
6270.86,22,385,877
6270.96,22,385,877
6280.05,22,385,877
6280.15,22,385,877
6280.24,22,385,877
6280.33,22,385,877
6280.44,22,385,877
6280.54,22,385,877
6280.63,22,385,877
6280.72,22,385,877
6280.82,22,385,877
6280.92,22,385,877
6290.09,22,385,877
6290.19,22,385,877
6290.28,22,385,877
6290.37,22,385,877
6290.47,22,385,877
6290.56,22,385,877
6290.66,22,385,877
6290.75,22,385,877
6290.85,22,385,877
6290.94,22,385,877
6300.05,22,385,877
6300.15,22,385,877
6300.24,22,385,877
6300.34,22,385,877
6300.43,22,385,877
6300.52,22,385,877
6300.62,22,385,877
6300.71,22,385,877
6300.81,22,385,877
6300.90,22,385,877
6300.99,22,385,877
6310.08,21,385,878
6310.18,21,385,878
6310.27,21,385,878
6310.36,21,385,878
6310.46,21,385,878
6310.55,21,385,878
6310.64,21,385,878
6310.82,21,385,878
6310.91,21,385,878
6311.00,21,385,878
6320.06,20,385,879
6320.15,20,385,879
6320.24,20,385,879
6320.34,20,385,879
6320.43,20,385,879
6320.53,20,385,879
6320.62,20,385,879
6320.72,20,385,879
6320.81,20,385,879
6320.90,20,385,879
6321.00,20,385,879
6330.09,20,385,879
6330.19,20,385,879
6330.28,20,385,879
6330.39,20,385,879
6330.48,20,385,879
6330.58,20,385,879
6330.67,20,385,879
6330.77,20,385,879
6330.86,20,385,879
6330.96,20,385,879
6340.04,20,385,879
6340.13,20,385,879
6340.23,20,385,879
6340.32,20,385,879
6340.41,20,385,879
6340.59,20,385,879
6340.68,20,385,879
6340.77,20,385,879
6340.87,20,385,879
6340.96,20,385,879
6350.10,5,385,894
6350.19,5,385,894
6350.28,5,385,894
6350.38,5,385,894
6350.47,5,385,894
6350.57,5,385,894
6350.66,5,385,894
6350.76,5,385,894
6350.93,5,385,894
6360.06,17,389,897
6360.15,17,389,897
6360.25,17,389,897
6360.34,17,389,897
6360.44,17,389,897
6360.53,17,389,897
6360.62,17,389,897
6360.72,17,389,897
6360.81,17,389,897
6360.91,17,389,897
6370.01,20,392,897
6370.10,20,392,897
6370.20,20,392,897
6370.29,20,392,897
6370.38,20,392,897
6370.48,20,392,897
6370.57,20,392,897
6370.66,20,392,897
6370.76,20,392,897
6370.85,20,392,897
6370.95,20,392,897
6380.05,20,392,897
6380.15,20,392,897
6380.24,20,392,897
6380.35,20,392,897
6380.45,20,392,897
6380.54,20,392,897
6380.64,20,392,897
6380.73,20,392,897
6380.83,20,392,897
6380.92,20,392,897
6390.09,21,393,897
6390.19,21,393,897
6390.28,21,393,897
6390.38,21,393,897
6390.47,21,393,897
6390.56,21,393,897
6390.66,21,393,897
6390.75,21,393,897
6390.85,21,393,897
6400.05,22,394,897
6400.14,22,394,897
6400.24,22,394,897
6400.33,22,394,897
6400.43,22,394,897
6400.52,22,394,897
6400.61,22,394,897
6400.71,22,394,897
6400.80,22,394,897
6400.90,22,394,897
6400.99,22,394,897
6410.09,22,394,897
6410.18,22,394,897
6410.28,22,394,897
6410.45,22,394,897
6410.55,22,394,897
6410.64,22,394,897
6410.74,22,394,897
6410.83,22,394,897
6410.93,22,394,897
6420.06,22,394,897
6420.16,22,394,897
6420.25,22,394,897
6420.35,22,394,897
6420.44,22,394,897
6420.54,22,394,897
6420.63,22,394,897
6420.72,22,394,897
6420.82,22,394,897
6420.99,22,394,897
6430.06,22,394,897
6430.16,22,394,897
6430.27,22,394,897
6430.36,22,394,897
6430.46,22,394,897
6430.55,22,394,897
6430.65,22,394,897
6430.74,21,394,898
6430.84,21,394,898
6430.93,21,394,898
6440.01,21,394,898
6440.11,21,394,898
6440.20,21,394,898
6440.30,21,394,898
6440.39,21,394,898
6440.49,21,394,898
6440.58,21,394,898
6440.68,21,394,898
6440.77,21,394,898
6440.86,21,394,898
6440.96,21,394,898
6450.03,21,394,898
6450.13,21,394,898
6450.22,21,394,898
6450.32,21,394,898
6450.41,21,394,898
6450.51,21,394,898
6450.60,21,394,898
6450.70,21,394,898
6450.79,21,394,898
6450.89,20,394,899
6450.98,20,394,899
6460.09,20,394,899
6460.18,20,394,899
6460.28,20,394,899
6460.37,20,394,899
6460.47,20,394,899
6460.56,20,394,899
6460.66,20,394,899
6460.75,20,394,899
6460.85,20,394,899
6460.94,20,394,899
6470.02,9,394,910
6470.12,9,394,910
6470.21,9,394,910
6470.31,9,394,910
6470.40,9,394,910
6470.49,9,394,910
6470.59,9,394,910
6470.68,9,394,910
6470.78,8,394,911
6470.87,8,394,911
6480.01,5,394,914
6480.11,15,394,915
6480.22,15,394,915
6480.31,15,394,915
6480.41,15,394,915
6480.50,15,394,915
6480.60,15,394,915
6480.69,15,394,915
6480.79,15,394,915
6480.88,14,394,916
6480.97,14,394,916
6490.06,21,401,916
6490.15,21,401,916
6490.25,21,401,916
6490.34,21,401,916
6490.44,21,401,916
6490.53,21,401,916
6490.63,21,401,916
6490.72,21,401,916
6490.81,21,401,916
6490.91,21,401,916
6491.00,21,401,916
6500.09,21,401,916
6500.18,21,401,916
6500.28,21,401,916
6500.37,21,401,916
6500.47,22,402,916
6500.56,22,402,916
6500.66,22,402,916
6500.75,22,402,916
6500.85,22,402,916
6500.94,22,402,916
6510.08,21,402,917
6510.17,21,402,917
6510.26,21,402,917
6510.36,21,402,917
6510.45,21,402,917
6510.62,21,402,917
6510.72,21,402,917
6510.81,21,402,917
6510.91,21,402,917
6511.00,21,402,917
6520.04,21,402,917
6520.13,21,402,917
6520.23,21,402,917
6520.32,21,402,917
6520.41,21,402,917
6520.51,21,402,917
6520.60,21,402,917
6520.77,21,402,917
6520.87,21,402,917
6520.96,21,402,917
6530.04,21,402,917
6530.15,21,402,917
6530.24,21,402,917
6530.34,21,402,917
6530.43,21,402,917
6530.53,21,402,917
6530.62,21,402,917
6530.72,21,402,917
6530.81,21,402,917
6530.91,21,402,917
6531.00,21,402,917
6540.03,21,402,917
6540.13,21,402,917
6540.22,21,402,917
6540.39,21,402,917
6540.49,21,402,917
6540.58,21,402,917
6540.68,21,402,917
6540.77,21,402,917
6540.87,21,402,917
6540.96,21,402,917
6550.15,21,402,917
6550.24,21,402,917
6550.33,21,402,917
6550.43,21,402,917
6550.52,21,402,917
6550.62,21,402,917
6550.71,21,402,917
6550.81,21,402,917
6550.90,21,402,917
6550.99,21,402,917
6560.01,21,402,917
6560.10,21,402,917
6560.19,21,402,917
6560.29,21,402,917
6560.38,21,402,917
6560.48,21,402,917
6560.57,21,402,917
6560.67,21,402,917
6560.76,21,402,917
6560.86,21,402,917
6560.95,21,402,917
6570.16,20,402,918
6570.26,20,402,918
6570.35,20,402,918
6570.44,20,402,918
6570.54,20,402,918
6570.63,20,402,918
6570.73,20,402,918
6570.82,20,402,918
6570.92,20,402,918
6580.01,20,402,918
6580.12,20,402,918
6580.22,20,402,918
6580.31,20,402,918
6580.48,20,402,918
6580.57,20,402,918
6580.67,20,402,918
6580.76,20,402,918
6580.86,20,402,918
6580.95,20,402,918
6590.04,19,402,919
6590.14,19,402,919
6590.23,19,402,919
6590.33,19,402,919
6590.42,19,402,919
6590.52,19,402,919
6590.61,19,402,919
6590.71,19,402,919
6590.80,19,402,919
6590.90,19,402,919
6590.99,19,402,919
6600.08,6,402,932
6600.18,6,402,932
6600.27,6,402,932
6600.37,6,402,932
6600.46,6,402,932
6600.56,6,402,932
6600.65,6,402,932
6600.75,5,402,933
6600.84,5,402,933
6600.93,5,402,933
6610.07,21,409,935
6610.24,21,409,935
6610.34,21,409,935
6610.43,21,409,935
6610.53,21,409,935
6610.62,21,409,935
6610.72,21,409,935
6610.81,21,409,935
6610.90,21,409,935
6611.00,21,409,935
6620.03,21,409,935
6620.12,21,409,935
6620.22,21,409,935
6620.31,21,409,935
6620.41,21,409,935
6620.58,21,409,935
6620.67,21,409,935
6620.77,21,409,935
6620.86,22,410,935
6620.96,22,410,935
6630.10,22,410,935
6630.19,22,410,935
6630.28,22,410,935
6630.38,22,410,935
6630.55,22,410,935
6630.65,22,410,935
6630.74,22,410,935
6630.84,22,410,935
6630.93,22,410,935
6640.02,22,410,935
6640.11,22,410,935
6640.21,22,410,935
6640.30,22,410,935
6640.40,22,410,935
6640.49,22,410,935
6640.59,22,410,935
6640.68,22,410,935
6640.77,22,410,935
6640.87,22,410,935
6640.96,22,410,935
6650.06,22,410,935
6650.15,22,410,935
6650.25,22,410,935
6650.34,22,410,935
6650.44,22,410,935
6650.53,22,410,935
6650.62,22,410,935
6650.72,22,410,935
6650.89,22,410,935
6650.99,22,410,935
6660.04,22,410,935
6660.14,22,410,935
6660.23,22,410,935
6660.33,22,410,935
6660.42,22,410,935
6660.52,22,410,935
6660.61,22,410,935
6660.70,22,410,935
6660.80,22,410,935
6660.89,22,410,935
6660.98,22,410,935
6670.09,22,410,935
6670.19,22,410,935
6670.28,22,410,935
6670.37,22,410,935
6670.47,22,410,935
6670.56,22,410,935
6670.66,22,410,935
6670.75,22,410,935
6670.84,22,410,935
6670.94,22,410,935
6680.11,21,410,936
6680.20,21,410,936
6680.30,21,410,936
6680.39,21,410,936
6680.49,21,410,936
6680.58,21,410,936
6680.68,21,410,936
6680.77,21,410,936
6680.86,21,410,936
6680.96,21,410,936
6690.09,20,410,937
6690.19,20,410,937
6690.28,20,410,937
6690.39,20,410,937
6690.49,20,410,937
6690.58,20,410,937
6690.68,20,410,937
6690.77,20,410,937
6690.87,20,410,937
6690.96,20,410,937
6700.10,19,410,938
6700.27,19,410,938
6700.37,19,410,938
6700.48,19,410,938
6700.57,19,410,938
6700.66,19,410,938
6700.76,19,410,938
6700.85,19,410,938
6700.95,19,410,938
6710.01,19,410,938
6710.11,19,410,938
6710.20,19,410,938
6710.30,19,410,938
6710.39,19,410,938
6710.50,19,410,938
6710.59,19,410,938
6710.69,19,410,938
6710.78,19,410,938
6710.88,19,410,938
6710.97,19,410,938
6720.03,7,410,950
6720.13,7,410,950
6720.22,7,410,950
6720.32,6,410,951
6720.41,6,410,951
6720.51,6,410,951
6720.60,6,410,951
6720.69,6,410,951
6720.79,6,410,951
6720.97,6,410,951
6730.10,17,413,954
6730.19,17,413,954
6730.30,17,413,954
6730.40,17,413,954
6730.49,17,413,954
6730.59,17,413,954
6730.68,17,413,954
6730.77,17,413,954
6730.87,17,413,954
6730.96,17,413,954
6740.01,19,415,954
6740.11,19,415,954
6740.28,19,415,954
6740.38,19,415,954
6740.47,19,415,954
6740.57,19,415,954
6740.66,19,415,954
6740.75,19,415,954
6740.85,20,416,954
6740.95,20,416,954
6750.02,21,417,954
6750.11,21,417,954
6750.21,21,417,954
6750.30,21,417,954
6750.40,21,417,954
6750.49,21,417,954
6750.58,21,417,954
6750.68,21,417,954
6750.77,21,417,954
6750.87,21,417,954
6750.96,21,417,954
6760.01,21,417,954
6760.11,21,417,954
6760.20,21,417,954
6760.30,21,417,954
6760.39,21,417,954
6760.49,21,417,954
6760.58,21,417,954
6760.68,21,417,954
6760.79,21,417,954
6760.88,21,417,954
6760.98,21,417,954
6770.01,21,417,954
6770.10,21,417,954
6770.20,21,417,954
6770.29,21,417,954
6770.39,21,417,954
6770.48,21,417,954
6770.57,21,417,954
6770.67,21,417,954
6770.78,21,417,954
6770.87,21,417,954
6770.96,21,417,954
6780.08,21,417,954
6780.17,21,417,954
6780.27,21,417,954
6780.36,21,417,954
6780.47,21,417,954
6780.57,21,417,954
6780.66,21,417,954
6780.76,21,417,954
6780.86,21,417,954
6780.96,21,417,954
6790.01,21,417,954
6790.10,21,417,954
6790.20,21,417,954
6790.29,21,417,954
6790.39,21,417,954
6790.48,21,417,954
6790.58,21,417,954
6790.67,21,417,954
6790.77,21,417,954
6790.88,21,417,954
6790.97,21,417,954
6800.08,20,417,955
6800.18,20,417,955
6800.27,20,417,955
6800.37,20,417,955
6800.46,20,417,955
6800.56,20,417,955
6800.65,20,417,955
6800.75,20,417,955
6800.84,20,417,955
6800.95,20,417,955
6810.07,19,417,956
6810.17,19,417,956
6810.26,19,417,956
6810.35,19,417,956
6810.45,19,417,956
6810.54,19,417,956
6810.64,19,417,956
6810.73,19,417,956
6810.82,19,417,956
6810.92,19,417,956
6820.09,18,417,957
6820.19,18,417,957
6820.28,18,417,957
6820.38,18,417,957
6820.47,18,417,957
6820.57,18,417,957
6820.66,18,417,957
6820.75,18,417,957
6820.85,18,417,957
6820.94,18,417,957
6830.01,18,417,957
6830.11,18,417,957
6830.20,18,417,957
6830.29,18,417,957
6830.39,18,417,957
6830.48,18,417,957
6830.58,18,417,957
6830.69,18,417,957
6830.78,18,417,957
6830.87,18,417,957
6830.97,18,417,957
6840.08,18,417,957
6840.17,18,417,957
6840.27,18,417,957
6840.36,18,417,957
6840.46,18,417,957
6840.55,18,417,957
6840.65,18,417,957
6840.74,18,417,957
6840.84,9,417,966
6840.93,9,417,966
6850.16,6,417,969
6850.26,5,417,970
6850.35,5,417,970
6850.45,5,417,970
6850.54,5,417,970
6850.63,5,417,970
6850.73,5,417,970
6850.82,5,417,970
6850.92,5,417,970
6860.09,17,419,971
6860.18,17,419,971
6860.27,17,419,971
6860.37,17,419,971
6860.46,17,419,971
6860.56,17,419,971
6860.65,17,419,971
6860.74,17,419,971
6860.84,17,419,971
6870.01,20,422,971
6870.10,20,422,971
6870.20,20,422,971
6870.29,20,422,971
6870.38,20,422,971
6870.48,20,422,971
6870.57,20,422,971
6870.67,20,422,971
6870.76,20,422,971
6870.86,20,422,971
6870.95,20,422,971
6880.04,22,424,971
6880.13,22,424,971
6880.23,22,424,971
6880.32,22,424,971
6880.42,22,424,971
6880.51,22,424,971
6880.60,22,424,971
6880.70,22,424,971
6880.79,22,424,971
6880.90,22,424,971
6881.00,22,424,971
6890.06,22,424,971
6890.15,22,424,971
6890.25,22,424,971
6890.34,22,424,971
6890.44,22,424,971
6890.53,22,424,971
6890.63,22,424,971
6890.80,22,424,971
6890.89,22,424,971
6890.99,22,424,971
6900.05,22,424,971
6900.14,22,424,971
6900.24,22,424,971
6900.33,22,424,971
6900.43,22,424,971
6900.52,22,424,971
6900.62,22,424,971
6900.71,22,424,971
6900.81,22,424,971
6900.90,22,424,971
6901.00,22,424,971
6910.06,22,424,971
6910.16,22,424,971
6910.25,22,424,971
6910.35,22,424,971
6910.44,22,424,971
6910.54,22,424,971
6910.63,22,424,971
6910.72,22,424,971
6910.82,22,424,971
6910.91,22,424,971
6920.08,20,424,973
6920.18,20,424,973
6920.27,20,424,973
6920.37,20,424,973
6920.46,20,424,973
6920.56,20,424,973
6920.65,20,424,973
6920.75,20,424,973
6920.84,20,424,973
6920.94,20,424,973
6930.17,20,424,973
6930.26,20,424,973
6930.36,20,424,973
6930.45,20,424,973
6930.55,20,424,973
6930.64,20,424,973
6930.74,20,424,973
6930.83,20,424,973
6930.92,20,424,973
6940.08,19,424,974
6940.17,19,424,974
6940.27,19,424,974
6940.36,19,424,974
6940.46,19,424,974
6940.55,19,424,974
6940.74,19,424,974
6940.83,19,424,974
6950.04,18,424,975
6950.13,18,424,975
6950.23,18,424,975
6950.32,18,424,975
6950.42,18,424,975
6950.51,18,424,975
6950.60,18,424,975
6950.70,18,424,975
6950.89,18,424,975
6950.98,18,424,975
6960.10,18,424,975
6960.19,18,424,975
6960.29,18,424,975
6960.38,18,424,975
6960.48,18,424,975
6960.57,18,424,975
6960.66,18,424,975
6960.76,18,424,975
6960.85,18,424,975
6960.94,18,424,975
6970.02,18,424,975
6970.11,18,424,975
6970.28,18,424,975
6970.38,18,424,975
6970.47,18,424,975
6970.57,18,424,975
6970.66,18,424,975
6970.76,18,424,975
6970.85,18,424,975
6970.94,18,424,975
6980.09,5,424,988
6980.18,5,424,988
6980.27,5,424,988
6980.37,5,424,988
6980.46,5,424,988
6980.65,5,424,988
6980.74,5,424,988
6980.84,5,424,988
6980.93,5,424,988
6990.03,16,425,989
6990.12,16,425,989
6990.22,16,425,989
6990.31,16,425,989
6990.40,16,425,989
6990.50,16,425,989
6990.59,16,425,989
6990.77,16,425,989
6990.86,16,425,989
6990.95,16,425,989
7000.01,19,428,989
7000.11,19,428,989
7000.20,19,428,989
7000.30,19,428,989
7000.39,19,428,989
7000.49,19,428,989
7000.58,19,428,989
7000.68,19,428,989
7000.77,19,428,989
7000.86,19,428,989
7000.96,19,428,989
7010.03,20,429,989
7010.13,20,429,989
7010.22,20,429,989
7010.40,20,429,989
7010.49,20,429,989
7010.58,20,429,989
7010.68,20,429,989
7010.77,20,429,989
7010.87,20,429,989
7010.96,20,429,989
7020.05,21,430,989
7020.14,21,430,989
7020.24,21,430,989
7020.33,21,430,989
7020.43,21,430,989
7020.52,21,430,989
7020.61,21,430,989
7020.71,21,430,989
7020.80,21,430,989
7020.90,21,430,989
7020.99,21,430,989
7030.07,23,432,989
7030.16,23,432,989
7030.26,23,432,989
7030.35,23,432,989
7030.45,23,432,989
7030.54,23,432,989
7030.64,23,432,989
7030.73,23,432,989
7030.91,23,432,989
7031.00,23,432,989
7040.09,23,432,989
7040.28,23,432,989
7040.37,23,432,989
7040.46,23,432,989
7040.64,23,432,989
7040.73,23,432,989
7040.83,23,432,989
7040.92,23,432,989
7050.07,23,432,989
7050.17,23,432,989
7050.26,23,432,989
7050.35,23,432,989
7050.45,23,432,989
7050.54,23,432,989
7050.64,23,432,989
7050.73,23,432,989
7050.83,23,432,989
7050.92,23,432,989
7060.10,21,432,991
7060.19,21,432,991
7060.28,21,432,991
7060.38,21,432,991
7060.47,21,432,991
7060.57,21,432,991
7060.66,21,432,991
7060.85,21,432,991
7060.94,21,432,991
7070.02,20,432,992
7070.11,20,432,992
7070.21,20,432,992
7070.30,20,432,992
7070.40,20,432,992
7070.49,20,432,992
7070.59,20,432,992
7070.68,20,432,992
7070.78,20,432,992
7070.87,20,432,992
7070.97,20,432,992
7080.03,19,432,993
7080.12,19,432,993
7080.22,19,432,993
7080.31,19,432,993
7080.41,19,432,993
7080.51,19,432,993
7080.60,19,432,993
7080.69,19,432,993
7080.79,19,432,993
7080.88,19,432,993
7080.98,19,432,993
7090.04,19,432,993
7090.13,19,432,993
7090.23,19,432,993
7090.32,19,432,993
7090.42,19,432,993
7090.51,19,432,993
7090.60,19,432,993
7090.70,19,432,993
7090.79,19,432,993
7090.89,19,432,993
7090.98,19,432,993
7100.07,19,432,993
7100.16,19,432,993
7100.26,19,432,993
7100.35,19,432,993
7100.45,19,432,993
7100.54,19,432,993
7100.64,19,432,993
7100.73,9,432,1003
7100.83,9,432,1003
7100.92,9,432,1003
7110.01,7,432,1005
7110.10,7,432,1005
7110.20,7,432,1005
7110.29,7,432,1005
7110.38,7,432,1005
7110.48,7,432,1005
7110.57,7,432,1005
7110.67,7,432,1005
7110.76,6,432,1006
7110.95,6,432,1006
7120.01,5,432,1007
7120.12,5,432,1007
7120.21,5,432,1007
7120.31,5,432,1007
7120.40,5,432,1007
7120.50,5,432,1007
7120.59,5,432,1007
7120.69,5,432,1007
7120.78,5,432,1007
7120.88,5,432,1007
7120.97,5,432,1007
7130.04,18,435,1008
7130.14,18,435,1008
7130.23,18,435,1008
7130.33,18,435,1008
7130.42,18,435,1008
7130.51,18,435,1008
7130.61,18,435,1008
7130.71,18,435,1008
7130.80,18,435,1008
7130.89,18,435,1008
7130.99,18,435,1008
7140.06,19,437,1009
7140.15,19,437,1009
7140.25,19,437,1009
7140.34,19,437,1009
7140.44,19,437,1009
7140.53,19,437,1009
7140.62,19,437,1009
7140.72,19,437,1009
7140.81,19,437,1009
7140.91,19,437,1009
7141.00,19,437,1009
7150.08,19,437,1009
7150.17,19,437,1009
7150.27,19,437,1009
7150.36,19,437,1009
7150.46,19,437,1009
7150.55,19,437,1009
7150.65,19,437,1009
7150.74,19,437,1009
7150.83,19,437,1009
7150.93,19,437,1009
7160.01,20,438,1009
7160.11,20,438,1009
7160.20,20,438,1009
7160.29,20,438,1009
7160.39,20,438,1009
7160.48,20,438,1009
7160.58,20,438,1009
7160.67,20,438,1009
7160.77,20,438,1009
7160.86,20,438,1009
7160.96,20,438,1009
7170.10,21,439,1009
7170.19,21,439,1009
7170.29,21,439,1009
7170.41,21,439,1009
7170.50,21,439,1009
7170.60,21,439,1009
7170.69,21,439,1009
7170.79,21,439,1009
7170.88,21,439,1009
7170.97,21,439,1009
7180.04,20,439,1010
7180.14,20,439,1010
7180.23,20,439,1010
7180.33,20,439,1010
7180.42,20,439,1010
7180.51,20,439,1010
7180.61,20,439,1010
7180.70,20,439,1010
7180.80,20,439,1010
7180.89,20,439,1010
7180.99,20,439,1010
7190.09,20,439,1010
7190.18,20,439,1010
7190.28,20,439,1010
7190.37,20,439,1010
7190.47,20,439,1010
7190.56,20,439,1010
7190.65,20,439,1010
7190.75,20,439,1010
7190.84,20,439,1010
7190.94,20,439,1010
7200.01,20,439,1010
7200.10,20,439,1010
7200.20,20,439,1010
7200.29,20,439,1010
7200.39,20,439,1010
7200.48,20,439,1010
7200.58,20,439,1010
7200.67,20,439,1010
7200.77,20,439,1010
7200.86,20,439,1010
7200.96,20,439,1010
7210.03,20,439,1010
7210.13,20,439,1010
7210.22,20,439,1010
7210.31,20,439,1010
7210.41,20,439,1010
7210.50,20,439,1010
7210.59,20,439,1010
7210.69,20,439,1010
7210.78,20,439,1010
7210.87,20,439,1010
7210.97,20,439,1010
7220.03,18,439,1012
7220.12,18,439,1012
7220.22,18,439,1012
7220.32,18,439,1012
7220.41,18,439,1012
7220.50,18,439,1012
7220.60,18,439,1012
7220.72,18,439,1012
7220.82,18,439,1012
7220.91,18,439,1012
7230.07,18,439,1012
7230.17,18,439,1012
7230.26,18,439,1012
7230.35,18,439,1012
7230.45,18,439,1012
7230.54,18,439,1012
7230.64,18,439,1012
7230.73,18,439,1012
7230.83,18,439,1012
7230.92,18,439,1012
7240.08,8,439,1022
7240.18,8,439,1022
7240.27,8,439,1022
7240.36,8,439,1022
7240.46,8,439,1022
7240.55,8,439,1022
7240.65,8,439,1022
7240.74,8,439,1022
7240.84,8,439,1022
7240.93,7,439,1023
7250.02,5,439,1025
7250.12,5,439,1025
7250.21,5,439,1025
7250.31,5,439,1025
7250.50,5,439,1025
7250.59,5,439,1025
7250.68,5,439,1025
7250.78,5,439,1025
7250.87,5,439,1025
7250.97,5,439,1025
7260.06,5,439,1025
7260.15,5,439,1025
7260.25,5,439,1025
7260.34,5,439,1025
7260.44,5,439,1025
7260.53,5,439,1025
7260.63,5,439,1025
7260.72,5,439,1025
7260.81,5,439,1025
7260.91,5,439,1025
7261.00,5,439,1025
7270.05,5,439,1025
7270.14,5,439,1025
7270.24,5,439,1025
7270.33,5,439,1025
7270.43,5,439,1025
7270.52,5,439,1025
7270.61,5,439,1025
7270.71,5,439,1025
7270.80,5,439,1025
7270.90,5,439,1025
7280.04,16,440,1026
7280.13,16,440,1026
7280.23,16,440,1026
7280.32,16,440,1026
7280.42,16,440,1026
7280.51,16,440,1026
7280.61,16,440,1026
7280.70,16,440,1026
7280.79,16,440,1026
7280.89,16,440,1026
7280.99,16,440,1026
7290.06,19,443,1026
7290.16,19,443,1026
7290.25,19,443,1026
7290.35,20,444,1026
7290.44,20,444,1026
7290.54,20,444,1026
7290.63,20,444,1026
7290.72,20,444,1026
7290.82,20,444,1026
7290.91,20,444,1026
7300.06,21,445,1026
7300.15,21,445,1026
7300.25,21,445,1026
7300.34,21,445,1026
7300.44,21,445,1026
7300.53,21,445,1026
7300.62,21,445,1026
7300.72,21,445,1026
7300.81,21,445,1026
7300.91,21,445,1026
7301.00,21,445,1026
7310.10,22,446,1026
7310.19,22,446,1026
7310.29,22,446,1026
7310.38,22,446,1026
7310.48,22,446,1026
7310.57,22,446,1026
7310.66,22,446,1026
7310.76,22,446,1026
7310.85,22,446,1026
7310.95,22,446,1026
7320.02,19,446,1029
7320.11,19,446,1029
7320.21,19,446,1029
7320.30,19,446,1029
7320.39,19,446,1029
7320.49,19,446,1029
7320.59,19,446,1029
7320.68,19,446,1029
7320.77,19,446,1029
7320.87,19,446,1029
7320.96,19,446,1029
7330.14,19,446,1029
7330.24,19,446,1029
7330.33,19,446,1029
7330.43,19,446,1029
7330.52,19,446,1029
7330.61,19,446,1029
7330.71,19,446,1029
7330.80,19,446,1029
7330.90,19,446,1029
7330.99,19,446,1029
7340.01,19,446,1029
7340.10,19,446,1029
7340.29,19,446,1029
7340.39,19,446,1029
7340.48,19,446,1029
7340.58,19,446,1029
7340.67,19,446,1029
7340.77,19,446,1029
7340.86,19,446,1029
7340.95,19,446,1029
7350.05,19,446,1029
7350.15,19,446,1029
7350.24,19,446,1029
7350.34,19,446,1029
7350.43,19,446,1029
7350.52,19,446,1029
7350.62,19,446,1029
7350.72,19,446,1029
7350.81,19,446,1029
7350.90,19,446,1029
7351.00,19,446,1029
7360.06,19,446,1029
7360.15,19,446,1029
7360.25,19,446,1029
7360.34,19,446,1029
7360.44,19,446,1029
7360.53,19,446,1029
7360.63,19,446,1029
7360.81,19,446,1029
7360.91,19,446,1029
7361.00,19,446,1029
7370.06,18,446,1030
7370.15,18,446,1030
7370.25,18,446,1030
7370.34,18,446,1030
7370.43,18,446,1030
7370.53,18,446,1030
7370.62,18,446,1030
7370.72,18,446,1030
7370.81,18,446,1030
7370.91,18,446,1030
7371.00,18,446,1030
7380.09,18,446,1030
7380.18,18,446,1030
7380.28,18,446,1030
7380.37,18,446,1030
7380.46,18,446,1030
7380.56,18,446,1030
7380.65,18,446,1030
7380.75,18,446,1030
7380.84,18,446,1030
7380.94,18,446,1030
7390.01,18,446,1030
7390.10,18,446,1030
7390.20,18,446,1030
7390.29,18,446,1030
7390.39,18,446,1030
7390.48,18,446,1030
7390.58,18,446,1030
7390.67,18,446,1030
7390.86,18,446,1030
7390.95,18,446,1030
7400.03,7,446,1041
7400.12,7,446,1041
7400.22,7,446,1041
7400.31,7,446,1041
7400.41,7,446,1041
7400.50,7,446,1041
7400.60,7,446,1041
7400.69,7,446,1041
7400.79,7,446,1041
7400.88,7,446,1041
7400.98,7,446,1041
7410.06,17,448,1044
7410.15,17,448,1044
7410.25,17,448,1044
7410.34,17,448,1044
7410.44,17,448,1044
7410.53,17,448,1044
7410.62,17,448,1044
7410.72,17,448,1044
7410.81,18,449,1044
7410.91,18,449,1044
7411.00,18,449,1044
7420.07,19,450,1044
7420.16,19,450,1044
7420.26,19,450,1044
7420.35,19,450,1044
7420.45,20,451,1044
7420.54,20,451,1044
7420.64,20,451,1044
7420.73,20,451,1044
7420.82,20,451,1044
7420.92,20,451,1044
7430.17,21,452,1044
7430.27,21,452,1044
7430.36,21,452,1044
7430.46,21,452,1044
7430.55,21,452,1044
7430.65,21,452,1044
7430.74,21,452,1044
7430.84,21,452,1044
7430.93,21,452,1044
7440.12,23,454,1044
7440.22,23,454,1044
7440.31,23,454,1044
7440.40,23,454,1044
7440.50,23,454,1044
7440.59,23,454,1044
7440.69,23,454,1044
7440.78,23,454,1044
7440.88,23,454,1044
7440.97,23,454,1044
7450.05,23,454,1044
7450.15,23,454,1044
7450.24,23,454,1044
7450.34,23,454,1044
7450.43,23,454,1044
7450.53,23,454,1044
7450.62,23,454,1044
7450.72,23,454,1044
7450.81,23,454,1044
7450.90,23,454,1044
7450.99,23,454,1044
7460.01,23,454,1044
7460.10,23,454,1044
7460.20,23,454,1044
7460.29,23,454,1044
7460.39,23,454,1044
7460.48,23,454,1044
7460.57,23,454,1044
7460.67,23,454,1044
7460.76,23,454,1044
7460.86,23,454,1044
7460.95,23,454,1044
7470.09,22,454,1045
7470.19,22,454,1045
7470.28,22,454,1045
7470.38,22,454,1045
7470.47,22,454,1045
7470.57,22,454,1045
7470.76,22,454,1045
7470.85,22,454,1045
7470.95,22,454,1045
7480.03,21,454,1046
7480.12,21,454,1046
7480.22,21,454,1046
7480.31,21,454,1046
7480.41,21,454,1046
7480.50,21,454,1046
7480.59,21,454,1046
7480.69,21,454,1046
7480.78,21,454,1046
7480.87,21,454,1046
7480.97,21,454,1046
7490.05,20,454,1047
7490.14,20,454,1047
7490.24,20,454,1047
7490.33,20,454,1047
7490.42,20,454,1047
7490.52,20,454,1047
7490.61,20,454,1047
7490.71,20,454,1047
7490.80,20,454,1047
7490.89,20,454,1047
7490.99,20,454,1047
7500.04,19,454,1048
7500.14,19,454,1048
7500.23,19,454,1048
7500.33,19,454,1048
7500.42,19,454,1048
7500.51,19,454,1048
7500.70,19,454,1048
7500.79,19,454,1048
7500.89,19,454,1048
7500.98,19,454,1048
7510.07,19,454,1048
7510.16,19,454,1048
7510.26,19,454,1048
7510.35,19,454,1048
7510.45,19,454,1048
7510.54,19,454,1048
7510.64,19,454,1048
7510.73,19,454,1048
7510.83,19,454,1048
7510.92,19,454,1048
7520.16,19,454,1048
7520.25,19,454,1048
7520.35,19,454,1048
7520.44,19,454,1048
7520.54,19,454,1048
7520.63,19,454,1048
7520.72,19,454,1048
7520.82,19,454,1048
7520.91,19,454,1048
7530.02,5,454,1062
7530.11,5,454,1062
7530.21,5,454,1062
7530.30,5,454,1062
7530.40,5,454,1062
7530.49,5,454,1062
7530.68,5,454,1062
7530.77,5,454,1062
7530.87,5,454,1062
7530.96,5,454,1062
7540.04,5,454,1062
7540.14,5,454,1062
7540.23,5,454,1062
7540.33,5,454,1062
7540.42,5,454,1062
7540.51,5,454,1062
7540.61,5,454,1062
7540.70,5,454,1062
7540.80,5,454,1062
7540.89,5,454,1062
7540.99,5,454,1062
7550.06,16,455,1063
7550.16,16,455,1063
7550.25,16,455,1063
7550.35,16,455,1063
7550.44,16,455,1063
7550.54,17,456,1063
7550.63,17,456,1063
7550.73,17,456,1063
7550.82,17,456,1063
7550.92,18,457,1063
7560.08,19,459,1064
7560.20,19,459,1064
7560.29,19,459,1064
7560.39,19,459,1064
7560.48,19,459,1064
7560.57,19,459,1064
7560.67,19,459,1064
7560.76,19,459,1064
7560.86,19,459,1064
7560.95,19,459,1064
7570.09,20,460,1064
7570.18,20,460,1064
7570.28,20,460,1064
7570.37,20,460,1064
7570.46,20,460,1064
7570.56,20,460,1064
7570.65,20,460,1064
7570.75,20,460,1064
7570.84,20,460,1064
7570.94,20,460,1064
7580.02,21,461,1064
7580.12,21,461,1064
7580.21,21,461,1064
7580.31,21,461,1064
7580.40,21,461,1064
7580.49,21,461,1064
7580.59,21,461,1064
7580.68,21,461,1064
7580.78,21,461,1064
7580.87,21,461,1064
7580.97,21,461,1064
7590.05,22,462,1064
7590.14,22,462,1064
7590.24,22,462,1064
7590.33,22,462,1064
7590.43,22,462,1064
7590.52,22,462,1064
7590.62,22,462,1064
7590.71,22,462,1064
7590.80,22,462,1064
7590.90,22,462,1064
7600.09,22,462,1064
7600.19,22,462,1064
7600.28,22,462,1064
7600.37,22,462,1064
7600.47,22,462,1064
7600.56,22,462,1064
7600.65,22,462,1064
7600.75,22,462,1064
7600.84,22,462,1064
7600.93,22,462,1064
7610.10,22,462,1064
7610.19,22,462,1064
7610.29,22,462,1064
7610.38,22,462,1064
7610.50,22,462,1064
7610.60,22,462,1064
7610.69,22,462,1064
7610.79,22,462,1064
7610.88,22,462,1064
7610.97,22,462,1064
7620.02,20,462,1066
7620.12,20,462,1066
7620.21,20,462,1066
7620.30,20,462,1066
7620.40,20,462,1066
7620.49,20,462,1066
7620.58,20,462,1066
7620.68,20,462,1066
7620.77,20,462,1066
7620.87,20,462,1066
7620.96,20,462,1066
7630.03,20,462,1066
7630.13,20,462,1066
7630.22,20,462,1066
7630.32,20,462,1066
7630.41,20,462,1066
7630.51,20,462,1066
7630.60,20,462,1066
7630.70,20,462,1066
7630.79,20,462,1066
7630.89,20,462,1066
7630.98,20,462,1066
7640.06,19,462,1067
7640.15,19,462,1067
7640.25,19,462,1067
7640.34,19,462,1067
7640.43,19,462,1067
7640.53,19,462,1067
7640.62,19,462,1067
7640.71,19,462,1067
7640.81,19,462,1067
7640.90,19,462,1067
7641.00,19,462,1067
7650.02,19,462,1067
7650.12,19,462,1067
7650.21,19,462,1067
7650.31,19,462,1067
7650.40,19,462,1067
7650.49,19,462,1067
7650.59,19,462,1067
7650.68,19,462,1067
7650.78,19,462,1067
7650.97,19,462,1067
7660.07,19,462,1067
7660.17,19,462,1067
7660.26,19,462,1067
7660.36,19,462,1067
7660.45,19,462,1067
7660.54,19,462,1067
7660.64,19,462,1067
7660.73,19,462,1067
7660.86,19,462,1067
7660.95,19,462,1067
7670.01,5,462,1081
7670.11,5,462,1081
7670.20,5,462,1081
7670.30,5,462,1081
7670.39,5,462,1081
7670.58,5,462,1081
7670.67,5,462,1081
7670.77,5,462,1081
7670.86,5,462,1081
7670.96,5,462,1081
7680.07,18,466,1083
7680.16,18,466,1083
7680.26,18,466,1083
7680.35,18,466,1083
7680.45,18,466,1083
7680.54,18,466,1083
7680.73,18,466,1083
7680.83,18,466,1083
7680.92,18,466,1083
7690.03,21,469,1083
7690.12,21,469,1083
7690.22,21,469,1083
7690.31,21,469,1083
7690.41,21,469,1083
7690.50,21,469,1083
7690.60,21,469,1083
7690.69,21,469,1083
7690.78,21,469,1083
7690.88,21,469,1083
7700.09,22,470,1083
7700.18,22,470,1083
7700.28,22,470,1083
7700.37,22,470,1083
7700.47,22,470,1083
7700.56,22,470,1083
7700.65,22,470,1083
7700.75,22,470,1083
7700.84,22,470,1083
7700.94,22,470,1083
7710.08,23,471,1083
7710.17,23,471,1083
7710.27,23,471,1083
7710.36,23,471,1083
7710.46,23,471,1083
7710.55,23,471,1083
7710.65,23,471,1083
7710.74,23,471,1083
7710.83,23,471,1083
7710.93,23,471,1083
7720.03,23,471,1083
7720.13,23,471,1083
7720.22,23,471,1083
7720.32,23,471,1083
7720.41,23,471,1083
7720.51,23,471,1083
7720.60,23,471,1083
7720.69,23,471,1083
7720.79,23,471,1083
7720.88,23,471,1083
7720.98,23,471,1083
7730.07,23,471,1083
7730.16,23,471,1083
7730.26,23,471,1083
7730.35,23,471,1083
7730.45,23,471,1083
7730.54,23,471,1083
7730.63,23,471,1083
7730.73,23,471,1083
7730.82,23,471,1083
7730.92,23,471,1083
7740.02,23,471,1083
7740.11,23,471,1083
7740.21,23,471,1083
7740.30,23,471,1083
7740.39,23,471,1083
7740.50,23,471,1083
7740.60,23,471,1083
7740.69,23,471,1083
7740.79,23,471,1083
7740.88,23,471,1083
7740.98,23,471,1083
7750.06,22,471,1084
7750.25,22,471,1084
7750.34,22,471,1084
7750.44,22,471,1084
7750.53,22,471,1084
7750.63,22,471,1084
7750.72,22,471,1084
7750.82,22,471,1084
7750.91,22,471,1084
7760.06,22,471,1084
7760.15,22,471,1084
7760.25,22,471,1084
7760.34,22,471,1084
7760.44,22,471,1084
7760.53,22,471,1084
7760.63,22,471,1084
7760.72,22,471,1084
7760.81,22,471,1084
7760.91,22,471,1084
7761.00,22,471,1084
7770.08,22,471,1084
7770.18,22,471,1084
7770.27,22,471,1084
7770.36,22,471,1084
7770.46,22,471,1084
7770.55,22,471,1084
7770.74,22,471,1084
7770.84,22,471,1084
7770.93,22,471,1084
7780.03,20,471,1086
7780.13,20,471,1086
7780.22,20,471,1086
7780.31,20,471,1086
7780.41,20,471,1086
7780.50,20,471,1086
7780.60,20,471,1086
7780.69,20,471,1086
7780.79,20,471,1086
7780.88,20,471,1086
7780.98,20,471,1086
7790.08,20,471,1086
7790.17,20,471,1086
7790.27,20,471,1086
7790.36,9,471,1097
7790.46,9,471,1097
7790.55,9,471,1097
7790.64,9,471,1097
7790.74,9,471,1097
7790.83,9,471,1097
7790.92,9,471,1097
7800.04,5,471,1101
7800.13,5,471,1101
7800.22,5,471,1101
7800.32,5,471,1101
7800.41,5,471,1101
7800.51,5,471,1101
7800.60,5,471,1101
7800.69,5,471,1101
7800.79,5,471,1101
7800.88,5,471,1101
7800.98,5,471,1101
7810.05,18,475,1103
7810.15,18,475,1103
7810.24,18,475,1103
7810.34,18,475,1103
7810.43,18,475,1103
7810.52,18,475,1103
7810.62,18,475,1103
7810.71,18,475,1103
7810.81,18,475,1103
7810.90,18,475,1103
7810.99,18,475,1103
7820.06,18,476,1104
7820.15,18,476,1104
7820.25,18,476,1104
7820.34,18,476,1104
7820.43,18,476,1104
7820.53,18,476,1104
7820.62,18,476,1104
7820.72,18,476,1104
7820.81,18,476,1104
7820.91,18,476,1104
7821.00,18,476,1104
7830.01,19,477,1104
7830.11,19,477,1104
7830.20,19,477,1104
7830.29,19,477,1104
7830.39,19,477,1104
7830.48,19,477,1104
7830.58,19,477,1104
7830.67,19,477,1104
7830.77,19,477,1104
7830.86,19,477,1104
7830.95,19,477,1104
7840.04,19,477,1104
7840.13,19,477,1104
7840.23,20,478,1104
7840.32,20,478,1104
7840.42,20,478,1104
7840.51,20,478,1104
7840.61,20,478,1104
7840.70,20,478,1104
7840.79,20,478,1104
7840.89,20,478,1104
7840.98,20,478,1104
7850.05,21,479,1104
7850.18,21,479,1104
7850.27,21,479,1104
7850.37,21,479,1104
7850.46,21,479,1104
7850.56,21,479,1104
7850.75,21,479,1104
7850.84,21,479,1104
7850.93,21,479,1104
7860.01,21,479,1104
7860.11,21,479,1104
7860.20,21,479,1104
7860.30,21,479,1104
7860.39,21,479,1104
7860.49,21,479,1104
7860.58,21,479,1104
7860.68,21,479,1104
7860.77,21,479,1104
7860.86,21,479,1104
7860.96,21,479,1104
7870.06,21,479,1104
7870.16,21,479,1104
7870.25,21,479,1104
7870.35,21,479,1104
7870.44,21,479,1104
7870.54,21,479,1104
7870.63,21,479,1104
7870.73,21,479,1104
7870.91,21,479,1104
7880.03,20,479,1105
7880.12,20,479,1105
7880.22,20,479,1105
7880.31,20,479,1105
7880.41,20,479,1105
7880.50,20,479,1105
7880.60,20,479,1105
7880.69,20,479,1105
7880.79,20,479,1105
7880.88,20,479,1105
7880.98,20,479,1105
7890.08,20,479,1105
7890.17,20,479,1105
7890.26,20,479,1105
7890.36,20,479,1105
7890.45,20,479,1105
7890.55,20,479,1105
7890.64,20,479,1105
7890.73,20,479,1105
7890.83,20,479,1105
7890.92,20,479,1105
7900.08,20,479,1105
7900.18,20,479,1105
7900.27,20,479,1105
7900.37,20,479,1105
7900.46,20,479,1105
7900.68,20,479,1105
7900.77,20,479,1105
7900.86,20,479,1105
7900.96,20,479,1105
7910.04,19,479,1106
7910.13,19,479,1106
7910.23,19,479,1106
7910.32,19,479,1106
7910.42,19,479,1106
7910.51,19,479,1106
7910.61,19,479,1106
7910.70,19,479,1106
7910.80,19,479,1106
7910.89,19,479,1106
7910.98,19,479,1106
7920.08,19,479,1106
7920.18,19,479,1106
7920.27,19,479,1106
7920.37,19,479,1106
7920.46,19,479,1106
7920.56,19,479,1106
7920.65,19,479,1106
7920.75,19,479,1106
7920.84,19,479,1106
7920.93,8,479,1117
7930.01,17,481,1121
7930.11,17,481,1121
7930.20,17,481,1121
7930.30,17,481,1121
7930.39,17,481,1121
7930.48,17,481,1121
7930.58,17,481,1121
7930.67,17,481,1121
7930.77,17,481,1121
7930.86,18,482,1121
7930.96,18,482,1121
7940.06,20,484,1121
7940.25,20,484,1121
7940.35,20,484,1121
7940.44,20,484,1121
7940.54,20,484,1121
7940.63,20,484,1121
7940.73,20,484,1121
7940.82,20,484,1121
7940.92,20,484,1121
7950.07,22,486,1121
7950.16,22,486,1121
7950.26,22,486,1121
7950.35,22,486,1121
7950.45,22,486,1121
7950.54,22,486,1121
7950.63,22,486,1121
7950.73,22,486,1121
7950.82,22,486,1121
7950.95,22,486,1121
7960.04,21,486,1122
7960.13,21,486,1122
7960.23,21,486,1122
7960.32,21,486,1122
7960.41,21,486,1122
7960.51,21,486,1122
7960.60,21,486,1122
7960.70,21,486,1122
7960.79,21,486,1122
7960.89,21,486,1122
7960.98,21,486,1122
7970.07,22,487,1122
7970.16,22,487,1122
7970.26,22,487,1122
7970.35,22,487,1122
7970.45,22,487,1122
7970.54,22,487,1122
7970.64,22,487,1122
7970.74,22,487,1122
7970.83,22,487,1122
7970.92,22,487,1122
7980.02,22,487,1122
7980.11,22,487,1122
7980.21,22,487,1122
7980.30,22,487,1122
7980.40,22,487,1122
7980.49,22,487,1122
7980.59,22,487,1122
7980.68,22,487,1122
7980.77,22,487,1122
7980.87,22,487,1122
7980.96,22,487,1122
7990.04,22,487,1122
7990.13,22,487,1122
7990.23,22,487,1122
7990.32,22,487,1122
7990.51,22,487,1122
7990.60,22,487,1122
7990.70,22,487,1122
7990.79,22,487,1122
7990.88,22,487,1122
7990.98,22,487,1122
8000.05,22,487,1122
8000.15,22,487,1122
8000.24,22,487,1122
8000.34,22,487,1122
8000.43,22,487,1122
8000.53,22,487,1122
8000.62,22,487,1122
8000.71,22,487,1122
8000.81,22,487,1122
8000.90,22,487,1122
8000.99,22,487,1122
8010.09,22,487,1122
8010.19,22,487,1122
8010.28,22,487,1122
8010.38,22,487,1122
8010.47,22,487,1122
8010.56,22,487,1122
8010.66,22,487,1122
8010.75,22,487,1122
8010.85,22,487,1122
8010.94,22,487,1122
8020.03,21,487,1123
8020.13,21,487,1123
8020.22,21,487,1123
8020.31,21,487,1123
8020.41,21,487,1123
8020.50,21,487,1123
8020.60,21,487,1123
8020.69,21,487,1123
8020.79,21,487,1123
8020.97,21,487,1123
8030.08,20,487,1124
8030.17,20,487,1124
8030.27,20,487,1124
8030.36,20,487,1124
8030.45,20,487,1124
8030.55,20,487,1124
8030.64,20,487,1124
8030.73,20,487,1124
8030.82,20,487,1124
8030.92,20,487,1124
8040.03,20,487,1124
8040.12,20,487,1124
8040.21,20,487,1124
8040.31,20,487,1124
8040.40,20,487,1124
8040.59,20,487,1124
8040.68,20,487,1124
8040.78,20,487,1124
8040.87,20,487,1124
8040.96,20,487,1124
8050.02,7,487,1137
8050.11,7,487,1137
8050.21,7,487,1137
8050.30,7,487,1137
8050.40,7,487,1137
8050.49,7,487,1137
8050.58,7,487,1137
8050.68,7,487,1137
8050.77,7,487,1137
8050.87,7,487,1137
8050.96,7,487,1137
8060.05,15,487,1140
8060.15,15,487,1140
8060.24,15,487,1140
8060.34,15,487,1140
8060.43,15,487,1140
8060.53,15,487,1140
8060.62,15,487,1140
8060.71,15,487,1140
8060.81,15,487,1140
8060.90,15,487,1140
8060.99,15,487,1140
8070.10,17,490,1141
8070.19,17,490,1141
8070.29,17,490,1141
8070.38,17,490,1141
8070.47,17,490,1141
8070.57,17,490,1141
8070.67,17,490,1141
8070.76,17,490,1141
8070.85,17,490,1141
8070.95,17,490,1141
8080.03,22,495,1141
8080.13,22,495,1141
8080.22,22,495,1141
8080.32,22,495,1141
8080.41,22,495,1141
8080.51,22,495,1141
8080.60,22,495,1141
8080.70,22,495,1141
8080.79,22,495,1141
8080.89,22,495,1141
8080.98,22,495,1141
8090.06,22,495,1141
8090.16,22,495,1141
8090.25,22,495,1141
8090.35,22,495,1141
8090.44,22,495,1141
8090.54,22,495,1141
8090.63,22,495,1141
8090.72,22,495,1141
8090.82,22,495,1141
8090.91,22,495,1141
8100.08,23,496,1141
8100.17,23,496,1141
8100.27,23,496,1141
8100.45,23,496,1141
8100.55,23,496,1141
8100.64,23,496,1141
8100.74,23,496,1141
8100.83,23,496,1141
8100.93,23,496,1141
8110.02,23,496,1141
8110.12,23,496,1141
8110.21,23,496,1141
8110.30,23,496,1141
8110.40,23,496,1141
8110.49,23,496,1141
8110.58,23,496,1141
8110.68,23,496,1141
8110.77,23,496,1141
8110.87,23,496,1141
8110.96,23,496,1141
8120.05,23,496,1141
8120.14,23,496,1141
8120.24,23,496,1141
8120.33,23,496,1141
8120.43,23,496,1141
8120.52,23,496,1141
8120.61,23,496,1141
8120.71,23,496,1141
8120.80,23,496,1141
8120.99,23,496,1141
8130.01,21,496,1143
8130.10,21,496,1143
8130.20,21,496,1143
8130.29,21,496,1143
8130.38,21,496,1143
8130.48,21,496,1143
8130.57,21,496,1143
8130.67,21,496,1143
8130.76,21,496,1143
8130.95,21,496,1143
8140.05,21,496,1143
8140.14,21,496,1143
8140.24,21,496,1143
8140.33,21,496,1143
8140.43,21,496,1143
8140.52,21,496,1143
8140.62,21,496,1143
8140.71,21,496,1143
8140.81,21,496,1143
8140.90,21,496,1143
8140.99,21,496,1143
8150.07,21,496,1143
8150.17,21,496,1143
8150.26,21,496,1143
8150.35,21,496,1143
8150.45,21,496,1143
8150.54,21,496,1143
8150.64,21,496,1143
8150.73,21,496,1143
8150.82,21,496,1143
8150.92,21,496,1143
8160.10,21,496,1143
8160.19,21,496,1143
8160.29,21,496,1143
8160.38,21,496,1143
8160.48,21,496,1143
8160.57,21,496,1143
8160.67,21,496,1143
8160.76,21,496,1143
8160.86,21,496,1143
8160.95,21,496,1143
8170.05,20,496,1144
8170.15,20,496,1144
8170.24,20,496,1144
8170.34,20,496,1144
8170.43,20,496,1144
8170.52,20,496,1144
8170.62,20,496,1144
8170.71,20,496,1144
8170.81,20,496,1144
8170.91,20,496,1144
8171.00,20,496,1144
8180.08,10,496,1154
8180.17,10,496,1154
8180.27,10,496,1154
8180.36,10,496,1154
8180.46,10,496,1154
8180.55,10,496,1154
8180.64,10,496,1154
8180.74,10,496,1154
8180.83,10,496,1154
8180.93,10,496,1154
8190.07,5,496,1159
8190.16,5,496,1159
8190.26,5,496,1159
8190.35,5,496,1159
8190.45,5,496,1159
8190.54,5,496,1159
8190.64,5,496,1159
8190.73,5,496,1159
8190.83,5,496,1159
8190.92,5,496,1159
8200.07,17,500,1162
8200.17,17,500,1162
8200.26,17,500,1162
8200.36,17,500,1162
8200.45,17,500,1162
8200.54,17,500,1162
8200.64,17,500,1162
8200.81,17,500,1162
8200.90,17,500,1162
8201.00,17,500,1162
8210.07,18,501,1162
8210.16,18,501,1162
8210.26,18,501,1162
8210.35,18,501,1162
8210.45,18,501,1162
8210.54,18,501,1162
8210.64,18,501,1162
8210.73,18,501,1162
8210.83,18,501,1162
8210.92,18,501,1162
8220.01,21,504,1162
8220.11,21,504,1162
8220.20,21,504,1162
8220.30,21,504,1162
8220.39,21,504,1162
8220.49,21,504,1162
8220.58,21,504,1162
8220.67,21,504,1162
8220.77,21,504,1162
8220.86,21,504,1162
8220.96,21,504,1162
8230.02,22,505,1162
8230.12,22,505,1162
8230.21,22,505,1162
8230.38,22,505,1162
8230.48,22,505,1162
8230.57,22,505,1162
8230.67,22,505,1162
8230.76,22,505,1162
8230.86,22,505,1162
8230.95,22,505,1162
8240.09,22,505,1162
8240.18,22,505,1162
8240.31,22,505,1162
8240.40,22,505,1162
8240.50,22,505,1162
8240.59,22,505,1162
8240.68,22,505,1162
8240.78,22,505,1162
8240.87,22,505,1162
8240.97,22,505,1162
8250.04,22,505,1162
8250.13,22,505,1162
8250.22,22,505,1162
8250.32,22,505,1162
8250.41,22,505,1162
8250.51,22,505,1162
8250.60,22,505,1162
8250.70,22,505,1162
8250.79,22,505,1162
8250.88,22,505,1162
8250.98,22,505,1162
8260.01,21,505,1163
8260.10,21,505,1163
8260.20,21,505,1163
8260.29,21,505,1163
8260.39,21,505,1163
8260.48,21,505,1163
8260.57,21,505,1163
8260.67,21,505,1163
8260.76,21,505,1163
8260.85,21,505,1163
8260.95,21,505,1163
8270.05,21,505,1163
8270.14,21,505,1163
8270.24,21,505,1163
8270.33,21,505,1163
8270.43,21,505,1163
8270.52,21,505,1163
8270.62,21,505,1163
8270.71,21,505,1163
8270.81,21,505,1163
8270.90,21,505,1163
8270.99,21,505,1163
8280.04,21,505,1163
8280.14,21,505,1163
8280.23,21,505,1163
8280.32,21,505,1163
8280.42,21,505,1163
8280.51,21,505,1163
8280.61,21,505,1163
8280.70,21,505,1163
8280.80,21,505,1163
8280.89,21,505,1163
8280.99,21,505,1163
8290.08,20,505,1164
8290.17,20,505,1164
8290.26,20,505,1164
8290.37,20,505,1164
8290.47,20,505,1164
8290.56,20,505,1164
8290.66,20,505,1164
8290.75,20,505,1164
8290.85,20,505,1164
8300.01,20,505,1164
8300.10,20,505,1164
8300.20,20,505,1164
8300.29,20,505,1164
8300.39,20,505,1164
8300.48,20,505,1164
8300.57,20,505,1164
8300.67,20,505,1164
8300.76,20,505,1164
8300.86,20,505,1164
8300.95,20,505,1164
8310.07,20,505,1164
8310.16,20,505,1164
8310.26,20,505,1164
8310.35,20,505,1164
8310.45,20,505,1164
8310.54,20,505,1164
8310.64,20,505,1164
8310.73,9,505,1175
8310.82,9,505,1175
8310.92,8,505,1176
8320.04,5,505,1179
8320.14,5,505,1179
8320.23,5,505,1179
8320.33,5,505,1179
8320.42,5,505,1179
8320.51,5,505,1179
8320.61,5,505,1179
8320.70,5,505,1179
8320.80,5,505,1179
8320.90,15,505,1180
8320.99,15,505,1180
8330.03,16,507,1181
8330.13,16,507,1181
8330.30,16,507,1181
8330.39,16,507,1181
8330.49,16,507,1181
8330.58,16,507,1181
8330.68,16,507,1181
8330.77,16,507,1181
8330.87,16,507,1181
8330.96,16,507,1181
8340.03,16,508,1182
8340.13,16,508,1182
8340.22,16,508,1182
8340.32,16,508,1182
8340.41,16,508,1182
8340.52,16,508,1182
8340.62,16,508,1182
8340.71,17,509,1182
8340.81,18,510,1182
8340.90,18,510,1182
8341.00,18,510,1182
8350.03,19,511,1182
8350.13,19,511,1182
8350.22,19,511,1182
8350.31,19,511,1182
8350.41,19,511,1182
8350.50,19,511,1182
8350.60,19,511,1182
8350.69,19,511,1182
8350.79,19,511,1182
8350.88,19,511,1182
8350.98,19,511,1182
8360.05,20,512,1182
8360.14,20,512,1182
8360.23,20,512,1182
8360.33,20,512,1182
8360.42,20,512,1182
8360.52,20,512,1182
8360.61,20,512,1182
8360.70,20,512,1182
8360.80,20,512,1182
8360.89,20,512,1182
8360.99,20,512,1182
8370.08,20,512,1182
8370.18,20,512,1182
8370.27,20,512,1182
8370.37,20,512,1182
8370.46,20,512,1182
8370.56,20,512,1182
8370.65,20,512,1182
8370.75,20,512,1182
8370.84,20,512,1182
8370.94,20,512,1182
8380.06,20,512,1182
8380.16,20,512,1182
8380.25,20,512,1182
8380.35,20,512,1182
8380.44,20,512,1182
8380.53,20,512,1182
8380.63,20,512,1182
8380.72,20,512,1182
8380.82,20,512,1182
8380.91,20,512,1182
8390.02,20,512,1182
8390.11,20,512,1182
8390.21,20,512,1182
8390.30,20,512,1182
8390.40,20,512,1182
8390.49,20,512,1182
8390.59,20,512,1182
8390.70,20,512,1182
8390.79,20,512,1182
8390.89,20,512,1182
8390.98,20,512,1182
8400.05,20,512,1182
8400.14,20,512,1182
8400.24,20,512,1182
8400.33,20,512,1182
8400.43,20,512,1182
8400.52,20,512,1182
8400.62,20,512,1182
8400.80,20,512,1182
8400.90,20,512,1182
8400.99,20,512,1182
8410.05,20,512,1182
8410.14,20,512,1182
8410.24,20,512,1182
8410.33,20,512,1182
8410.43,20,512,1182
8410.52,20,512,1182
8410.62,20,512,1182
8410.71,20,512,1182
8410.80,20,512,1182
8410.90,20,512,1182
8410.99,20,512,1182
8420.07,19,512,1183
8420.17,19,512,1183
8420.26,19,512,1183
8420.35,19,512,1183
8420.45,19,512,1183
8420.54,19,512,1183
8420.64,19,512,1183
8420.73,19,512,1183
8420.83,19,512,1183
8420.92,19,512,1183
8430.04,18,512,1184
8430.14,18,512,1184
8430.23,18,512,1184
8430.32,18,512,1184
8430.42,18,512,1184
8430.51,18,512,1184
8430.61,18,512,1184
8430.70,18,512,1184
8430.80,18,512,1184
8430.89,18,512,1184
8430.99,18,512,1184
8440.02,8,512,1194
8440.11,8,512,1194
8440.20,8,512,1194
8440.30,8,512,1194
8440.39,8,512,1194
8440.49,8,512,1194
8440.58,8,512,1194
8440.68,8,512,1194
8440.77,8,512,1194
8440.88,8,512,1194
8440.97,8,512,1194
8450.02,6,512,1196
8450.12,6,512,1196
8450.21,6,512,1196
8450.30,6,512,1196
8450.40,6,512,1196
8450.49,6,512,1196
8450.59,6,512,1196
8450.68,6,512,1196
8450.87,6,512,1196
8450.96,6,512,1196
8460.13,15,512,1198
8460.23,15,512,1198
8460.32,15,512,1198
8460.41,15,512,1198
8460.51,15,512,1198
8460.60,15,512,1198
8460.70,15,512,1198
8460.79,15,512,1198
8460.88,15,512,1198
8460.98,15,512,1198
8470.05,19,516,1198
8470.14,19,516,1198
8470.24,19,516,1198
8470.33,19,516,1198
8470.43,19,516,1198
8470.52,19,516,1198
8470.62,19,516,1198
8470.71,19,516,1198
8470.80,19,516,1198
8470.90,19,516,1198
8470.99,19,516,1198
8480.09,19,516,1198
8480.18,19,516,1198
8480.27,19,516,1198
8480.37,19,516,1198
8480.46,19,516,1198
8480.56,19,516,1198
8480.65,19,516,1198
8480.75,19,516,1198
8480.84,19,516,1198
8480.93,19,516,1198
8490.06,21,518,1198
8490.16,21,518,1198
8490.25,21,518,1198
8490.35,21,518,1198
8490.44,21,518,1198
8490.54,21,518,1198
8490.63,21,518,1198
8490.73,21,518,1198
8490.82,21,518,1198
8490.92,21,518,1198
8500.02,21,518,1198
8500.12,21,518,1198
8500.21,21,518,1198
8500.30,21,518,1198
8500.40,21,518,1198
8500.49,21,518,1198
8500.59,21,518,1198
8500.68,21,518,1198
8500.78,21,518,1198
8500.87,21,518,1198
8500.97,21,518,1198
8510.09,21,518,1198
8510.19,21,518,1198
8510.28,21,518,1198
8510.38,21,518,1198
8510.55,21,518,1198
8510.65,21,518,1198
8510.74,21,518,1198
8510.83,21,518,1198
8510.93,21,518,1198
8520.01,19,518,1200
8520.10,19,518,1200
8520.19,19,518,1200
8520.29,19,518,1200
8520.38,19,518,1200
8520.48,19,518,1200
8520.57,19,518,1200
8520.67,19,518,1200
8520.76,19,518,1200
8520.85,19,518,1200
8520.95,19,518,1200
8530.03,19,518,1200
8530.12,19,518,1200
8530.22,19,518,1200
8530.31,19,518,1200
8530.40,19,518,1200
8530.50,19,518,1200
8530.59,19,518,1200
8530.69,19,518,1200
8530.78,19,518,1200
8530.88,19,518,1200
8540.03,18,518,1201
8540.12,18,518,1201
8540.22,18,518,1201
8540.31,18,518,1201
8540.40,18,518,1201
8540.50,18,518,1201
8540.60,18,518,1201
8540.69,18,518,1201
8540.78,18,518,1201
8540.88,18,518,1201
8540.97,18,518,1201
8550.01,17,518,1202
8550.10,17,518,1202
8550.20,17,518,1202
8550.29,17,518,1202
8550.39,17,518,1202
8550.48,17,518,1202
8550.67,17,518,1202
8550.76,17,518,1202
8550.86,17,518,1202
8550.95,17,518,1202
8560.03,17,518,1202
8560.13,17,518,1202
8560.22,17,518,1202
8560.31,17,518,1202
8560.41,17,518,1202
8560.50,17,518,1202
8560.60,17,518,1202
8560.69,17,518,1202
8560.79,17,518,1202
8560.88,17,518,1202
8560.98,17,518,1202
8570.04,17,518,1202
8570.14,17,518,1202
8570.23,17,518,1202
8570.33,17,518,1202
8570.42,17,518,1202
8570.51,17,518,1202
8570.61,17,518,1202
8570.70,17,518,1202
8570.80,17,518,1202
8570.89,17,518,1202
8570.98,17,518,1202
8580.05,8,518,1211
8580.14,8,518,1211
8580.23,8,518,1211
8580.33,8,518,1211
8580.42,8,518,1211
8580.51,8,518,1211
8580.61,8,518,1211
8580.79,8,518,1211
8580.89,8,518,1211
8580.98,8,518,1211
8590.03,5,518,1214
8590.12,5,518,1214
8590.22,5,518,1214
8590.31,5,518,1214
8590.40,5,518,1214
8590.50,5,518,1214
8590.59,5,518,1214
8590.69,5,518,1214
8590.78,5,518,1214
8590.88,5,518,1214
8590.97,5,518,1214
8600.04,5,518,1214
8600.13,5,518,1214
8600.23,5,518,1214
8600.32,5,518,1214
8600.41,5,518,1214
8600.51,5,518,1214
8600.60,5,518,1214
8600.70,5,518,1214
8600.79,5,518,1214
8600.89,5,518,1214
8600.98,5,518,1214
8610.07,5,518,1214
8610.17,5,518,1214
8610.27,5,518,1214
8610.36,5,518,1214
8610.55,5,518,1214
8610.64,5,518,1214
8610.74,5,518,1214
8610.83,5,518,1214
8610.93,5,518,1214
8620.08,5,518,1214
8620.18,5,518,1214
8620.27,5,518,1214
8620.36,5,518,1214
8620.46,5,518,1214
8620.65,5,518,1214
8620.74,5,518,1214
8620.83,5,518,1214
8620.93,5,518,1214
8630.01,5,518,1214
8630.10,5,518,1214
8630.19,5,518,1214
8630.29,5,518,1214
8630.38,5,518,1214
8630.48,5,518,1214
8630.57,5,518,1214
8630.67,5,518,1214
8630.76,5,518,1214
8630.85,5,518,1214
8630.95,5,518,1214
8640.04,5,518,1214
8640.13,5,518,1214
8640.32,5,518,1214
8640.41,5,518,1214
8640.50,5,518,1214
8640.60,5,518,1214
8640.69,5,518,1214
8640.79,5,518,1214
8640.88,5,518,1214
8640.98,5,518,1214
8650.08,5,518,1214
8650.17,5,518,1214
8650.27,5,518,1214
8650.36,5,518,1214
8650.46,5,518,1214
8650.55,5,518,1214
8650.65,5,518,1214
8650.74,5,518,1214
8650.84,5,518,1214
8650.98,5,518,1214
8660.09,21,524,1217
8660.18,21,524,1217
8660.28,21,524,1217
8660.37,21,524,1217
8660.46,21,524,1217
8660.56,21,524,1217
8660.65,21,524,1217
8660.74,21,524,1217
8660.84,21,524,1217
8660.93,21,524,1217
8670.04,23,526,1217
8670.13,23,526,1217
8670.23,23,526,1217
8670.32,23,526,1217
8670.42,23,526,1217
8670.51,23,526,1217
8670.60,23,526,1217
8670.70,23,526,1217
8670.79,23,526,1217
8670.89,23,526,1217
8670.98,23,526,1217
8680.08,23,526,1217
8680.17,23,526,1217
8680.27,23,526,1217
8680.44,23,526,1217
8680.53,23,526,1217
8680.63,23,526,1217
8680.72,23,526,1217
8680.82,23,526,1217
8680.91,23,526,1217
8681.00,23,526,1217
8690.07,23,528,1219
8690.17,23,528,1219
8690.27,23,528,1219
8690.37,23,528,1219
8690.46,23,528,1219
8690.55,23,528,1219
8690.65,23,528,1219
8690.74,23,528,1219
8690.84,23,528,1219
8700.05,23,528,1219
8700.15,23,528,1219
8700.25,23,528,1219
8700.35,23,528,1219
8700.44,23,528,1219
8700.54,23,528,1219
8700.63,23,528,1219
8700.73,23,528,1219
8700.82,23,528,1219
8700.91,23,528,1219
8710.18,23,528,1219
8710.29,23,528,1219
8710.38,23,528,1219
8710.48,23,528,1219
8710.57,23,528,1219
8710.66,23,528,1219
8710.76,23,528,1219
8710.85,23,528,1219
8710.95,23,528,1219
8720.02,23,528,1219
8720.11,23,528,1219
8720.21,23,528,1219
8720.31,23,528,1219
8720.41,23,528,1219
8720.50,23,528,1219
8720.60,23,528,1219
8720.69,23,528,1219
8720.79,23,528,1219
8720.88,23,528,1219
8720.98,23,528,1219
8730.11,23,528,1219
8730.22,23,528,1219
8730.33,23,528,1219
8730.42,23,528,1219
8730.52,23,528,1219
8730.61,23,528,1219
8730.71,23,528,1219
8730.80,23,528,1219
8730.90,23,528,1219
8730.99,23,528,1219
8740.04,23,528,1219
8740.13,23,528,1219
8740.23,23,528,1219
8740.33,23,528,1219
8740.42,23,528,1219
8740.51,23,528,1219
8740.61,23,528,1219
8740.70,23,528,1219
8740.79,23,528,1219
8740.89,23,528,1219
8740.98,23,528,1219
8750.09,23,528,1219
8750.26,23,528,1219
8750.36,23,528,1219
8750.47,23,528,1219
8750.56,23,528,1219
8750.66,23,528,1219
8750.75,23,528,1219
8750.85,23,528,1219
8750.94,23,528,1219
8760.10,23,528,1219
8760.19,23,528,1219
8760.29,23,528,1219
8760.38,23,528,1219
8760.49,23,528,1219
8760.59,23,528,1219
8760.68,23,528,1219
8760.78,23,528,1219
8760.87,23,528,1219
8760.96,23,528,1219
8770.05,23,528,1219
8770.14,23,528,1219
8770.23,23,528,1219
8770.33,23,528,1219
8770.43,23,528,1219
8770.53,23,528,1219
8770.63,23,528,1219
8770.81,23,528,1219
8770.91,23,528,1219
8771.00,23,528,1219
8780.07,5,528,1237
8780.25,5,528,1237
8780.35,5,528,1237
8780.46,5,528,1237
8780.57,15,528,1238
8780.66,16,529,1238
8780.76,16,529,1238
8780.85,16,529,1238
8780.95,16,529,1238
8790.07,19,532,1238
8790.17,19,532,1238
8790.26,19,532,1238
8790.36,19,532,1238
8790.45,19,532,1238
8790.55,19,532,1238
8790.64,19,532,1238
8790.74,19,532,1238
8790.83,19,532,1238
8790.93,19,532,1238
8800.08,19,533,1239
8800.17,19,533,1239
8800.27,19,533,1239
8800.36,19,533,1239
8800.46,19,533,1239
8800.55,19,533,1239
8800.76,19,533,1239
8800.85,19,533,1239
8800.95,19,533,1239
8810.03,21,535,1239
8810.13,21,535,1239
8810.23,21,535,1239
8810.32,21,535,1239
8810.41,21,535,1239
8810.51,21,535,1239
8810.60,21,535,1239
8810.69,21,535,1239
8810.88,21,535,1239
8810.98,21,535,1239
8820.02,21,535,1239
8820.11,21,535,1239
8820.21,21,535,1239
8820.30,21,535,1239
8820.39,21,535,1239
8820.49,21,535,1239
8820.58,21,535,1239
8820.68,21,535,1239
8820.79,21,535,1239
8820.88,21,535,1239
8820.98,21,535,1239
8830.04,21,535,1239
8830.13,21,535,1239
8830.23,21,535,1239
8830.32,21,535,1239
8830.51,21,535,1239
8830.60,21,535,1239
8830.72,21,535,1239
8830.83,21,535,1239
8830.92,21,535,1239
8840.06,21,535,1239
8840.16,21,535,1239
8840.25,21,535,1239
8840.35,21,535,1239
8840.44,21,535,1239
8840.54,21,535,1239
8840.63,21,535,1239
8840.73,21,535,1239
8840.82,21,535,1239
8840.92,21,535,1239
8850.07,20,535,1240
8850.16,20,535,1240
8850.26,20,535,1240
8850.35,20,535,1240
8850.44,20,535,1240
8850.54,20,535,1240
8850.63,20,535,1240
8850.73,20,535,1240
8850.82,20,535,1240
8860.02,20,535,1240
8860.11,20,535,1240
8860.21,20,535,1240
8860.30,20,535,1240
8860.40,20,535,1240
8860.49,20,535,1240
8860.59,20,535,1240
8860.68,20,535,1240
8860.77,20,535,1240
8860.87,20,535,1240
8860.98,20,535,1240
8870.05,19,535,1241
8870.14,19,535,1241
8870.24,19,535,1241
8870.33,19,535,1241
8870.42,19,535,1241
8870.61,19,535,1241
8870.71,19,535,1241
8870.80,19,535,1241
8870.89,19,535,1241
8871.00,19,535,1241
8880.06,19,535,1241
8880.15,19,535,1241
8880.25,19,535,1241
8880.34,19,535,1241
8880.44,19,535,1241
8880.53,19,535,1241
8880.63,19,535,1241
8880.72,19,535,1241
8880.81,19,535,1241
8880.91,19,535,1241
8890.09,18,535,1242
8890.19,18,535,1242
8890.28,18,535,1242
8890.38,18,535,1242
8890.47,18,535,1242
8890.56,18,535,1242
8890.66,18,535,1242
8890.75,18,535,1242
8890.85,18,535,1242
8890.94,18,535,1242
8900.03,6,535,1254
8900.13,6,535,1254
8900.22,6,535,1254
8900.32,6,535,1254
8900.41,6,535,1254
8900.50,6,535,1254
8900.60,6,535,1254
8900.69,6,535,1254
8900.79,6,535,1254
8900.88,6,535,1254
8900.98,6,535,1254
8910.03,18,538,1256
8910.13,18,538,1256
8910.22,18,538,1256
8910.32,18,538,1256
8910.41,18,538,1256
8910.51,18,538,1256
8910.69,18,538,1256
8910.79,18,538,1256
8910.89,18,538,1256
8910.98,18,538,1256
8920.08,20,540,1256
8920.17,20,540,1256
8920.27,20,540,1256
8920.36,20,540,1256
8920.46,20,540,1256
8920.55,20,540,1256
8920.64,20,540,1256
8920.74,20,540,1256
8920.83,20,540,1256
8920.93,20,540,1256
8930.10,22,542,1256
8930.19,22,542,1256
8930.28,22,542,1256
8930.38,22,542,1256
8930.47,22,542,1256
8930.57,22,542,1256
8930.66,22,542,1256
8930.76,22,542,1256
8930.85,22,542,1256
8930.95,22,542,1256
8940.04,22,542,1256
8940.13,22,542,1256
8940.23,22,542,1256
8940.32,22,542,1256
8940.42,22,542,1256
8940.51,22,542,1256
8940.61,22,542,1256
8940.70,22,542,1256
8940.80,22,542,1256
8940.89,22,542,1256
8940.98,22,542,1256
8950.06,23,543,1256
8950.15,23,543,1256
8950.25,23,543,1256
8950.34,23,543,1256
8950.44,23,543,1256
8950.53,23,543,1256
8950.63,23,543,1256
8950.82,23,543,1256
8950.91,23,543,1256
8960.09,23,543,1256
8960.18,23,543,1256
8960.28,23,543,1256
8960.38,23,543,1256
8960.47,23,543,1256
8960.56,23,543,1256
8960.66,23,543,1256
8960.75,23,543,1256
8960.85,23,543,1256
8960.94,23,543,1256
8970.06,23,543,1256
8970.25,23,543,1256
8970.34,23,543,1256
8970.44,23,543,1256
8970.53,23,543,1256
8970.62,23,543,1256
8970.72,23,543,1256
8970.81,23,543,1256
8970.90,23,543,1256
8971.00,23,543,1256
8980.08,22,543,1257
8980.17,22,543,1257
8980.26,22,543,1257
8980.36,22,543,1257
8980.45,22,543,1257
8980.55,22,543,1257
8980.64,22,543,1257
8980.73,22,543,1257
8980.83,22,543,1257
8980.92,22,543,1257
8990.08,21,543,1258
8990.18,21,543,1258
8990.27,21,543,1258
8990.36,21,543,1258
8990.46,21,543,1258
8990.55,21,543,1258
8990.74,21,543,1258
8990.84,21,543,1258
8990.93,21,543,1258
9000.03,21,543,1258
9000.12,21,543,1258
9000.22,21,543,1258
9000.31,21,543,1258
9000.41,21,543,1258
9000.50,21,543,1258
9000.59,21,543,1258
9000.69,21,543,1258
9000.78,21,543,1258
9000.88,21,543,1258
9010.07,19,543,1260
9010.17,19,543,1260
9010.26,19,543,1260
9010.36,19,543,1260
9010.54,19,543,1260
9010.64,19,543,1260
9010.73,19,543,1260
9010.83,19,543,1260
9010.92,19,543,1260
9020.04,19,543,1260
9020.13,19,543,1260
9020.22,19,543,1260
9020.32,19,543,1260
9020.41,19,543,1260
9020.51,19,543,1260
9020.60,19,543,1260
9020.70,19,543,1260
9020.79,19,543,1260
9020.89,19,543,1260
9020.98,19,543,1260
9030.01,5,543,1274
9030.10,15,543,1275
9030.20,15,543,1275
9030.29,15,543,1275
9030.38,15,543,1275
9030.48,15,543,1275
9030.57,15,543,1275
9030.67,15,543,1275
9030.76,15,543,1275
9030.86,15,543,1275
9030.95,15,543,1275
9040.05,21,549,1275
9040.14,21,549,1275
9040.24,21,549,1275
9040.33,21,549,1275
9040.42,21,549,1275
9040.52,21,549,1275
9040.61,21,549,1275
9040.71,21,549,1275
9040.80,21,549,1275
9040.90,21,549,1275
9040.99,21,549,1275
9050.07,22,551,1276
9050.16,22,551,1276
9050.25,22,551,1276
9050.35,22,551,1276
9050.44,22,551,1276
9050.54,22,551,1276
9050.63,22,551,1276
9050.73,22,551,1276
9050.82,22,551,1276
9050.92,22,551,1276
9060.09,22,551,1276
9060.18,22,551,1276
9060.28,22,551,1276
9060.37,22,551,1276
9060.46,22,551,1276
9060.56,22,551,1276
9060.65,22,551,1276
9060.75,22,551,1276
9060.84,22,551,1276
9060.93,22,551,1276
9070.10,22,551,1276
9070.19,22,551,1276
9070.28,22,551,1276
9070.38,22,551,1276
9070.47,22,551,1276
9070.57,22,551,1276
9070.66,22,551,1276
9070.76,23,552,1276
9070.85,23,552,1276
9070.95,23,552,1276
9080.01,23,552,1276
9080.10,23,552,1276
9080.19,23,552,1276
9080.29,23,552,1276
9080.38,23,552,1276
9080.57,23,552,1276
9080.67,23,552,1276
9080.76,23,552,1276
9080.86,23,552,1276
9080.95,23,552,1276
9090.05,23,552,1276
9090.14,23,552,1276
9090.24,23,552,1276
9090.33,23,552,1276
9090.43,23,552,1276
9090.52,23,552,1276
9090.62,23,552,1276
9090.71,23,552,1276
9090.90,23,552,1276
9090.99,23,552,1276
9100.09,23,552,1276
9100.28,23,552,1276
9100.37,23,552,1276
9100.47,23,552,1276
9100.56,23,552,1276
9100.65,23,552,1276
9100.75,23,552,1276
9100.84,23,552,1276
9100.94,23,552,1276
9110.02,23,552,1276
9110.11,23,552,1276
9110.21,23,552,1276
9110.30,23,552,1276
9110.40,22,552,1277
9110.49,22,552,1277
9110.58,22,552,1277
9110.68,22,552,1277
9110.77,22,552,1277
9110.86,22,552,1277
9110.96,22,552,1277
9120.07,22,552,1277
9120.16,22,552,1277
9120.26,22,552,1277
9120.35,22,552,1277
9120.44,22,552,1277
9120.54,22,552,1277
9120.63,22,552,1277
9120.73,22,552,1277
9120.82,22,552,1277
9120.92,22,552,1277
9130.02,21,552,1278
9130.11,21,552,1278
9130.21,21,552,1278
9130.31,21,552,1278
9130.40,21,552,1278
9130.49,21,552,1278
9130.59,21,552,1278
9130.68,21,552,1278
9130.78,21,552,1278
9130.87,21,552,1278
9130.97,21,552,1278
9140.05,20,552,1279
9140.14,20,552,1279
9140.24,20,552,1279
9140.33,20,552,1279
9140.42,20,552,1279
9140.52,20,552,1279
9140.61,20,552,1279
9140.71,20,552,1279
9140.80,20,552,1279
9140.89,20,552,1279
9140.99,20,552,1279
9150.08,7,552,1292
9150.18,7,552,1292
9150.27,7,552,1292
9150.37,7,552,1292
9150.46,7,552,1292
9150.56,6,552,1293
9150.65,6,552,1293
9150.75,6,552,1293
9150.84,6,552,1293
9150.93,6,552,1293
9160.02,17,556,1297
9160.12,17,556,1297
9160.21,17,556,1297
9160.30,17,556,1297
9160.40,17,556,1297
9160.49,17,556,1297
9160.58,17,556,1297
9160.77,17,556,1297
9160.87,17,556,1297
9160.96,17,556,1297
9170.00,17,556,1297
9170.10,18,557,1297
9170.19,18,557,1297
9170.29,18,557,1297
9170.42,18,557,1297
9170.51,18,557,1297
9170.60,18,557,1297
9170.70,18,557,1297
9170.79,19,558,1297
9170.89,19,558,1297
9170.98,19,558,1297
9180.05,19,558,1297
9180.15,19,558,1297
9180.24,19,558,1297
9180.33,19,558,1297
9180.43,19,558,1297
9180.52,19,558,1297
9180.62,19,558,1297
9180.71,19,558,1297
9180.81,19,558,1297
9180.90,19,558,1297
9181.00,19,558,1297
9190.10,20,559,1297
9190.19,20,559,1297
9190.29,20,559,1297
9190.38,20,559,1297
9190.48,20,559,1297
9190.57,20,559,1297
9190.66,20,559,1297
9190.76,20,559,1297
9190.85,20,559,1297
9190.95,20,559,1297
9200.03,21,560,1297
9200.13,21,560,1297
9200.22,21,560,1297
9200.32,21,560,1297
9200.41,21,560,1297
9200.50,21,560,1297
9200.60,21,560,1297
9200.69,21,560,1297
9200.88,21,560,1297
9200.98,21,560,1297
9210.15,21,560,1297
9210.25,21,560,1297
9210.34,21,560,1297
9210.43,21,560,1297
9210.53,21,560,1297
9210.62,21,560,1297
9210.72,21,560,1297
9210.81,21,560,1297
9210.91,21,560,1297
9211.00,21,560,1297
9220.06,21,560,1297
9220.16,21,560,1297
9220.25,21,560,1297
9220.35,21,560,1297
9220.44,21,560,1297
9220.54,21,560,1297
9220.63,21,560,1297
9220.76,21,560,1297
9220.85,21,560,1297
9220.94,21,560,1297
9230.03,21,560,1297
9230.12,21,560,1297
9230.21,21,560,1297
9230.31,21,560,1297
9230.40,21,560,1297
9230.50,21,560,1297
9230.59,21,560,1297
9230.69,21,560,1297
9230.78,21,560,1297
9230.87,21,560,1297
9230.97,21,560,1297
9240.07,20,560,1298
9240.17,20,560,1298
9240.26,20,560,1298
9240.35,20,560,1298
9240.45,20,560,1298
9240.54,20,560,1298
9240.64,20,560,1298
9240.73,20,560,1298
9240.83,20,560,1298
9240.92,20,560,1298
9250.03,20,560,1298
9250.12,20,560,1298
9250.22,20,560,1298
9250.31,20,560,1298
9250.41,20,560,1298
9250.50,20,560,1298
9250.60,20,560,1298
9250.69,20,560,1298
9250.79,20,560,1298
9250.88,20,560,1298
9250.98,20,560,1298
9260.07,20,560,1298
9260.17,20,560,1298
9260.26,20,560,1298
9260.36,20,560,1298
9260.45,20,560,1298
9260.55,20,560,1298
9260.64,20,560,1298
9260.74,20,560,1298
9260.83,20,560,1298
9260.93,20,560,1298
9270.08,19,560,1299
9270.17,9,560,1309
9270.27,9,560,1309
9270.36,9,560,1309
9270.45,9,560,1309
9270.55,9,560,1309
9270.74,8,560,1310
9270.83,8,560,1310
9270.92,7,560,1311
9280.09,5,560,1313
9280.18,5,560,1313
9280.28,5,560,1313
9280.37,5,560,1313
9280.46,5,560,1313
9280.56,5,560,1313
9280.65,5,560,1313
9280.74,5,560,1313
9280.84,5,560,1313
9280.93,5,560,1313
9290.02,16,561,1314
9290.11,16,561,1314
9290.21,16,561,1314
9290.30,16,561,1314
9290.40,16,561,1314
9290.49,16,561,1314
9290.58,16,561,1314
9290.68,16,561,1314
9290.78,16,561,1314
9290.87,16,561,1314
9290.96,16,561,1314
9300.03,20,566,1315
9300.13,20,566,1315
9300.22,20,566,1315
9300.31,20,566,1315
9300.50,20,566,1315
9300.60,20,566,1315
9300.69,20,566,1315
9300.79,20,566,1315
9300.88,20,566,1315
9300.97,20,566,1315
9310.08,21,567,1315
9310.17,21,567,1315
9310.27,21,567,1315
9310.36,21,567,1315
9310.45,21,567,1315
9310.55,21,567,1315
9310.64,21,567,1315
9310.83,21,567,1315
9310.93,21,567,1315
9320.08,23,569,1315
9320.18,23,569,1315
9320.27,23,569,1315
9320.37,23,569,1315
9320.46,23,569,1315
9320.56,23,569,1315
9320.65,23,569,1315
9320.75,23,569,1315
9320.84,23,569,1315
9320.94,23,569,1315
9330.04,23,569,1315
9330.13,23,569,1315
9330.23,23,569,1315
9330.32,23,569,1315
9330.42,23,569,1315
9330.51,23,569,1315
9330.61,23,569,1315
9330.70,23,569,1315
9330.80,23,569,1315
9330.89,23,569,1315
9330.99,23,569,1315
9340.09,23,569,1315
9340.18,23,569,1315
9340.28,23,569,1315
9340.37,23,569,1315
9340.46,23,569,1315
9340.56,23,569,1315
9340.65,23,569,1315
9340.75,23,569,1315
9340.84,23,569,1315
9340.94,23,569,1315
9350.05,22,569,1316
9350.14,22,569,1316
9350.24,22,569,1316
9350.33,22,569,1316
9350.43,22,569,1316
9350.52,22,569,1316
9350.62,22,569,1316
9350.71,22,569,1316
9350.81,22,569,1316
9350.90,22,569,1316
9351.00,22,569,1316
9360.10,22,569,1316
9360.19,22,569,1316
9360.29,22,569,1316
9360.38,22,569,1316
9360.48,22,569,1316
9360.57,22,569,1316
9360.67,22,569,1316
9360.76,22,569,1316
9360.86,22,569,1316
9360.95,22,569,1316
9370.02,21,569,1317
9370.12,21,569,1317
9370.21,21,569,1317
9370.31,21,569,1317
9370.40,21,569,1317
9370.49,21,569,1317
9370.59,21,569,1317
9370.68,21,569,1317
9370.78,21,569,1317
9370.87,21,569,1317
9370.97,21,569,1317
9380.03,21,569,1317
9380.12,21,569,1317
9380.22,21,569,1317
9380.31,21,569,1317
9380.41,21,569,1317
9380.50,21,569,1317
9380.59,21,569,1317
9380.69,21,569,1317
9380.78,21,569,1317
9380.88,21,569,1317
9380.97,21,569,1317
9390.09,20,569,1318
9390.19,20,569,1318
9390.28,20,569,1318
9390.37,20,569,1318
9390.47,20,569,1318
9390.56,20,569,1318
9390.66,20,569,1318
9390.85,20,569,1318
9390.94,20,569,1318
9400.01,20,569,1318
9400.11,20,569,1318
9400.29,20,569,1318
9400.39,20,569,1318
9400.48,20,569,1318
9400.58,20,569,1318
9400.67,20,569,1318
9400.77,20,569,1318
9400.86,20,569,1318
9400.96,20,569,1318
9410.03,8,569,1330
9410.12,8,569,1330
9410.21,8,569,1330
9410.31,8,569,1330
9410.40,8,569,1330
9410.50,8,569,1330
9410.59,8,569,1330
9410.68,7,569,1331
9410.78,7,569,1331
9410.87,7,569,1331
9410.97,7,569,1331
9420.04,17,571,1334
9420.14,17,571,1334
9420.23,17,571,1334
9420.32,17,571,1334
9420.42,17,571,1334
9420.51,19,573,1334
9420.61,19,573,1334
9420.80,19,573,1334
9420.89,19,573,1334
9420.98,19,573,1334
9430.02,19,574,1335
9430.11,19,574,1335
9430.20,19,574,1335
9430.30,19,574,1335
9430.39,19,574,1335
9430.49,19,574,1335
9430.58,19,574,1335
9430.67,19,574,1335
9430.77,19,574,1335
9430.95,19,574,1335
9440.06,19,575,1336
9440.16,19,575,1336
9440.25,19,575,1336
9440.35,19,575,1336
9440.44,19,575,1336
9440.53,19,575,1336
9440.63,19,575,1336
9440.72,19,575,1336
9440.82,19,575,1336
9440.91,19,575,1336
9441.00,19,575,1336
9450.03,20,576,1336
9450.13,20,576,1336
9450.22,20,576,1336
9450.31,20,576,1336
9450.41,20,576,1336
9450.50,20,576,1336
9450.60,20,576,1336
9450.69,20,576,1336
9450.79,20,576,1336
9450.88,20,576,1336
9450.98,20,576,1336
9460.07,21,577,1336
9460.17,21,577,1336
9460.26,21,577,1336
9460.36,21,577,1336
9460.45,21,577,1336
9460.54,21,577,1336
9460.64,21,577,1336
9460.73,21,577,1336
9460.83,21,577,1336
9460.92,21,577,1336
9470.09,21,577,1336
9470.18,21,577,1336
9470.28,21,577,1336
9470.37,21,577,1336
9470.46,21,577,1336
9470.56,21,577,1336
9470.65,21,577,1336
9470.75,21,577,1336
9470.84,21,577,1336
9470.93,21,577,1336
9480.04,21,577,1336
9480.13,21,577,1336
9480.32,21,577,1336
9480.41,21,577,1336
9480.51,21,577,1336
9480.60,21,577,1336
9480.70,21,577,1336
9480.79,21,577,1336
9480.88,21,577,1336
9480.98,21,577,1336
9490.06,21,577,1336
9490.16,21,577,1336
9490.25,21,577,1336
9490.35,21,577,1336
9490.44,21,577,1336
9490.53,21,577,1336
9490.63,21,577,1336
9490.72,21,577,1336
9490.82,21,577,1336
9490.91,21,577,1336
9491.00,21,577,1336
9500.09,20,577,1337
9500.18,20,577,1337
9500.28,20,577,1337
9500.37,20,577,1337
9500.46,20,577,1337
9500.56,20,577,1337
9500.65,20,577,1337
9500.75,20,577,1337
9500.94,20,577,1337
9510.01,20,577,1337
9510.10,20,577,1337
9510.30,20,577,1337
9510.40,20,577,1337
9510.49,20,577,1337
9510.59,20,577,1337
9510.68,20,577,1337
9510.78,20,577,1337
9510.87,20,577,1337
9510.96,20,577,1337
9520.01,19,577,1338
9520.10,19,577,1338
9520.20,19,577,1338
9520.29,19,577,1338
9520.39,19,577,1338
9520.48,19,577,1338
9520.57,19,577,1338
9520.67,19,577,1338
9520.77,19,577,1338
9520.86,19,577,1338
9520.95,19,577,1338
9530.04,19,577,1338
9530.14,19,577,1338
9530.23,19,577,1338
9530.33,19,577,1338
9530.42,19,577,1338
9530.52,19,577,1338
9530.61,19,577,1338
9530.70,19,577,1338
9530.80,19,577,1338
9530.89,19,577,1338
9530.99,19,577,1338
9540.09,5,577,1352
9540.19,5,577,1352
9540.28,5,577,1352
9540.37,5,577,1352
9540.47,5,577,1352
9540.56,5,577,1352
9540.66,5,577,1352
9540.75,5,577,1352
9540.85,5,577,1352
9540.94,5,577,1352
9550.04,18,580,1353
9550.14,18,580,1353
9550.23,18,580,1353
9550.33,18,580,1353
9550.42,18,580,1353
9550.52,19,581,1353
9550.61,19,581,1353
9550.70,19,581,1353
9550.80,19,581,1353
9550.89,19,581,1353
9550.99,19,581,1353
9560.05,21,583,1353
9560.14,21,583,1353
9560.24,21,583,1353
9560.33,21,583,1353
9560.43,21,583,1353
9560.52,21,583,1353
9560.64,21,583,1353
9560.74,21,583,1353
9560.83,21,583,1353
9560.93,21,583,1353
9570.18,21,584,1354
9570.28,21,584,1354
9570.37,21,584,1354
9570.47,21,584,1354
9570.56,21,584,1354
9570.65,21,584,1354
9570.75,21,584,1354
9570.84,21,584,1354
9570.94,21,584,1354
9580.04,21,584,1354
9580.14,21,584,1354
9580.23,21,584,1354
9580.33,21,584,1354
9580.52,21,584,1354
9580.61,21,584,1354
9580.70,21,584,1354
9580.80,21,584,1354
9580.89,21,584,1354
9580.99,21,584,1354
9590.07,21,584,1354
9590.16,21,584,1354
9590.26,21,584,1354
9590.35,21,584,1354
9590.44,21,584,1354
9590.54,21,584,1354
9590.63,21,584,1354
9590.73,21,584,1354
9590.82,21,584,1354
9590.92,21,584,1354
9600.10,21,584,1354
9600.19,21,584,1354
9600.28,21,584,1354
9600.38,21,584,1354
9600.47,21,584,1354
9600.57,21,584,1354
9600.75,21,584,1354
9600.85,21,584,1354
9600.94,21,584,1354
9610.10,21,584,1354
9610.19,21,584,1354
9610.29,21,584,1354
9610.38,21,584,1354
9610.48,21,584,1354
9610.57,21,584,1354
9610.66,21,584,1354
9610.76,21,584,1354
9610.85,21,584,1354
9610.98,21,584,1354
9620.03,20,584,1355
9620.13,20,584,1355
9620.22,20,584,1355
9620.31,20,584,1355
9620.41,20,584,1355
9620.50,20,584,1355
9620.60,20,584,1355
9620.69,20,584,1355
9620.79,20,584,1355
9620.88,20,584,1355
9620.98,20,584,1355
9630.06,20,584,1355
9630.16,20,584,1355
9630.25,20,584,1355
9630.35,20,584,1355
9630.44,20,584,1355
9630.54,20,584,1355
9630.63,20,584,1355
9630.72,20,584,1355
9630.82,20,584,1355
9630.92,20,584,1355
9640.10,19,584,1356
9640.19,19,584,1356
9640.29,19,584,1356
9640.38,19,584,1356
9640.48,19,584,1356
9640.57,19,584,1356
9640.76,19,584,1356
9640.86,19,584,1356
9640.95,19,584,1356
9650.05,18,584,1357
9650.14,18,584,1357
9650.24,18,584,1357
9650.33,18,584,1357
9650.43,18,584,1357
9650.52,18,584,1357
9650.62,18,584,1357
9650.71,18,584,1357
9650.90,18,584,1357
9651.00,18,584,1357
9660.17,18,584,1357
9660.27,18,584,1357
9660.36,18,584,1357
9660.45,18,584,1357
9660.55,18,584,1357
9660.64,18,584,1357
9660.74,18,584,1357
9660.83,18,584,1357
9660.92,18,584,1357
9670.04,15,584,1371
9670.13,15,584,1371
9670.23,15,584,1371
9670.32,15,584,1371
9670.42,15,584,1371
9670.51,15,584,1371
9670.61,15,584,1371
9670.70,15,584,1371
9670.89,15,584,1371
9670.98,15,584,1371
9680.07,21,590,1371
9680.17,21,590,1371
9680.26,21,590,1371
9680.35,21,590,1371
9680.45,21,590,1371
9680.54,21,590,1371
9680.64,21,590,1371
9680.73,22,591,1371
9680.82,22,591,1371
9680.92,22,591,1371
9690.09,23,592,1371
9690.28,23,592,1371
9690.37,23,592,1371
9690.47,23,592,1371
9690.56,23,592,1371
9690.66,23,592,1371
9690.75,23,592,1371
9690.85,23,592,1371
9690.94,23,592,1371
9700.04,23,592,1371
9700.13,23,592,1371
9700.22,23,592,1371
9700.32,23,592,1371
9700.41,23,592,1371
9700.51,23,592,1371
9700.60,23,592,1371
9700.70,23,592,1371
9700.79,23,592,1371
9700.88,23,592,1371
9700.98,23,592,1371
9710.03,23,592,1371
9710.12,23,592,1371
9710.22,23,592,1371
9710.31,23,592,1371
9710.40,23,592,1371
9710.50,23,592,1371
9710.59,23,592,1371
9710.69,23,592,1371
9710.78,23,592,1371
9710.97,23,592,1371
9720.05,23,592,1371
9720.15,23,592,1371
9720.24,23,592,1371
9720.34,23,592,1371
9720.43,23,592,1371
9720.52,23,592,1371
9720.62,23,592,1371
9720.71,23,592,1371
9720.80,23,592,1371
9720.90,23,592,1371
9720.99,23,592,1371
9730.08,23,592,1371
9730.18,23,592,1371
9730.27,23,592,1371
9730.36,23,592,1371
9730.46,23,592,1371
9730.55,23,592,1371
9730.65,23,592,1371
9730.74,23,592,1371
9730.84,23,592,1371
9730.93,23,592,1371
9740.03,23,592,1371
9740.12,20,592,1374
9740.21,20,592,1374
9740.31,20,592,1374
9740.40,20,592,1374
9740.50,20,592,1374
9740.59,20,592,1374
9740.69,20,592,1374
9740.78,20,592,1374
9740.87,20,592,1374
9740.97,20,592,1374
9750.08,20,592,1374
9750.17,20,592,1374
9750.27,20,592,1374
9750.36,20,592,1374
9750.45,20,592,1374
9750.55,20,592,1374
9750.64,20,592,1374
9750.74,20,592,1374
9750.83,20,592,1374
9750.92,20,592,1374
9760.09,19,592,1375
9760.18,19,592,1375
9760.28,19,592,1375
9760.37,19,592,1375
9760.47,19,592,1375
9760.56,19,592,1375
9760.65,19,592,1375
9760.75,19,592,1375
9760.84,19,592,1375
9760.93,19,592,1375
9770.03,19,592,1375
9770.12,19,592,1375
9770.21,19,592,1375
9770.31,19,592,1375
9770.49,19,592,1375
9770.59,19,592,1375
9770.68,19,592,1375
9770.77,19,592,1375
9770.87,19,592,1375
9770.96,19,592,1375
9780.06,19,592,1375
9780.15,19,592,1375
9780.25,19,592,1375
9780.34,19,592,1375
9780.44,19,592,1375
9780.53,19,592,1375
9780.62,19,592,1375
9780.72,19,592,1375
9780.81,19,592,1375
9780.91,19,592,1375
9781.00,19,592,1375
9790.11,7,592,1387
9790.20,7,592,1387
9790.30,6,592,1388
9790.39,6,592,1388
9790.49,6,592,1388
9790.58,6,592,1388
9790.68,6,592,1388
9790.77,6,592,1388
9790.86,6,592,1388
9790.96,6,592,1388
9800.05,17,595,1391
9800.14,17,595,1391
9800.24,17,595,1391
9800.34,17,595,1391
9800.43,17,595,1391
9800.52,17,595,1391
9800.62,17,595,1391
9800.71,17,595,1391
9800.82,17,595,1391
9800.91,17,595,1391
9810.07,19,597,1391
9810.17,19,597,1391
9810.26,19,597,1391
9810.36,19,597,1391
9810.45,19,597,1391
9810.55,19,597,1391
9810.64,19,597,1391
9810.73,19,597,1391
9810.83,19,597,1391
9810.92,19,597,1391
9820.02,19,597,1391
9820.12,19,597,1391
9820.21,19,597,1391
9820.30,19,597,1391
9820.40,19,597,1391
9820.49,19,597,1391
9820.59,19,597,1391
9820.68,19,597,1391
9820.78,19,597,1391
9820.87,19,597,1391
9820.96,20,598,1391
9830.07,20,598,1391
9830.16,20,598,1391
9830.26,20,598,1391
9830.35,20,598,1391
9830.44,20,598,1391
9830.54,20,598,1391
9830.63,20,598,1391
9830.73,20,598,1391
9830.82,20,598,1391
9830.92,20,598,1391
9840.01,20,598,1391
9840.11,20,598,1391
9840.20,20,598,1391
9840.39,20,598,1391
9840.48,20,598,1391
9840.58,20,598,1391
9840.67,20,598,1391
9840.76,20,598,1391
9840.86,20,598,1391
9840.95,20,598,1391
9850.01,20,598,1391
9850.10,20,598,1391
9850.19,20,598,1391
9850.29,20,598,1391
9850.41,20,598,1391
9850.51,20,598,1391
9850.60,20,598,1391
9850.70,20,598,1391
9850.79,20,598,1391
9850.89,20,598,1391
9850.98,20,598,1391
9860.06,20,598,1391
9860.15,20,598,1391
9860.25,20,598,1391
9860.34,20,598,1391
9860.44,20,598,1391
9860.53,20,598,1391
9860.62,20,598,1391
9860.72,20,598,1391
9860.81,20,598,1391
9860.91,20,598,1391
9861.00,20,598,1391
9870.08,19,598,1392
9870.17,19,598,1392
9870.27,19,598,1392
9870.36,19,598,1392
9870.45,19,598,1392
9870.55,19,598,1392
9870.64,19,598,1392
9870.74,19,598,1392
9870.83,19,598,1392
9870.92,19,598,1392
9880.03,18,598,1393
9880.13,18,598,1393
9880.22,18,598,1393
9880.31,18,598,1393
9880.41,18,598,1393
9880.50,18,598,1393
9880.59,18,598,1393
9880.69,18,598,1393
9880.78,18,598,1393
9880.88,17,598,1394
9880.97,17,598,1394
9890.06,17,598,1394
9890.15,17,598,1394
9890.25,17,598,1394
9890.34,17,598,1394
9890.44,17,598,1394
9890.53,17,598,1394
9890.63,17,598,1394
9890.82,17,598,1394
9890.91,17,598,1394
9891.00,17,598,1394
9900.07,17,598,1394
9900.16,17,598,1394
9900.26,17,598,1394
9900.35,17,598,1394
9900.45,17,598,1394
9900.54,17,598,1394
9900.63,17,598,1394
9900.76,17,598,1394
9900.85,17,598,1394
9900.95,17,598,1394
9910.10,6,598,1405
9910.19,6,598,1405
9910.29,6,598,1405
9910.38,6,598,1405
9910.48,6,598,1405
9910.57,6,598,1405
9910.67,6,598,1405
9910.76,6,598,1405
9910.85,6,598,1405
9910.95,6,598,1405
9920.05,5,598,1406
9920.15,5,598,1406
9920.24,5,598,1406
9920.34,5,598,1406
9920.43,5,598,1406
9920.53,5,598,1406
9920.62,5,598,1406
9920.71,5,598,1406
9920.81,5,598,1406
9920.90,5,598,1406
9921.00,5,598,1406
9930.10,5,598,1406
9930.19,5,598,1406
9930.29,5,598,1406
9930.38,5,598,1406
9930.47,5,598,1406
9930.57,5,598,1406
9930.66,5,598,1406
9930.75,5,598,1406
9930.85,5,598,1406
9930.94,5,598,1406
9940.03,5,598,1406
9940.12,5,598,1406
9940.22,5,598,1406
9940.31,5,598,1406
9940.41,5,598,1406
9940.50,5,598,1406
9940.60,5,598,1406
9940.69,5,598,1406
9940.79,5,598,1406
9940.88,5,598,1406
9950.03,5,598,1406
9950.12,5,598,1406
9950.31,5,598,1406
9950.41,5,598,1406
9950.50,5,598,1406
9950.59,5,598,1406
9950.69,5,598,1406
9950.78,5,598,1406
9950.88,5,598,1406
9950.98,5,598,1406
9960.07,5,598,1406
9960.17,5,598,1406
9960.26,5,598,1406
9960.36,5,598,1406
9960.45,5,598,1406
9960.55,5,598,1406
9960.64,5,598,1406
9960.73,5,598,1406
9960.83,5,598,1406
9960.92,5,598,1406
9970.03,5,598,1406
9970.13,5,598,1406
9970.22,5,598,1406
9970.32,5,598,1406
9970.41,5,598,1406
9970.51,5,598,1406
9970.60,5,598,1406
9970.70,5,598,1406
9970.79,5,598,1406
9970.89,5,598,1406
9970.98,5,598,1406
9980.07,5,598,1406
9980.17,5,598,1406
9980.26,5,598,1406
9980.35,5,598,1406
9980.45,5,598,1406
9980.54,5,598,1406
9980.64,5,598,1406
9980.83,5,598,1406
9980.92,5,598,1406
9990.09,18,602,1409
9990.20,18,602,1409
9990.29,18,602,1409
9990.39,18,602,1409
9990.48,18,602,1409
9990.58,18,602,1409
9990.67,18,602,1409
9990.76,18,602,1409
9990.86,18,602,1409
9990.95,18,602,1409
10000.01,20,604,1409
10000.10,20,604,1409
10000.20,20,604,1409
10000.29,20,604,1409
10000.39,20,604,1409
10000.48,20,604,1409
10000.57,20,604,1409
10000.67,20,604,1409
10000.76,20,604,1409
10000.86,20,604,1409
10000.95,20,604,1409
10010.04,21,606,1410
10010.14,21,606,1410
10010.23,21,606,1410
10010.32,21,606,1410
10010.42,21,606,1410
10010.51,21,606,1410
10010.70,21,606,1410
10010.79,21,606,1410
10010.88,21,606,1410
10010.98,21,606,1410
10020.03,22,608,1411
10020.13,22,608,1411
10020.22,22,608,1411
10020.32,22,608,1411
10020.41,22,608,1411
10020.50,22,608,1411
10020.60,22,608,1411
10020.69,22,608,1411
10020.79,22,608,1411
10020.88,22,608,1411
10020.98,22,608,1411
10030.08,22,608,1411
10030.17,22,608,1411
10030.27,22,608,1411
10030.36,22,608,1411
10030.46,22,608,1411
10030.55,22,608,1411
10030.65,22,608,1411
10030.74,22,608,1411
10030.84,22,608,1411
10030.93,22,608,1411
10040.04,22,608,1411
10040.13,22,608,1411
10040.22,22,608,1411
10040.32,22,608,1411
10040.41,22,608,1411
10040.51,22,608,1411
10040.60,22,608,1411
10040.70,22,608,1411
10040.79,22,608,1411
10040.89,22,608,1411
10040.98,22,608,1411
10050.05,22,608,1411
10050.15,22,608,1411
10050.24,22,608,1411
10050.33,22,608,1411
10050.43,22,608,1411
10050.52,22,608,1411
10050.70,22,608,1411
10050.80,22,608,1411
10050.89,22,608,1411
10050.99,22,608,1411
10060.01,22,608,1411
10060.11,22,608,1411
10060.20,22,608,1411
10060.30,22,608,1411
10060.39,22,608,1411
10060.48,22,608,1411
10060.58,22,608,1411
10060.67,22,608,1411
10060.77,22,608,1411
10060.86,22,608,1411
10060.96,22,608,1411
10070.05,22,608,1411
10070.15,22,608,1411
10070.24,22,608,1411
10070.33,22,608,1411
10070.43,22,608,1411
10070.52,22,608,1411
10070.63,22,608,1411
10070.72,22,608,1411
10070.82,22,608,1411
10070.91,22,608,1411
10080.01,22,608,1411
10080.10,22,608,1411
10080.19,22,608,1411
10080.38,22,608,1411
10080.48,22,608,1411
10080.57,22,608,1411
10080.67,22,608,1411
10080.76,22,608,1411
10080.85,22,608,1411
10080.95,22,608,1411
10090.04,22,608,1411
10090.13,22,608,1411
10090.23,22,608,1411
10090.32,22,608,1411
10090.42,22,608,1411
10090.51,22,608,1411
10090.60,22,608,1411
10090.70,22,608,1411
10090.80,22,608,1411
10090.89,22,608,1411
10090.98,22,608,1411
10100.03,22,608,1411
10100.12,22,608,1411
10100.21,22,608,1411
10100.31,22,608,1411
10100.40,22,608,1411
10100.50,22,608,1411
10100.59,22,608,1411
10100.69,22,608,1411
10100.78,22,608,1411
10100.88,22,608,1411
10100.97,22,608,1411
10110.06,7,608,1426
10110.15,7,608,1426
10110.25,7,608,1426
10110.34,7,608,1426
10110.44,7,608,1426
10110.53,7,608,1426
10110.62,6,608,1427
10110.72,6,608,1427
10110.81,6,608,1427
10110.91,6,608,1427
10120.00,5,608,1428
10120.10,5,608,1428
10120.19,5,608,1428
10120.38,5,608,1428
10120.47,5,608,1428
10120.57,5,608,1428
10120.66,5,608,1428
10120.76,5,608,1428
10120.85,5,608,1428
10120.94,5,608,1428
10130.04,19,613,1430
10130.13,19,613,1430
10130.23,19,613,1430
10130.32,19,613,1430
10130.42,19,613,1430
10130.51,19,613,1430
10130.61,19,613,1430
10130.70,19,613,1430
10130.80,19,613,1430
10130.89,19,613,1430
10130.98,19,613,1430
10140.10,20,615,1431
10140.19,20,615,1431
10140.29,20,615,1431
10140.38,20,615,1431
10140.48,20,615,1431
10140.57,20,615,1431
10140.67,20,615,1431
10140.76,20,615,1431
10140.85,20,615,1431
10140.95,20,615,1431
10150.01,20,615,1431
10150.10,20,615,1431
10150.20,20,615,1431
10150.29,20,615,1431
10150.38,20,615,1431
10150.48,20,615,1431
10150.57,20,615,1431
10150.66,20,615,1431
10150.85,20,615,1431
10150.95,20,615,1431
10160.04,21,616,1431
10160.13,21,616,1431
10160.23,21,616,1431
10160.32,21,616,1431
10160.42,21,616,1431
10160.51,21,616,1431
10160.60,21,616,1431
10160.70,21,616,1431
10160.79,21,616,1431
10160.98,21,616,1431
10170.06,21,616,1431
10170.16,21,616,1431
10170.25,21,616,1431
10170.35,21,616,1431
10170.44,21,616,1431
10170.53,21,616,1431
10170.63,21,616,1431
10170.72,21,616,1431
10170.82,21,616,1431
10170.91,21,616,1431
10171.00,21,616,1431
10180.09,21,616,1431
10180.19,21,616,1431
10180.28,21,616,1431
10180.38,21,616,1431
10180.47,21,616,1431
10180.56,21,616,1431
10180.66,21,616,1431
10180.75,21,616,1431
10180.85,21,616,1431
10180.94,21,616,1431
10190.08,20,616,1432
10190.18,20,616,1432
10190.30,20,616,1432
10190.40,20,616,1432
10190.49,20,616,1432
10190.58,20,616,1432
10190.68,20,616,1432
10190.77,20,616,1432
10190.87,20,616,1432
10190.96,20,616,1432
10200.03,20,616,1432
10200.12,20,616,1432
10200.22,20,616,1432
10200.40,20,616,1432
10200.50,20,616,1432
10200.59,20,616,1432
10200.68,20,616,1432
10200.78,20,616,1432
10200.87,20,616,1432
10200.97,20,616,1432
10210.05,20,616,1432
10210.15,20,616,1432
10210.24,20,616,1432
10210.34,20,616,1432
10210.43,20,616,1432
10210.52,20,616,1432
10210.71,20,616,1432
10210.80,20,616,1432
10210.90,20,616,1432
10211.00,20,616,1432
10220.10,19,616,1433
10220.19,19,616,1433
10220.29,19,616,1433
10220.38,19,616,1433
10220.48,19,616,1433
10220.57,19,616,1433
10220.66,19,616,1433
10220.76,19,616,1433
10220.85,19,616,1433
10220.95,19,616,1433
10230.04,19,616,1433
10230.14,19,616,1433
10230.23,19,616,1433
10230.33,19,616,1433
10230.42,19,616,1433
10230.51,19,616,1433
10230.61,19,616,1433
10230.70,19,616,1433
10230.80,19,616,1433
10230.89,19,616,1433
10230.98,19,616,1433
10240.07,19,616,1433
10240.16,19,616,1433
10240.26,19,616,1433
10240.35,19,616,1433
10240.44,19,616,1433
10240.54,19,616,1433
10240.66,19,616,1433
10240.76,19,616,1433
10240.85,19,616,1433
10240.94,19,616,1433
10250.01,16,618,1449
10250.10,16,618,1449
10250.20,16,618,1449
10250.29,16,618,1449
10250.38,16,618,1449
10250.48,16,618,1449
10250.57,16,618,1449
10250.67,16,618,1449
10250.86,17,619,1449
10250.95,17,619,1449
10260.08,19,621,1449
10260.18,19,621,1449
10260.27,19,621,1449
10260.36,19,621,1449
10260.46,19,621,1449
10260.55,19,621,1449
10260.65,19,621,1449
10260.74,19,621,1449
10260.84,19,621,1449
10260.93,19,621,1449
10270.04,21,623,1449
10270.13,21,623,1449
10270.23,21,623,1449
10270.32,21,623,1449
10270.42,21,623,1449
10270.51,21,623,1449
10270.60,21,623,1449
10270.70,21,623,1449
10270.79,21,623,1449
10270.89,21,623,1449
10270.98,21,623,1449
10280.10,22,624,1449
10280.19,22,624,1449
10280.29,22,624,1449
10280.38,22,624,1449
10280.47,22,624,1449
10280.57,22,624,1449
10280.66,22,624,1449
10280.76,22,624,1449
10280.85,22,624,1449
10280.95,22,624,1449
10290.09,22,624,1449
10290.18,22,624,1449
10290.28,22,624,1449
10290.37,22,624,1449
10290.47,22,624,1449
10290.56,22,624,1449
10290.65,22,624,1449
10290.75,22,624,1449
10290.94,22,624,1449
10300.04,22,624,1449
10300.23,22,624,1449
10300.32,22,624,1449
10300.42,22,624,1449
10300.51,22,624,1449
10300.60,22,624,1449
10300.70,22,624,1449
10300.79,22,624,1449
10300.88,22,624,1449
10300.98,22,624,1449
10310.07,22,624,1449
10310.17,22,624,1449
10310.36,22,624,1449
10310.45,22,624,1449
10310.55,22,624,1449
10310.64,22,624,1449
10310.74,22,624,1449
10310.83,22,624,1449
10310.93,22,624,1449
10320.03,22,624,1449
10320.12,21,624,1450
10320.22,21,624,1450
10320.31,21,624,1450
10320.41,21,624,1450
10320.50,21,624,1450
10320.69,21,624,1450
10320.78,21,624,1450
10320.88,21,624,1450
10320.97,21,624,1450
10330.06,21,624,1450
10330.16,21,624,1450
10330.25,21,624,1450
10330.34,21,624,1450
10330.44,21,624,1450
10330.53,21,624,1450
10330.62,21,624,1450
10330.72,21,624,1450
10330.81,21,624,1450
10330.91,21,624,1450
10331.00,21,624,1450
10340.08,20,624,1451
10340.17,20,624,1451
10340.27,20,624,1451
10340.36,20,624,1451
10340.46,20,624,1451
10340.55,20,624,1451
10340.64,20,624,1451
10340.74,20,624,1451
10340.83,20,624,1451
10340.93,20,624,1451
10350.04,19,624,1452
10350.14,19,624,1452
10350.23,19,624,1452
10350.33,19,624,1452
10350.42,19,624,1452
10350.51,19,624,1452
10350.61,19,624,1452
10350.70,19,624,1452
10350.80,19,624,1452
10350.89,19,624,1452
10350.99,19,624,1452
10360.07,19,624,1452
10360.26,19,624,1452
10360.36,19,624,1452
10360.45,19,624,1452
10360.54,19,624,1452
10360.64,19,624,1452
10360.83,19,624,1452
10360.92,19,624,1452
10370.02,15,624,1467
10370.12,15,624,1467
10370.21,15,624,1467
10370.31,15,624,1467
10370.40,15,624,1467
10370.50,15,624,1467
10370.59,15,624,1467
10370.69,15,624,1467
10370.78,15,624,1467
10370.97,15,624,1467
10380.08,20,630,1468
10380.18,20,630,1468
10380.27,20,630,1468
10380.37,20,630,1468
10380.46,20,630,1468
10380.55,20,630,1468
10380.65,20,630,1468
10380.74,20,630,1468
10380.84,20,630,1468
10380.93,20,630,1468
10390.06,21,631,1468
10390.15,21,631,1468
10390.25,21,631,1468
10390.34,21,631,1468
10390.43,21,631,1468
10390.53,21,631,1468
10390.62,21,631,1468
10390.71,21,631,1468
10390.81,21,631,1468
10390.90,21,631,1468
10391.00,21,631,1468
10400.01,21,631,1468
10400.10,21,631,1468
10400.20,21,631,1468
10400.29,21,631,1468
10400.38,21,631,1468
10400.48,21,631,1468
10400.67,21,631,1468
10400.76,21,631,1468
10400.86,21,631,1468
10400.95,21,631,1468
10410.05,21,631,1468
10410.14,21,631,1468
10410.24,21,631,1468
10410.33,21,631,1468
10410.42,21,631,1468
10410.52,21,631,1468
10410.71,21,631,1468
10410.80,21,631,1468
10410.90,21,631,1468
10410.99,21,631,1468
10420.08,21,631,1468
10420.18,21,631,1468
10420.27,21,631,1468
10420.37,21,631,1468
10420.46,21,631,1468
10420.57,21,631,1468
10420.66,21,631,1468
10420.76,21,631,1468
10420.85,21,631,1468
10420.95,21,631,1468
10430.02,21,631,1468
10430.11,21,631,1468
10430.20,21,631,1468
10430.30,21,631,1468
10430.39,21,631,1468
10430.49,21,631,1468
10430.58,21,631,1468
10430.68,21,631,1468
10430.77,21,631,1468
10430.86,21,631,1468
10430.96,21,631,1468
10440.09,21,631,1468
10440.18,21,631,1468
10440.28,21,631,1468
10440.37,21,631,1468
10440.47,21,631,1468
10440.65,21,631,1468
10440.75,21,631,1468
10440.84,21,631,1468
10440.94,21,631,1468
10450.03,20,631,1469
10450.14,20,631,1469
10450.24,20,631,1469
10450.33,20,631,1469
10450.42,20,631,1469
10450.52,20,631,1469
10450.61,20,631,1469
10450.71,20,631,1469
10450.80,20,631,1469
10450.89,20,631,1469
10450.99,20,631,1469
10460.09,19,631,1470
10460.18,19,631,1470
10460.28,19,631,1470
10460.37,19,631,1470
10460.46,19,631,1470
10460.56,19,631,1470
10460.65,19,631,1470
10460.74,19,631,1470
10460.84,19,631,1470
10460.93,19,631,1470
10470.02,19,631,1470
10470.11,19,631,1470
10470.21,19,631,1470
10470.30,19,631,1470
10470.40,19,631,1470
10470.49,19,631,1470
10470.59,19,631,1470
10470.68,19,631,1470
10470.77,19,631,1470
10470.87,19,631,1470
10470.96,19,631,1470
10480.05,18,631,1471
10480.15,18,631,1471
10480.24,18,631,1471
10480.33,18,631,1471
10480.43,18,631,1471
10480.52,18,631,1471
10480.62,18,631,1471
10480.71,18,631,1471
10480.81,18,631,1471
10480.90,18,631,1471
10480.99,18,631,1471
10490.05,6,631,1483
10490.14,6,631,1483
10490.24,6,631,1483
10490.33,6,631,1483
10490.43,6,631,1483
10490.52,6,631,1483
10490.62,6,631,1483
10490.71,6,631,1483
10490.81,6,631,1483
10490.90,6,631,1483
10490.99,6,631,1483
10500.10,17,633,1485
10500.19,17,633,1485
10500.28,17,633,1485
10500.38,17,633,1485
10500.47,17,633,1485
10500.57,17,633,1485
10500.66,17,633,1485
10500.75,17,633,1485
10500.85,17,633,1485
10500.94,17,633,1485
10510.02,20,636,1485
10510.12,20,636,1485
10510.21,20,636,1485
10510.32,21,637,1485
10510.42,21,637,1485
10510.51,21,637,1485
10510.60,21,637,1485
10510.70,21,637,1485
10510.79,21,637,1485
10510.89,21,637,1485
10510.98,21,637,1485
10520.12,21,637,1485
10520.24,21,637,1485
10520.35,21,637,1485
10520.48,21,637,1485
10520.62,21,637,1485
10520.73,21,637,1485
10520.86,21,637,1485
10520.96,21,637,1485
10530.03,22,638,1485
10530.13,22,638,1485
10530.22,22,638,1485
10530.31,22,638,1485
10530.41,22,638,1485
10530.53,22,638,1485
10530.63,22,638,1485
10530.72,23,639,1485
10530.82,23,639,1485
10530.91,23,639,1485
10531.00,23,639,1485
10540.07,23,639,1485
10540.16,23,639,1485
10540.25,23,639,1485
10540.35,23,639,1485
10540.44,23,639,1485
10540.54,23,639,1485
10540.63,23,639,1485
10540.72,23,639,1485
10540.82,23,639,1485
10540.91,23,639,1485
10550.03,23,639,1485
10550.12,23,639,1485
10550.23,23,639,1485
10550.32,23,639,1485
10550.42,23,639,1485
10550.51,23,639,1485
10550.60,23,639,1485
10550.70,23,639,1485
10550.79,23,639,1485
10550.89,23,639,1485
10550.98,23,639,1485
10560.07,23,639,1485
10560.17,23,639,1485
10560.26,23,639,1485
10560.36,23,639,1485
10560.45,23,639,1485
10560.55,23,639,1485
10560.64,23,639,1485
10560.74,23,639,1485
10560.83,23,639,1485
10560.93,23,639,1485
10570.02,21,639,1487
10570.12,21,639,1487
10570.21,21,639,1487
10570.31,21,639,1487
10570.40,21,639,1487
10570.50,21,639,1487
10570.59,21,639,1487
10570.68,21,639,1487
10570.78,21,639,1487
10570.87,21,639,1487
10570.97,21,639,1487
10580.05,20,639,1488
10580.14,20,639,1488
10580.23,20,639,1488
10580.33,20,639,1488
10580.42,20,639,1488
10580.52,20,639,1488
10580.61,20,639,1488
10580.70,20,639,1488
10580.80,20,639,1488
10580.92,20,639,1488
10590.09,19,639,1489
10590.18,19,639,1489
10590.37,19,639,1489
10590.47,19,639,1489
10590.56,19,639,1489
10590.65,19,639,1489
10590.75,19,639,1489
10590.84,19,639,1489
10590.94,19,639,1489
10600.03,19,639,1489
10600.12,19,639,1489
10600.22,19,639,1489
10600.31,19,639,1489
10600.41,19,639,1489
10600.50,19,639,1489
10600.59,19,639,1489
10600.69,19,639,1489
10600.78,19,639,1489
10600.88,19,639,1489
10600.97,19,639,1489
10610.08,19,639,1489
10610.18,19,639,1489
10610.27,19,639,1489
10610.37,19,639,1489
10610.46,19,639,1489
10610.55,19,639,1489
10610.65,19,639,1489
10610.74,19,639,1489
10610.84,19,639,1489
10610.93,19,639,1489
10620.02,5,639,1503
10620.11,5,639,1503
10620.20,5,639,1503
10620.30,5,639,1503
10620.39,5,639,1503
10620.49,5,639,1503
10620.58,5,639,1503
10620.68,5,639,1503
10620.77,5,639,1503
10620.87,5,639,1503
10620.96,5,639,1503
10630.02,16,640,1504
10630.21,16,640,1504
10630.32,16,640,1504
10630.42,17,641,1504
10630.51,17,641,1504
10630.61,17,641,1504
10630.70,17,641,1504
10630.79,17,641,1504
10630.89,17,641,1504
10631.00,17,641,1504
10640.01,19,644,1505
10640.10,19,644,1505
10640.20,19,644,1505
10640.29,19,644,1505
10640.39,19,644,1505
10640.48,19,644,1505
10640.58,19,644,1505
10640.67,19,644,1505
10640.76,19,644,1505
10640.86,19,644,1505
10640.95,19,644,1505
10650.06,21,646,1505
10650.15,21,646,1505
10650.24,21,646,1505
10650.34,21,646,1505
10650.43,21,646,1505
10650.53,21,646,1505
10650.62,21,646,1505
10650.81,21,646,1505
10650.90,21,646,1505
10651.00,21,646,1505
10660.03,21,646,1505
10660.13,21,646,1505
10660.22,21,646,1505
10660.31,21,646,1505
10660.41,21,646,1505
10660.50,21,646,1505
10660.60,21,646,1505
10660.69,21,646,1505
10660.79,21,646,1505
10660.88,21,646,1505
10660.98,21,646,1505
10670.03,22,647,1505
10670.12,22,647,1505
10670.23,22,647,1505
10670.33,22,647,1505
10670.42,22,647,1505
10670.51,22,647,1505
10670.61,22,647,1505
10670.70,22,647,1505
10670.79,22,647,1505
10670.89,22,647,1505
10670.98,22,647,1505
10680.09,22,647,1505
10680.18,22,647,1505
10680.27,22,647,1505
10680.38,22,647,1505
10680.48,22,647,1505
10680.57,22,647,1505
10680.67,22,647,1505
10680.76,22,647,1505
10680.85,22,647,1505
10680.95,22,647,1505
10690.04,22,647,1505
10690.13,22,647,1505
10690.23,22,647,1505
10690.32,22,647,1505
10690.42,22,647,1505
10690.51,22,647,1505
10690.70,22,647,1505
10690.79,22,647,1505
10690.88,22,647,1505
10690.98,22,647,1505
10700.06,21,647,1506
10700.15,21,647,1506
10700.24,21,647,1506
10700.34,21,647,1506
10700.43,21,647,1506
10700.52,21,647,1506
10700.62,21,647,1506
10700.71,21,647,1506
10700.82,21,647,1506
10700.91,21,647,1506
10710.03,20,647,1507
10710.13,20,647,1507
10710.22,20,647,1507
10710.33,20,647,1507
10710.42,20,647,1507
10710.52,20,647,1507
10710.61,20,647,1507
10710.71,20,647,1507
10710.80,20,647,1507
10710.90,20,647,1507
10710.99,20,647,1507
10720.10,20,647,1507
10720.21,20,647,1507
10720.31,20,647,1507
10720.40,20,647,1507
10720.50,20,647,1507
10720.59,20,647,1507
10720.70,20,647,1507
10720.79,20,647,1507
10720.89,20,647,1507
10720.98,20,647,1507
10730.10,19,647,1508
10730.19,19,647,1508
10730.29,19,647,1508
10730.38,19,647,1508
10730.47,19,647,1508
10730.57,19,647,1508
10730.66,19,647,1508
10730.76,19,647,1508
10730.85,19,647,1508
10730.94,19,647,1508
10740.05,19,647,1508
10740.16,19,647,1508
10740.26,19,647,1508
10740.45,19,647,1508
10740.54,19,647,1508
10740.64,19,647,1508
10740.73,19,647,1508
10740.83,19,647,1508
10740.92,19,647,1508
10750.09,5,647,1522
10750.20,5,647,1522
10750.29,5,647,1522
10750.39,5,647,1522
10750.48,5,647,1522
10750.57,5,647,1522
10750.67,5,647,1522
10750.76,5,647,1522
10750.86,5,647,1522
10750.95,5,647,1522
10760.04,19,651,1523
10760.13,19,651,1523
10760.23,19,651,1523
10760.32,19,651,1523
10760.41,19,651,1523
10760.51,19,651,1523
10760.60,19,651,1523
10760.69,19,651,1523
10760.79,19,651,1523
10760.88,19,651,1523
10760.99,19,651,1523
10770.10,20,653,1524
10770.20,20,653,1524
10770.31,20,653,1524
10770.40,20,653,1524
10770.49,20,653,1524
10770.59,20,653,1524
10770.68,20,653,1524
10770.78,20,653,1524
10770.87,20,653,1524
10770.96,20,653,1524
10780.06,20,653,1524
10780.16,20,653,1524
10780.25,20,653,1524
10780.36,20,653,1524
10780.46,20,653,1524
10780.55,20,653,1524
10780.74,20,653,1524
10780.83,20,653,1524
10780.93,20,653,1524
10790.03,20,653,1524
10790.12,20,653,1524
10790.22,20,653,1524
10790.31,20,653,1524
10790.42,20,653,1524
10790.51,20,653,1524
10790.70,20,653,1524
10790.80,20,653,1524
10790.89,20,653,1524
10790.99,20,653,1524
10800.08,20,653,1524
10800.17,20,653,1524
10800.36,20,653,1524
10800.47,20,653,1524
10800.57,20,653,1524
10800.66,20,653,1524
10800.77,20,653,1524
10800.88,20,653,1524
10800.97,20,653,1524
10810.02,20,653,1524
10810.12,20,653,1524
10810.31,20,653,1524
10810.41,20,653,1524
10810.52,20,653,1524
10810.61,20,653,1524
10810.71,20,653,1524
10810.80,20,653,1524
10810.91,20,653,1524
10820.07,20,653,1524
10820.18,20,653,1524
10820.27,20,653,1524
10820.37,20,653,1524
10820.46,20,653,1524
10820.57,20,653,1524
10820.70,20,653,1524
10820.80,20,653,1524
10820.89,20,653,1524
10820.98,20,653,1524
10830.05,19,653,1525
10830.14,19,653,1525
10830.24,19,653,1525
10830.33,19,653,1525
10830.42,19,653,1525
10830.52,19,653,1525
10830.63,19,653,1525
10830.72,19,653,1525
10830.82,19,653,1525
10830.91,19,653,1525
10831.00,19,653,1525
10840.06,19,653,1525
10840.16,19,653,1525
10840.25,19,653,1525
10840.35,19,653,1525
10840.44,19,653,1525
10840.53,19,653,1525
10840.63,19,653,1525
10840.72,19,653,1525
10840.82,19,653,1525
10840.91,19,653,1525
10850.01,18,653,1526
10850.10,18,653,1526
10850.20,18,653,1526
10850.29,18,653,1526
10850.39,18,653,1526
10850.49,18,653,1526
10850.59,18,653,1526
10850.70,18,653,1526
10850.79,18,653,1526
10850.89,18,653,1526
10850.98,18,653,1526
10860.09,18,653,1526
10860.19,18,653,1526
10860.29,18,653,1526
10860.38,18,653,1526
10860.47,18,653,1526
10860.57,18,653,1526
10860.67,18,653,1526
10860.79,18,653,1526
10860.88,18,653,1526
10860.98,18,653,1526
10870.07,8,653,1536
10870.16,8,653,1536
10870.25,8,653,1536
10870.34,8,653,1536
10870.44,8,653,1536
10870.53,8,653,1536
10870.63,8,653,1536
10870.72,8,653,1536
10870.83,8,653,1536
10870.93,8,653,1536
10880.01,5,653,1539
10880.11,5,653,1539
10880.20,5,653,1539
10880.29,5,653,1539
10880.39,5,653,1539
10880.48,5,653,1539
10880.58,5,653,1539
10880.67,5,653,1539
10880.77,5,653,1539
10880.88,5,653,1539
10880.97,5,653,1539
10890.05,5,653,1539
10890.15,5,653,1539
10890.24,5,653,1539
10890.34,5,653,1539
10890.43,5,653,1539
10890.53,5,653,1539
10890.62,5,653,1539
10890.72,5,653,1539
10890.81,5,653,1539
10890.92,5,653,1539
10900.01,5,653,1539
10900.10,5,653,1539
10900.19,5,653,1539
10900.29,5,653,1539
10900.38,5,653,1539
10900.48,5,653,1539
10900.57,5,653,1539
10900.67,5,653,1539
10900.76,5,653,1539
10900.86,5,653,1539
10900.97,5,653,1539
10910.05,5,653,1539
10910.14,5,653,1539
10910.23,5,653,1539
10910.33,5,653,1539
10910.42,5,653,1539
10910.52,5,653,1539
10910.61,5,653,1539
10910.71,5,653,1539
10910.80,5,653,1539
10910.90,5,653,1539
10920.07,5,653,1539
10920.16,5,653,1539
10920.25,5,653,1539
10920.35,5,653,1539
10920.44,5,653,1539
10920.54,5,653,1539
10920.63,5,653,1539
10920.82,5,653,1539
10920.92,5,653,1539
10930.01,5,653,1539
10930.11,5,653,1539
10930.20,5,653,1539
10930.29,5,653,1539
10930.39,5,653,1539
10930.48,5,653,1539
10930.58,5,653,1539
10930.67,5,653,1539
10930.77,5,653,1539
10930.86,5,653,1539
10930.95,5,653,1539
10940.03,5,653,1539
10940.13,5,653,1539
10940.22,5,653,1539
10940.32,5,653,1539
10940.41,5,653,1539
10940.50,5,653,1539
10940.60,5,653,1539
10940.69,5,653,1539
10940.79,5,653,1539
10940.88,5,653,1539
10940.97,5,653,1539
10950.06,16,655,1542
10950.15,17,656,1542
10950.25,17,656,1542
10950.34,17,656,1542
10950.44,17,656,1542
10950.53,17,656,1542
10950.62,17,656,1542
10950.72,17,656,1542
10950.81,17,656,1542
10950.91,17,656,1542
10951.00,17,656,1542
10960.01,22,662,1543
10960.11,22,662,1543
10960.20,22,662,1543
10960.31,22,662,1543
10960.41,22,662,1543
10960.50,22,662,1543
10960.59,22,662,1543
10960.69,22,662,1543
10960.78,22,662,1543
10960.88,22,662,1543
10960.97,22,662,1543
10970.04,21,662,1544
10970.13,21,662,1544
10970.23,21,662,1544
10970.32,21,662,1544
10970.43,21,662,1544
10970.52,21,662,1544
10970.62,21,662,1544
10970.73,21,662,1544
10970.84,21,662,1544
10970.95,21,662,1544
10980.11,22,663,1544
10980.21,22,663,1544
10980.30,22,663,1544
10980.41,22,663,1544
10980.50,22,663,1544
10980.61,22,663,1544
10980.71,22,663,1544
10980.80,22,663,1544
10980.90,22,663,1544
10981.00,22,663,1544
10990.06,22,663,1544
10990.17,22,663,1544
10990.27,22,663,1544
10990.36,22,663,1544
10990.45,22,663,1544
10990.55,22,663,1544
10990.64,22,663,1544
10990.74,22,663,1544
10990.83,22,663,1544
10990.93,22,663,1544
11000.01,22,663,1544
11000.11,22,663,1544
11000.20,22,663,1544
11000.30,22,663,1544
11000.40,22,663,1544
11000.50,22,663,1544
11000.59,22,663,1544
11000.69,22,663,1544
11000.80,22,663,1544
11000.91,22,663,1544
11001.00,22,663,1544
11010.01,22,663,1544
11010.10,22,663,1544
11010.20,22,663,1544
11010.31,22,663,1544
11010.42,22,663,1544
11010.51,22,663,1544
11010.61,22,663,1544
11010.70,22,663,1544
11010.82,22,663,1544
11010.92,22,663,1544
11020.09,22,663,1544
11020.18,22,663,1544
11020.27,22,663,1544
11020.37,22,663,1544
11020.46,22,663,1544
11020.56,22,663,1544
11020.65,22,663,1544
11020.75,22,663,1544
11020.84,22,663,1544
11020.93,22,663,1544
11030.05,22,663,1544
11030.14,22,663,1544
11030.24,22,663,1544
11030.35,22,663,1544
11030.44,22,663,1544
11030.54,22,663,1544
11030.65,22,663,1544
11030.74,22,663,1544
11030.84,22,663,1544
11030.93,22,663,1544
11040.07,22,663,1544
11040.16,22,663,1544
11040.25,22,663,1544
11040.35,22,663,1544
11040.44,22,663,1544
11040.54,22,663,1544
11040.63,22,663,1544
11040.72,22,663,1544
11040.83,22,663,1544
11040.93,22,663,1544
11050.09,22,663,1544
11050.18,22,663,1544
11050.28,22,663,1544
11050.37,22,663,1544
11050.46,22,663,1544
11050.56,22,663,1544
11050.65,22,663,1544
11050.75,22,663,1544
11050.84,22,663,1544
11050.94,22,663,1544
11060.07,22,663,1544
11060.18,22,663,1544
11060.27,22,663,1544
11060.36,22,663,1544
11060.47,22,663,1544
11060.58,22,663,1544
11060.68,22,663,1544
11060.77,22,663,1544
11060.86,22,663,1544
11060.96,22,663,1544
11070.01,6,663,1560
11070.11,6,663,1560
11070.20,6,663,1560
11070.30,6,663,1560
11070.39,6,663,1560
11070.48,6,663,1560
11070.58,6,663,1560
11070.67,6,663,1560
11070.77,6,663,1560
11070.86,6,663,1560
11070.96,5,663,1561
11080.08,18,668,1564
11080.27,18,668,1564
11080.37,18,668,1564
11080.46,18,668,1564
11080.56,18,668,1564
11080.65,18,668,1564
11080.75,18,668,1564
11080.84,18,668,1564
11080.93,18,668,1564
11090.01,20,670,1564
11090.10,20,670,1564
11090.19,20,670,1564
11090.29,20,670,1564
11090.38,20,670,1564
11090.48,20,670,1564
11090.59,20,670,1564
11090.70,20,670,1564
11090.79,20,670,1564
11100.01,20,670,1564
11100.10,20,670,1564
11100.20,20,670,1564
11100.29,20,670,1564
11100.39,20,670,1564
11100.48,20,670,1564
11100.61,20,670,1564
11100.70,20,670,1564
11100.80,20,670,1564
11100.89,20,670,1564
11100.98,20,670,1564
11110.04,21,671,1564
11110.14,21,671,1564
11110.23,21,671,1564
11110.32,21,671,1564
11110.43,21,671,1564
11110.54,21,671,1564
11110.63,21,671,1564
11110.73,21,671,1564
11110.83,21,671,1564
11110.92,21,671,1564
11120.10,22,672,1564
11120.19,22,672,1564
11120.28,22,672,1564
11120.38,22,672,1564
11120.47,22,672,1564
11120.58,22,672,1564
11120.68,22,672,1564
11120.77,22,672,1564
11120.88,22,672,1564
11120.97,22,672,1564
11130.02,22,672,1564
11130.13,22,672,1564
11130.23,22,672,1564
11130.33,22,672,1564
11130.44,22,672,1564
11130.54,22,672,1564
11130.63,22,672,1564
11130.73,22,672,1564
11130.82,22,672,1564
11130.92,22,672,1564
11140.05,22,672,1564
11140.14,22,672,1564
11140.24,22,672,1564
11140.35,22,672,1564
11140.46,22,672,1564
11140.55,22,672,1564
11140.65,22,672,1564
11140.76,22,672,1564
11140.85,22,672,1564
11140.95,22,672,1564
11150.09,21,672,1565
11150.19,21,672,1565
11150.28,21,672,1565
11150.38,21,672,1565
11150.47,21,672,1565
11150.58,21,672,1565
11150.68,21,672,1565
11150.77,21,672,1565
11150.88,21,672,1565
11150.98,21,672,1565
11160.01,21,672,1565
11160.12,21,672,1565
11160.21,21,672,1565
11160.31,21,672,1565
11160.40,21,672,1565
11160.50,21,672,1565
11160.59,21,672,1565
11160.69,21,672,1565
11160.78,21,672,1565
11160.89,21,672,1565
11160.98,21,672,1565
11170.10,21,672,1565
11170.19,21,672,1565
11170.29,21,672,1565
11170.38,21,672,1565
11170.48,21,672,1565
11170.57,21,672,1565
11170.67,21,672,1565
11170.76,21,672,1565
11170.86,21,672,1565
11170.97,21,672,1565
11180.04,20,672,1566
11180.13,20,672,1566
11180.24,20,672,1566
11180.33,20,672,1566
11180.43,20,672,1566
11180.52,20,672,1566
11180.62,20,672,1566
11180.71,20,672,1566
11180.81,20,672,1566
11180.91,20,672,1566
11190.09,8,672,1578
11190.18,8,672,1578
11190.28,8,672,1578
11190.37,8,672,1578
11190.47,8,672,1578
11190.56,8,672,1578
11190.65,8,672,1578
11190.78,8,672,1578
11190.87,8,672,1578
11190.97,8,672,1578
11200.03,15,672,1582
11200.13,16,673,1582
11200.24,16,673,1582
11200.33,16,673,1582
11200.42,16,673,1582
11200.52,16,673,1582
11200.61,16,673,1582
11200.71,16,673,1582
11200.80,16,673,1582
11200.90,16,673,1582
11200.99,16,673,1582
11210.06,18,676,1583
11210.17,18,676,1583
11210.26,18,676,1583
11210.35,18,676,1583
11210.45,18,676,1583
11210.54,18,676,1583
11210.64,18,676,1583
11210.73,18,676,1583
11210.83,18,676,1583
11210.92,18,676,1583
11220.03,19,677,1583
11220.13,19,677,1583
11220.22,19,677,1583
11220.33,19,677,1583
11220.42,19,677,1583
11220.52,19,677,1583
11220.61,19,677,1583
11220.71,19,677,1583
11220.82,19,677,1583
11220.91,19,677,1583
11221.00,19,677,1583
11230.02,19,678,1584
11230.13,19,678,1584
11230.23,19,678,1584
11230.32,19,678,1584
11230.42,19,678,1584
11230.52,19,678,1584
11230.63,19,678,1584
11230.73,19,678,1584
11230.82,19,678,1584
11230.92,19,678,1584
11240.01,20,679,1584
11240.20,20,679,1584
11240.29,20,679,1584
11240.39,20,679,1584
11240.48,20,679,1584
11240.58,20,679,1584
11240.67,20,679,1584
11240.77,20,679,1584
11240.88,20,679,1584
11240.98,20,679,1584
11250.05,20,679,1584
11250.15,20,679,1584
11250.24,20,679,1584
11250.33,20,679,1584
11250.43,20,679,1584
11250.54,20,679,1584
11250.63,20,679,1584
11250.73,20,679,1584
11250.82,20,679,1584
11250.92,20,679,1584
11260.07,20,679,1584
11260.17,20,679,1584
11260.28,20,679,1584
11260.37,20,679,1584
11260.48,20,679,1584
11260.59,20,679,1584
11260.68,20,679,1584
11260.79,20,679,1584
11260.89,20,679,1584
11260.98,20,679,1584
11270.01,19,679,1585
11270.11,19,679,1585
11270.20,19,679,1585
11270.31,19,679,1585
11270.41,19,679,1585
11270.50,19,679,1585
11270.59,19,679,1585
11270.69,19,679,1585
11270.78,19,679,1585
11270.89,19,679,1585
11270.99,19,679,1585
11280.04,19,679,1585
11280.14,19,679,1585
11280.33,19,679,1585
11280.42,19,679,1585
11280.51,19,679,1585
11280.62,19,679,1585
11280.72,19,679,1585
11280.84,19,679,1585
11280.94,19,679,1585
11290.01,19,679,1585
11290.10,19,679,1585
11290.29,19,679,1585
11290.39,19,679,1585
11290.48,19,679,1585
11290.59,19,679,1585
11290.69,19,679,1585
11290.78,19,679,1585
11290.88,19,679,1585
11290.97,19,679,1585
11300.05,19,679,1585
11300.16,19,679,1585
11300.27,19,679,1585
11300.36,19,679,1585
11300.46,19,679,1585
11300.55,19,679,1585
11300.65,19,679,1585
11300.74,19,679,1585
11300.83,19,679,1585
11300.94,19,679,1585
11310.05,19,679,1585
11310.16,19,679,1585
11310.26,19,679,1585
11310.35,19,679,1585
11310.45,19,679,1585
11310.54,19,679,1585
11310.65,19,679,1585
11310.76,19,679,1585
11310.86,19,679,1585
11310.95,19,679,1585
11320.04,6,679,1598
11320.14,6,679,1598
11320.23,6,679,1598
11320.33,6,679,1598
11320.42,6,679,1598
11320.51,6,679,1598
11320.61,6,679,1598
11320.70,6,679,1598
11320.80,6,679,1598
11320.89,6,679,1598
11320.99,6,679,1598
11330.06,5,679,1599
11330.15,5,679,1599
11330.25,5,679,1599
11330.34,5,679,1599
11330.44,5,679,1599
11330.53,5,679,1599
11330.63,5,679,1599
11330.72,5,679,1599
11330.81,5,679,1599
11330.91,5,679,1599
11331.00,5,679,1599
11340.02,5,679,1599
11340.11,5,679,1599
11340.21,5,679,1599
11340.30,5,679,1599
11340.40,5,679,1599
11340.49,5,679,1599
11340.59,5,679,1599
11340.68,5,679,1599
11340.78,5,679,1599
11340.87,5,679,1599
11340.96,5,679,1599
11350.09,20,684,1600
11350.18,20,684,1600
11350.28,20,684,1600
11350.39,20,684,1600
11350.50,20,684,1600
11350.59,20,684,1600
11350.70,20,684,1600
11350.79,20,684,1600
11350.89,20,684,1600
11350.99,20,684,1600
11360.05,21,685,1600
11360.15,21,685,1600
11360.26,21,685,1600
11360.35,21,685,1600
11360.46,21,685,1600
11360.55,21,685,1600
11360.65,21,685,1600
11360.74,21,685,1600
11360.85,21,685,1600
11360.94,21,685,1600
11370.06,22,686,1600
11370.16,22,686,1600
11370.25,22,686,1600
11370.36,22,686,1600
11370.46,22,686,1600
11370.57,22,686,1600
11370.68,22,686,1600
11370.78,22,686,1600
11370.91,22,686,1600
11380.08,22,686,1600
11380.18,22,686,1600
11380.29,22,686,1600
11380.38,22,686,1600
11380.48,22,686,1600
11380.59,22,686,1600
11380.68,22,686,1600
11380.79,22,686,1600
11380.90,22,686,1600
11390.04,22,686,1600
11390.14,22,686,1600
11390.25,22,686,1600
11390.34,22,686,1600
11390.44,22,686,1600
11390.53,22,686,1600
11390.64,22,686,1600
11390.73,22,686,1600
11390.84,22,686,1600
11390.94,22,686,1600
11400.08,20,686,1602
11400.19,20,686,1602
11400.28,20,686,1602
11400.39,20,686,1602
11400.48,20,686,1602
11400.58,20,686,1602
11400.67,20,686,1602
11400.77,20,686,1602
11400.87,20,686,1602
11400.97,20,686,1602
11410.02,20,686,1602
11410.11,20,686,1602
11410.22,20,686,1602
11410.31,20,686,1602
11410.42,20,686,1602
11410.52,20,686,1602
11410.64,20,686,1602
11410.74,20,686,1602
11410.83,20,686,1602
11410.93,20,686,1602
11420.05,19,686,1603
11420.14,19,686,1603
11420.25,19,686,1603
11420.34,19,686,1603
11420.44,19,686,1603
11420.53,19,686,1603
11420.63,19,686,1603
11420.73,19,686,1603
11420.83,19,686,1603
11420.92,19,686,1603
11430.11,19,686,1603
11430.22,19,686,1603
11430.33,19,686,1603
11430.45,19,686,1603
11430.56,19,686,1603
11430.67,19,686,1603
11430.77,19,686,1603
11430.88,19,686,1603
11430.99,19,686,1603
11440.07,18,686,1604
11440.18,18,686,1604
11440.28,18,686,1604
11440.37,18,686,1604
11440.48,18,686,1604
11440.59,18,686,1604
11440.70,18,686,1604
11440.81,18,686,1604
11440.92,18,686,1604
11450.02,18,686,1604
11450.13,18,686,1604
11450.22,18,686,1604
11450.32,18,686,1604
11450.42,18,686,1604
11450.52,18,686,1604
11450.63,18,686,1604
11450.74,18,686,1604
11450.86,18,686,1604
11450.97,18,686,1604
11460.04,18,686,1604
11460.16,18,686,1604
11460.27,18,686,1604
11460.38,18,686,1604
11460.47,18,686,1604
11460.58,18,686,1604
11460.69,18,686,1604
11460.80,18,686,1604
11460.91,18,686,1604
11470.02,15,686,1618
11470.12,15,686,1618
11470.22,15,686,1618
11470.33,15,686,1618
11470.43,15,686,1618
11470.52,15,686,1618
11470.62,15,686,1618
11470.71,15,686,1618
11470.81,15,686,1618
11470.90,15,686,1618
11470.99,16,687,1618
11480.08,18,689,1618
11480.19,18,689,1618
11480.30,18,689,1618
11480.41,18,689,1618
11480.50,18,689,1618
11480.60,18,689,1618
11480.69,18,689,1618
11480.79,18,689,1618
11480.90,18,689,1618
11481.00,18,689,1618
11490.01,21,692,1618
11490.12,21,692,1618
11490.23,21,692,1618
11490.32,21,692,1618
11490.43,21,692,1618
11490.54,21,692,1618
11490.65,21,692,1618
11490.76,21,692,1618
11490.86,22,693,1618
11490.97,22,693,1618
11500.05,23,694,1618
11500.16,23,694,1618
11500.27,23,694,1618
11500.38,23,694,1618
11500.49,23,694,1618
11500.60,23,694,1618
11500.71,23,694,1618
11500.82,23,694,1618
11500.92,23,694,1618
11510.09,23,694,1618
11510.20,23,694,1618
11510.31,23,694,1618
11510.42,23,694,1618
11510.54,23,694,1618
11510.65,23,694,1618
11510.76,23,694,1618
11510.87,23,694,1618
11510.98,23,694,1618
11520.05,24,695,1618
11520.17,24,695,1618
11520.28,24,695,1618
11520.39,24,695,1618
11520.50,24,695,1618
11520.60,24,695,1618
11520.71,24,695,1618
11520.82,24,695,1618
11520.93,24,695,1618
11530.04,24,695,1618
11530.15,24,695,1618
11530.27,24,695,1618
11530.38,24,695,1618
11530.48,24,695,1618
11530.60,24,695,1618
11530.71,24,695,1618
11530.82,24,695,1618
11530.92,24,695,1618
11540.02,24,695,1618
11540.13,24,695,1618
11540.22,24,695,1618
11540.33,24,695,1618
11540.44,24,695,1618
11540.55,24,695,1618
11540.66,24,695,1618
11540.76,24,695,1618
11540.87,24,695,1618
11540.98,24,695,1618
11550.08,23,695,1619
11550.19,23,695,1619
11550.30,23,695,1619
11550.41,23,695,1619
11550.52,23,695,1619
11550.63,23,695,1619
11550.73,23,695,1619
11550.84,23,695,1619
11550.95,23,695,1619
11560.07,21,695,1621
11560.18,21,695,1621
11560.29,21,695,1621
11560.40,21,695,1621
11560.51,21,695,1621
11560.62,21,695,1621
11560.72,21,695,1621
11560.83,21,695,1621
11560.92,21,695,1621
11570.01,21,695,1621
11570.12,21,695,1621
11570.23,21,695,1621
11570.34,21,695,1621
11570.45,21,695,1621
11570.56,21,695,1621
11570.67,21,695,1621
11570.78,21,695,1621
11570.89,21,695,1621
11571.00,21,695,1621
11580.01,20,695,1622
11580.12,20,695,1622
11580.21,20,695,1622
11580.32,20,695,1622
11580.43,20,695,1622
11580.54,20,695,1622
11580.65,20,695,1622
11580.74,20,695,1622
11580.85,20,695,1622
11580.96,20,695,1622
11590.03,20,695,1622
11590.13,20,695,1622
11590.24,20,695,1622
11590.35,20,695,1622
11590.46,20,695,1622
11590.56,20,695,1622
11590.66,20,695,1622
11590.79,20,695,1622
11590.90,20,695,1622
11600.02,8,695,1634
11600.13,8,695,1634
11600.24,8,695,1634
11600.35,8,695,1634
11600.46,8,695,1634
11600.55,8,695,1634
11600.64,8,695,1634
11600.74,8,695,1634
11600.83,8,695,1634
11600.93,8,695,1634
11610.01,6,695,1636
11610.20,6,695,1636
11610.30,6,695,1636
11610.39,6,695,1636
11610.48,6,695,1636
11610.58,6,695,1636
11610.69,6,695,1636
11610.78,6,695,1636
11610.88,6,695,1636
11610.99,5,695,1637
11620.09,17,699,1640
11620.20,17,699,1640
11620.30,17,699,1640
11620.41,17,699,1640
11620.50,17,699,1640
11620.61,17,699,1640
11620.71,17,699,1640
11620.82,17,699,1640
11620.93,17,699,1640
11630.04,20,702,1640
11630.15,20,702,1640
11630.26,20,702,1640
11630.37,20,702,1640
11630.48,20,702,1640
11630.59,20,702,1640
11630.70,20,702,1640
11630.81,20,702,1640
11630.92,20,702,1640
11640.09,20,702,1640
11640.20,20,702,1640
11640.31,20,702,1640
11640.42,20,702,1640
11640.53,20,702,1640
11640.64,20,702,1640
11640.75,20,702,1640
11640.86,20,702,1640
11640.97,20,702,1640
11650.06,20,702,1640
11650.17,20,702,1640
11650.28,20,702,1640
11650.38,20,702,1640
11650.49,20,702,1640
11650.60,20,702,1640
11650.69,20,702,1640
11650.80,20,702,1640
11650.91,20,702,1640
11660.07,20,702,1640
11660.18,20,702,1640
11660.29,20,702,1640
11660.40,20,702,1640
11660.51,20,702,1640
11660.62,20,702,1640
11660.73,20,702,1640
11660.84,20,702,1640
11660.95,20,702,1640
11670.04,20,702,1640
11670.15,20,702,1640
11670.26,20,702,1640
11670.37,20,702,1640
11670.48,20,702,1640
11670.59,20,702,1640
11670.70,20,702,1640
11670.81,20,702,1640
11670.92,20,702,1640
11680.07,20,702,1640
11680.18,20,702,1640
11680.29,20,702,1640
11680.40,20,702,1640
11680.51,20,702,1640
11680.62,20,702,1640
11680.73,20,702,1640
11680.84,20,702,1640
11680.94,20,702,1640
11690.09,20,702,1640
11690.20,20,702,1640
11690.31,20,702,1640
11690.42,20,702,1640
11690.53,20,702,1640
11690.64,20,702,1640
11690.75,20,702,1640
11690.86,20,702,1640
11690.97,20,702,1640
11700.09,19,702,1641
11700.20,19,702,1641
11700.31,19,702,1641
11700.42,19,702,1641
11700.53,19,702,1641
11700.64,19,702,1641
11700.73,19,702,1641
11700.84,19,702,1641
11700.94,19,702,1641
11710.06,19,702,1641
11710.17,19,702,1641
11710.26,19,702,1641
11710.38,19,702,1641
11710.49,19,702,1641
11710.58,19,702,1641
11710.69,19,702,1641
11710.80,19,702,1641
11710.91,19,702,1641
11720.09,19,702,1641
11720.20,19,702,1641
11720.31,19,702,1641
11720.41,19,702,1641
11720.51,19,702,1641
11720.62,19,702,1641
11720.73,19,702,1641
11720.84,19,702,1641
11720.95,19,702,1641
11730.07,18,702,1642
11730.18,18,702,1642
11730.29,18,702,1642
11730.40,18,702,1642
11730.51,18,702,1642
11730.62,18,702,1642
11730.72,18,702,1642
11730.82,18,702,1642
11730.93,18,702,1642
11740.08,18,702,1642
11740.19,18,702,1642
11740.30,18,702,1642
11740.41,18,702,1642
11740.52,18,702,1642
11740.63,9,702,1651
11740.74,9,702,1651
11740.84,8,702,1652
11740.93,8,702,1652
11750.06,18,705,1656
11750.17,18,705,1656
11750.28,18,705,1656
11750.39,18,705,1656
11750.50,18,705,1656
11750.61,18,705,1656
11750.70,18,705,1656
11750.81,18,705,1656
11750.93,18,705,1656
11760.04,19,706,1656
11760.15,19,706,1656
11760.26,19,706,1656
11760.37,19,706,1656
11760.48,19,706,1656
11760.59,19,706,1656
11760.70,19,706,1656
11760.81,19,706,1656
11760.92,19,706,1656
11770.10,22,709,1656
11770.20,22,709,1656
11770.32,22,709,1656
11770.43,22,709,1656
11770.54,22,709,1656
11770.65,22,709,1656
11770.76,22,709,1656
11770.86,22,709,1656
11770.98,22,709,1656
11780.03,23,710,1656
11780.14,23,710,1656
11780.25,23,710,1656
11780.36,23,710,1656
11780.48,23,710,1656
11780.59,23,710,1656
11780.70,23,710,1656
11780.79,23,710,1656
11780.90,23,710,1656
11790.07,23,710,1656
11790.18,23,710,1656
11790.29,23,710,1656
11790.40,23,710,1656
11790.51,23,710,1656
11790.62,23,710,1656
11790.74,23,710,1656
11790.84,23,710,1656
11790.96,23,710,1656
11800.04,23,710,1656
11800.15,23,710,1656
11800.26,23,710,1656
11800.37,23,710,1656
11800.48,23,710,1656
11800.59,23,710,1656
11800.70,23,710,1656
11800.82,23,710,1656
11800.94,23,710,1656
11810.01,23,710,1656
11810.13,23,710,1656
11810.24,23,710,1656
11810.35,23,710,1656
11810.46,23,710,1656
11810.57,23,710,1656
11810.68,23,710,1656
11810.79,23,710,1656
11810.90,23,710,1656
11820.01,23,710,1656
11820.12,23,710,1656
11820.23,23,710,1656
11820.34,23,710,1656
11820.45,23,710,1656
11820.56,23,710,1656
11820.67,23,710,1656
11820.78,23,710,1656
11820.89,23,710,1656
11830.04,21,710,1658
11830.15,21,710,1658
11830.26,21,710,1658
11830.35,21,710,1658
11830.46,21,710,1658
11830.56,21,710,1658
11830.67,21,710,1658
11830.78,21,710,1658
11830.89,21,710,1658
11830.98,21,710,1658
11840.01,20,710,1659
11840.12,20,710,1659
11840.23,20,710,1659
11840.34,20,710,1659
11840.45,20,710,1659
11840.56,20,710,1659
11840.67,20,710,1659
11840.78,20,710,1659
11840.89,20,710,1659
11841.00,20,710,1659
11850.07,19,710,1660
11850.18,19,710,1660
11850.29,19,710,1660
11850.40,19,710,1660
11850.50,19,710,1660
11850.61,19,710,1660
11850.72,19,710,1660
11850.83,19,710,1660
11850.94,19,710,1660
11860.05,19,710,1660
11860.16,19,710,1660
11860.27,19,710,1660
11860.38,19,710,1660
11860.49,19,710,1660
11860.60,19,710,1660
11860.69,19,710,1660
11860.80,19,710,1660
11860.91,19,710,1660
11870.03,19,710,1660
11870.13,19,710,1660
11870.24,19,710,1660
11870.35,19,710,1660
11870.47,19,710,1660
11870.58,19,710,1660
11870.69,19,710,1660
11870.80,19,710,1660
11870.91,19,710,1660
11880.05,6,710,1673
11880.15,6,710,1673
11880.24,6,710,1673
11880.34,6,710,1673
11880.45,6,710,1673
11880.54,6,710,1673
11880.65,6,710,1673
11880.76,6,710,1673
11880.87,6,710,1673
11880.96,6,710,1673
11890.08,5,710,1674
11890.19,5,710,1674
11890.30,5,710,1674
11890.39,5,710,1674
11890.49,5,710,1674
11890.58,5,710,1674
11890.69,5,710,1674
11890.80,5,710,1674
11890.90,5,710,1674
11890.99,5,710,1674
11900.10,18,714,1676
11900.21,18,714,1676
11900.33,18,714,1676
11900.44,18,714,1676
11900.55,18,714,1676
11900.66,18,714,1676
11900.75,18,714,1676
11900.86,18,714,1676
11900.97,18,714,1676
11910.02,21,717,1676
11910.12,21,717,1676
11910.23,21,717,1676
11910.33,21,717,1676
11910.44,21,717,1676
11910.55,21,717,1676
11910.66,21,717,1676
11910.77,21,717,1676
11910.88,21,717,1676
11910.99,21,717,1676
11920.06,21,717,1676
11920.17,21,717,1676
11920.28,21,717,1676
11920.40,21,717,1676
11920.51,21,717,1676
11920.62,21,717,1676
11920.73,21,717,1676
11920.84,21,717,1676
11920.95,21,717,1676
11930.11,22,718,1676
11930.22,22,718,1676
11930.33,22,718,1676
11930.45,22,718,1676
11930.56,22,718,1676
11930.67,22,718,1676
11930.78,22,718,1676
11930.89,22,718,1676
11931.00,22,718,1676
11940.11,22,718,1676
11940.22,22,718,1676
11940.34,22,718,1676
11940.45,22,718,1676
11940.56,22,718,1676
11940.67,22,718,1676
11940.78,22,718,1676
11940.89,22,718,1676
11941.00,22,718,1676
11950.07,22,718,1676
11950.17,22,718,1676
11950.27,22,718,1676
11950.38,22,718,1676
11950.49,22,718,1676
11950.59,22,718,1676
11950.70,22,718,1676
11950.81,22,718,1676
11950.92,22,718,1676
11960.07,22,718,1676
11960.18,22,718,1676
11960.29,22,718,1676
11960.38,22,718,1676
11960.50,22,718,1676
11960.60,22,718,1676
11960.71,22,718,1676
11960.82,22,718,1676
11960.93,22,718,1676
11970.08,21,718,1677
11970.20,21,718,1677
11970.30,21,718,1677
11970.42,21,718,1677
11970.53,21,718,1677
11970.63,21,718,1677
11970.74,21,718,1677
11970.86,21,718,1677
11970.97,21,718,1677
11980.03,20,718,1678
11980.14,20,718,1678
11980.25,20,718,1678
11980.36,20,718,1678
11980.47,20,718,1678
11980.58,20,718,1678
11980.69,20,718,1678
11980.79,20,718,1678
11980.89,20,718,1678
11981.01,20,718,1678
11990.08,20,718,1678
11990.19,20,718,1678
11990.30,20,718,1678
11990.41,20,718,1678
11990.52,20,718,1678
11990.63,20,718,1678
11990.74,20,718,1678
11990.85,20,718,1678
11990.96,20,718,1678
12000.10,19,718,1679
12000.21,19,718,1679
12000.32,19,718,1679
12000.43,19,718,1679
12000.54,19,718,1679
12000.65,19,718,1679
12000.77,19,718,1679
12000.88,19,718,1679
12001.00,19,718,1679
12010.09,19,718,1679
12010.20,19,718,1679
12010.31,19,718,1679
12010.42,19,718,1679
12010.52,19,718,1679
12010.63,19,718,1679
12010.75,19,718,1679
12010.85,19,718,1679
12010.97,19,718,1679
12020.02,19,718,1679
12020.12,19,718,1679
12020.23,19,718,1679
12020.34,19,718,1679
12020.45,19,718,1679
12020.56,19,718,1679
12020.67,19,718,1679
12020.78,19,718,1679
12020.89,19,718,1679
12021.00,19,718,1679
12030.02,5,718,1693
12030.13,5,718,1693
12030.22,5,718,1693
12030.33,5,718,1693
12030.44,5,718,1693
12030.53,5,718,1693
12030.63,5,718,1693
12030.72,5,718,1693
12030.82,5,718,1693
12030.93,5,718,1693
12040.10,19,723,1695
12040.21,19,723,1695
12040.32,19,723,1695
12040.43,19,723,1695
12040.54,19,723,1695
12040.65,19,723,1695
12040.76,19,723,1695
12040.87,19,723,1695
12040.98,19,723,1695
12050.05,20,724,1695
12050.16,20,724,1695
12050.27,20,724,1695
12050.38,20,724,1695
12050.49,20,724,1695
12050.60,20,724,1695
12050.71,20,724,1695
12050.82,20,724,1695
12050.93,20,724,1695
12060.06,21,725,1695
12060.17,21,725,1695
12060.28,21,725,1695
12060.39,21,725,1695
12060.50,21,725,1695
12060.61,21,725,1695
12060.72,21,725,1695
12060.82,21,725,1695
12060.93,21,725,1695
12070.09,22,726,1695
12070.20,22,726,1695
12070.31,22,726,1695
12070.42,22,726,1695
12070.53,22,726,1695
12070.64,22,726,1695
12070.75,22,726,1695
12070.86,22,726,1695
12070.97,22,726,1695
12080.03,23,727,1695
12080.15,23,727,1695
12080.25,23,727,1695
12080.37,23,727,1695
12080.48,23,727,1695
12080.59,23,727,1695
12080.70,23,727,1695
12080.81,23,727,1695
12080.92,23,727,1695
12090.03,23,727,1695
12090.14,23,727,1695
12090.25,23,727,1695
12090.36,23,727,1695
12090.47,23,727,1695
12090.58,23,727,1695
12090.69,23,727,1695
12090.80,23,727,1695
12090.91,23,727,1695
12100.08,23,727,1695
12100.19,23,727,1695
12100.30,23,727,1695
12100.39,23,727,1695
12100.50,23,727,1695
12100.61,23,727,1695
12100.72,23,727,1695
12100.83,23,727,1695
12100.94,23,727,1695
12110.08,23,728,1696
12110.19,23,728,1696
12110.30,23,728,1696
12110.41,23,728,1696
12110.52,23,728,1696
12110.63,23,728,1696
12110.74,23,728,1696
12110.85,23,728,1696
12110.96,23,728,1696
12120.07,23,728,1696
12120.18,23,728,1696
12120.29,23,728,1696
12120.40,23,728,1696
12120.51,23,728,1696
12120.62,23,728,1696
12120.73,23,728,1696
12120.84,23,728,1696
12120.95,23,728,1696
12130.02,22,728,1697
12130.12,22,728,1697
12130.24,22,728,1697
12130.35,22,728,1697
12130.45,22,728,1697
12130.56,22,728,1697
12130.69,22,728,1697
12130.80,22,728,1697
12130.91,22,728,1697
12140.08,22,728,1697
12140.19,22,728,1697
12140.30,22,728,1697
12140.41,22,728,1697
12140.52,22,728,1697
12140.63,22,728,1697
12140.74,22,728,1697
12140.85,22,728,1697
12140.96,22,728,1697
12150.05,21,728,1698
12150.16,21,728,1698
12150.27,21,728,1698
12150.38,21,728,1698
12150.49,21,728,1698
12150.60,21,728,1698
12150.71,21,728,1698
12150.82,21,728,1698
12150.93,21,728,1698
12160.03,21,728,1698
12160.14,21,728,1698
12160.25,21,728,1698
12160.36,21,728,1698
12160.47,21,728,1698
12160.58,21,728,1698
12160.69,21,728,1698
12160.80,21,728,1698
12160.91,21,728,1698
12170.08,5,728,1714
12170.18,5,728,1714
12170.28,5,728,1714
12170.37,5,728,1714
12170.48,5,728,1714
12170.59,5,728,1714
12170.69,5,728,1714
12170.80,5,728,1714
12170.89,5,728,1714
12171.00,5,728,1714
12180.11,18,731,1715
12180.22,18,731,1715
12180.33,18,731,1715
12180.44,18,731,1715
12180.55,18,731,1715
12180.66,18,731,1715
12180.77,18,731,1715
12180.88,18,731,1715
12180.99,18,731,1715
12190.09,20,734,1716
12190.20,20,734,1716
12190.31,20,734,1716
12190.42,20,734,1716
12190.53,20,734,1716
12190.64,20,734,1716
12190.75,20,734,1716
12190.86,20,734,1716
12190.97,20,734,1716
12200.09,21,736,1717
12200.20,21,736,1717
12200.31,21,736,1717
12200.42,21,736,1717
12200.53,21,736,1717
12200.64,21,736,1717
12200.75,21,736,1717
12200.86,21,736,1717
12200.97,21,736,1717
12210.07,20,736,1718
12210.18,20,736,1718
12210.29,20,736,1718
12210.40,20,736,1718
12210.51,20,736,1718
12210.62,20,736,1718
12210.73,20,736,1718
12210.84,20,736,1718
12210.95,20,736,1718
12220.10,21,737,1718
12220.21,21,737,1718
12220.32,21,737,1718
12220.43,21,737,1718
12220.54,21,737,1718
12220.65,21,737,1718
12220.76,21,737,1718
12220.87,21,737,1718
12220.98,21,737,1718
12230.06,21,737,1718
12230.17,21,737,1718
12230.28,21,737,1718
12230.39,21,737,1718
12230.49,21,737,1718
12230.60,21,737,1718
12230.71,21,737,1718
12230.82,21,737,1718
12230.93,21,737,1718
12240.01,21,737,1718
12240.12,21,737,1718
12240.23,21,737,1718
12240.34,21,737,1718
12240.45,21,737,1718
12240.56,21,737,1718
12240.67,21,737,1718
12240.78,21,737,1718
12240.89,21,737,1718
12241.00,21,737,1718
12250.10,21,737,1718
12250.21,21,737,1718
12250.33,21,737,1718
12250.44,21,737,1718
12250.55,21,737,1718
12250.66,21,737,1718
12250.76,21,737,1718
12250.87,21,737,1718
12250.98,21,737,1718
12260.08,21,737,1718
12260.19,21,737,1718
12260.30,21,737,1718
12260.41,21,737,1718
12260.52,21,737,1718
12260.63,21,737,1718
12260.74,21,737,1718
12260.87,21,737,1718
12260.98,21,737,1718
12270.10,21,737,1718
12270.20,21,737,1718
12270.31,21,737,1718
12270.42,21,737,1718
12270.53,21,737,1718
12270.64,21,737,1718
12270.75,21,737,1718
12270.86,21,737,1718
12270.98,21,737,1718
12280.09,21,737,1718
12280.22,21,737,1718
12280.32,21,737,1718
12280.43,21,737,1718
12280.54,21,737,1718
12280.65,21,737,1718
12280.76,21,737,1718
12280.87,21,737,1718
12280.98,21,737,1718
12290.10,21,737,1718
12290.21,21,737,1718
12290.31,21,737,1718
12290.43,21,737,1718
12290.53,21,737,1718
12290.65,21,737,1718
12290.76,21,737,1718
12290.87,21,737,1718
12290.98,21,737,1718
12300.06,21,737,1718
12300.17,21,737,1718
12300.28,21,737,1718
12300.39,21,737,1718
12300.50,21,737,1718
12300.61,21,737,1718
12300.72,21,737,1718
12300.83,21,737,1718
12300.94,21,737,1718
12310.10,8,737,1731
12310.21,8,737,1731
12310.31,8,737,1731
12310.42,8,737,1731
12310.53,8,737,1731
12310.63,8,737,1731
12310.74,8,737,1731
12310.85,8,737,1731
12310.96,8,737,1731
12320.05,17,739,1735
12320.16,17,739,1735
12320.27,17,739,1735
12320.36,17,739,1735
12320.47,17,739,1735
12320.59,17,739,1735
12320.69,17,739,1735
12320.81,17,739,1735
12320.91,17,739,1735
12330.01,17,741,1737
12330.12,17,741,1737
12330.23,17,741,1737
12330.34,17,741,1737
12330.45,17,741,1737
12330.56,17,741,1737
12330.67,17,741,1737
12330.78,17,741,1737
12330.89,17,741,1737
12331.00,17,741,1737
12340.07,18,742,1737
12340.18,18,742,1737
12340.28,18,742,1737
12340.40,18,742,1737
12340.51,18,742,1737
12340.62,18,742,1737
12340.73,18,742,1737
12340.84,18,742,1737
12340.95,18,742,1737
12350.10,21,745,1737
12350.20,21,745,1737
12350.31,21,745,1737
12350.42,21,745,1737
12350.54,21,745,1737
12350.65,21,745,1737
12350.76,21,745,1737
12350.87,21,745,1737
12350.97,21,745,1737
12360.08,23,747,1737
12360.19,23,747,1737
12360.31,23,747,1737
12360.42,23,747,1737
12360.53,23,747,1737
12360.64,23,747,1737
12360.75,23,747,1737
12360.86,23,747,1737
12360.96,23,747,1737
12370.01,23,747,1737
12370.12,23,747,1737
12370.23,23,747,1737
12370.34,23,747,1737
12370.45,23,747,1737
12370.56,23,747,1737
12370.67,23,747,1737
12370.78,23,747,1737
12370.89,23,747,1737
12371.00,23,747,1737
12380.11,23,747,1737
12380.22,23,747,1737
12380.33,23,747,1737
12380.44,23,747,1737
12380.55,23,747,1737
12380.66,23,747,1737
12380.77,23,747,1737
12380.88,23,747,1737
12380.99,23,747,1737
12390.01,23,747,1737
12390.12,23,747,1737
12390.23,23,747,1737
12390.34,23,747,1737
12390.45,23,747,1737
12390.57,23,747,1737
12390.68,23,747,1737
12390.78,23,747,1737
12390.90,23,747,1737
12391.00,23,747,1737
12400.04,22,747,1738
12400.15,22,747,1738
12400.26,22,747,1738
12400.37,22,747,1738
12400.48,22,747,1738
12400.59,22,747,1738
12400.70,22,747,1738
12400.82,22,747,1738
12400.93,22,747,1738
12410.06,22,747,1738
12410.17,22,747,1738
12410.28,22,747,1738
12410.39,22,747,1738
12410.50,22,747,1738
12410.61,22,747,1738
12410.72,22,747,1738
12410.83,22,747,1738
12410.94,22,747,1738
12420.07,22,747,1738
12420.18,22,747,1738
12420.29,22,747,1738
12420.40,22,747,1738
12420.51,22,747,1738
12420.62,22,747,1738
12420.74,22,747,1738
12420.85,22,747,1738
12420.96,22,747,1738
12430.10,22,747,1738
12430.21,22,747,1738
12430.32,22,747,1738
12430.43,22,747,1738
12430.54,22,747,1738
12430.65,22,747,1738
12430.76,22,747,1738
12430.87,22,747,1738
12430.98,22,747,1738
12440.07,21,747,1739
12440.18,21,747,1739
12440.29,21,747,1739
12440.40,21,747,1739
12440.51,21,747,1739
12440.62,21,747,1739
12440.73,21,747,1739
12440.84,21,747,1739
12440.95,21,747,1739
12450.10,21,747,1739
12450.21,21,747,1739
12450.33,21,747,1739
12450.44,21,747,1739
12450.55,21,747,1739
12450.66,21,747,1739
12450.77,21,747,1739
12450.88,21,747,1739
12450.99,21,747,1739
12460.03,6,747,1754
12460.14,6,747,1754
12460.25,6,747,1754
12460.36,6,747,1754
12460.47,6,747,1754
12460.57,6,747,1754
12460.68,6,747,1754
12460.79,6,747,1754
12460.90,6,747,1754
12470.04,5,747,1755
12470.15,5,747,1755
12470.26,5,747,1755
12470.37,5,747,1755
12470.46,5,747,1755
12470.57,5,747,1755
12470.67,5,747,1755
12470.78,5,747,1755
12470.89,5,747,1755
12471.00,5,747,1755
12480.04,15,749,1758
12480.15,15,749,1758
12480.26,15,749,1758
12480.37,15,749,1758
12480.49,16,750,1758
12480.60,16,750,1758
12480.71,16,750,1758
12480.82,16,750,1758
12480.93,16,750,1758
12490.04,16,751,1759
12490.15,16,751,1759
12490.26,16,751,1759
12490.37,16,751,1759
12490.48,16,751,1759
12490.59,16,751,1759
12490.70,16,751,1759
12490.81,16,751,1759
12490.92,16,751,1759
12500.04,17,752,1759
12500.15,17,752,1759
12500.26,17,752,1759
12500.37,17,752,1759
12500.48,17,752,1759
12500.59,17,752,1759
12500.70,17,752,1759
12500.81,17,752,1759
12500.92,17,752,1759
12510.03,18,753,1759
12510.14,18,753,1759
12510.25,18,753,1759
12510.36,18,753,1759
12510.48,18,753,1759
12510.59,18,753,1759
12510.69,18,753,1759
12510.80,18,753,1759
12510.91,18,753,1759
12520.05,19,754,1759
12520.16,19,754,1759
12520.27,19,754,1759
12520.38,19,754,1759
12520.49,19,754,1759
12520.60,19,754,1759
12520.71,19,754,1759
12520.82,19,754,1759
12520.93,19,754,1759
12530.07,19,754,1759
12530.18,19,754,1759
12530.29,19,754,1759
12530.40,19,754,1759
12530.51,19,754,1759
12530.62,19,754,1759
12530.73,19,754,1759
12530.84,19,754,1759
12530.95,19,754,1759
12540.08,19,754,1759
12540.19,19,754,1759
12540.30,19,754,1759
12540.41,19,754,1759
12540.52,19,754,1759
12540.63,19,754,1759
12540.74,19,754,1759
12540.85,19,754,1759
12540.96,19,754,1759
12550.06,19,754,1759
12550.17,19,754,1759
12550.28,19,754,1759
12550.40,19,754,1759
12550.50,19,754,1759
12550.61,19,754,1759
12550.74,19,754,1759
12550.85,19,754,1759
12550.96,19,754,1759
12560.09,19,754,1759
12560.20,19,754,1759
12560.31,19,754,1759
12560.42,19,754,1759
12560.53,19,754,1759
12560.64,19,754,1759
12560.75,19,754,1759
12560.86,19,754,1759
12560.97,19,754,1759
12570.10,19,754,1759
12570.21,19,754,1759
12570.32,19,754,1759
12570.43,19,754,1759
12570.54,19,754,1759
12570.65,19,754,1759
12570.76,19,754,1759
12570.87,19,754,1759
12570.98,19,754,1759
12580.03,18,754,1760
12580.14,18,754,1760
12580.25,18,754,1760
12580.36,18,754,1760
12580.47,18,754,1760
12580.58,18,754,1760
12580.69,18,754,1760
12580.80,18,754,1760
12580.91,18,754,1760
12590.10,18,754,1760
12590.21,18,754,1760
12590.32,18,754,1760
12590.43,18,754,1760
12590.54,18,754,1760
12590.65,18,754,1760
12590.76,18,754,1760
12590.87,18,754,1760
12590.98,18,754,1760
12600.10,18,754,1760
12600.21,18,754,1760
12600.32,18,754,1760
12600.43,18,754,1760
12600.54,18,754,1760
12600.65,18,754,1760
12600.76,18,754,1760
12600.87,18,754,1760
12600.98,18,754,1760
12610.04,7,754,1771
12610.15,7,754,1771
12610.26,7,754,1771
12610.37,7,754,1771
12610.47,7,754,1771
12610.57,6,754,1772
12610.68,6,754,1772
12610.79,6,754,1772
12610.90,6,754,1772
12611.00,6,754,1772
12620.09,5,754,1773
12620.20,5,754,1773
12620.31,5,754,1773
12620.40,5,754,1773
12620.51,5,754,1773
12620.62,5,754,1773
12620.73,5,754,1773
12620.84,5,754,1773
12620.95,5,754,1773
12630.03,5,754,1773
12630.17,5,754,1773
12630.28,5,754,1773
12630.38,5,754,1773
12630.48,5,754,1773
12630.59,5,754,1773
12630.71,5,754,1773
12630.82,15,754,1774
12630.93,15,754,1774
12640.05,19,758,1774
12640.16,19,758,1774
12640.27,19,758,1774
12640.39,19,758,1774
12640.50,19,758,1774
12640.61,19,758,1774
12640.72,19,758,1774
12640.83,19,758,1774
12640.94,19,758,1774
12650.07,20,759,1774
12650.18,20,759,1774
12650.29,20,759,1774
12650.40,20,759,1774
12650.51,20,759,1774
12650.62,20,759,1774
12650.73,20,759,1774
12650.84,20,759,1774
12650.95,20,759,1774
12660.10,23,762,1774
12660.22,23,762,1774
12660.32,23,762,1774
12660.43,23,762,1774
12660.54,23,762,1774
12660.65,23,762,1774
12660.77,23,762,1774
12660.88,23,762,1774
12660.99,23,762,1774
12670.03,23,762,1774
12670.14,23,762,1774
12670.25,23,762,1774
12670.36,23,762,1774
12670.47,23,762,1774
12670.58,23,762,1774
12670.69,23,762,1774
12670.80,23,762,1774
12670.91,23,762,1774
12680.05,23,762,1774
12680.16,23,762,1774
12680.27,23,762,1774
12680.38,23,762,1774
12680.49,23,762,1774
12680.60,23,762,1774
12680.71,23,762,1774
12680.82,23,762,1774
12680.93,23,762,1774
12690.08,23,762,1774
12690.20,23,762,1774
12690.30,23,762,1774
12690.42,23,762,1774
12690.53,23,762,1774
12690.63,23,762,1774
12690.75,23,762,1774
12690.85,23,762,1774
12690.97,23,762,1774
12700.01,21,762,1776
12700.12,21,762,1776
12700.23,21,762,1776
12700.34,21,762,1776
12700.45,21,762,1776
12700.56,21,762,1776
12700.67,21,762,1776
12700.78,21,762,1776
12700.89,21,762,1776
12701.00,21,762,1776
12710.04,21,762,1776
12710.15,21,762,1776
12710.26,21,762,1776
12710.37,21,762,1776
12710.48,21,762,1776
12710.60,21,762,1776
12710.71,21,762,1776
12710.82,21,762,1776
12710.93,21,762,1776
12720.06,21,762,1776
12720.17,21,762,1776
12720.28,21,762,1776
12720.39,21,762,1776
12720.51,21,762,1776
12720.62,21,762,1776
12720.73,21,762,1776
12720.83,21,762,1776
12720.95,21,762,1776
12730.11,20,762,1777
12730.21,20,762,1777
12730.32,20,762,1777
12730.44,20,762,1777
12730.55,20,762,1777
12730.66,20,762,1777
12730.77,20,762,1777
12730.88,20,762,1777
12730.99,20,762,1777
12740.04,19,762,1778
12740.16,19,762,1778
12740.27,19,762,1778
12740.38,19,762,1778
12740.49,19,762,1778
12740.60,19,762,1778
12740.71,19,762,1778
12740.82,19,762,1778
12740.93,19,762,1778
12750.09,19,762,1778
12750.20,19,762,1778
12750.31,19,762,1778
12750.42,19,762,1778
12750.53,19,762,1778
12750.65,19,762,1778
12750.76,19,762,1778
12750.87,19,762,1778
12750.97,19,762,1778
12760.02,19,762,1778
12760.13,19,762,1778
12760.24,19,762,1778
12760.35,19,762,1778
12760.46,19,762,1778
12760.57,19,762,1778
12760.68,19,762,1778
12760.79,19,762,1778
12760.90,19,762,1778
12770.09,5,762,1792
12770.20,5,762,1792
12770.31,5,762,1792
12770.42,5,762,1792
12770.53,5,762,1792
12770.64,5,762,1792
12770.74,5,762,1792
12770.85,5,762,1792
12770.95,5,762,1792
12780.04,18,765,1793
12780.14,18,765,1793
12780.25,18,765,1793
12780.37,18,765,1793
12780.48,18,765,1793
12780.59,18,765,1793
12780.70,18,765,1793
12780.81,18,765,1793
12780.92,18,765,1793
12790.07,19,767,1794
12790.18,19,767,1794
12790.29,19,767,1794
12790.40,19,767,1794
12790.51,20,768,1794
12790.62,20,768,1794
12790.73,20,768,1794
12790.84,20,768,1794
12790.95,20,768,1794
12800.01,22,770,1794
12800.13,22,770,1794
12800.24,22,770,1794
12800.35,22,770,1794
12800.46,22,770,1794
12800.56,22,770,1794
12800.67,22,770,1794
12800.78,22,770,1794
12800.89,22,770,1794
12801.00,22,770,1794
12810.03,23,771,1794
12810.14,23,771,1794
12810.25,23,771,1794
12810.36,23,771,1794
12810.47,23,771,1794
12810.58,23,771,1794
12810.69,23,771,1794
12810.80,23,771,1794
12810.91,23,771,1794
12820.08,23,771,1794
12820.19,23,771,1794
12820.30,23,771,1794
12820.41,23,771,1794
12820.52,23,771,1794
12820.63,23,771,1794
12820.74,23,771,1794
12820.85,23,771,1794
12820.96,23,771,1794
12830.01,23,771,1794
12830.12,23,771,1794
12830.23,23,771,1794
12830.34,23,771,1794
12830.45,23,771,1794
12830.56,23,771,1794
12830.67,23,771,1794
12830.78,23,771,1794
12830.89,23,771,1794
12831.00,23,771,1794
12840.01,23,771,1794
12840.12,23,771,1794
12840.23,23,771,1794
12840.34,23,771,1794
12840.45,23,771,1794
12840.56,23,771,1794
12840.67,23,771,1794
12840.78,23,771,1794
12840.89,23,771,1794
12841.00,23,771,1794
12850.05,23,771,1794
12850.16,23,771,1794
12850.27,23,771,1794
12850.39,23,771,1794
12850.50,23,771,1794
12850.60,23,771,1794
12850.71,23,771,1794
12850.82,23,771,1794
12850.93,23,771,1794
12860.09,22,771,1795
12860.20,22,771,1795
12860.31,22,771,1795
12860.43,22,771,1795
12860.53,22,771,1795
12860.64,22,771,1795
12860.75,22,771,1795
12860.86,22,771,1795
12860.97,22,771,1795
12870.11,22,771,1795
12870.22,22,771,1795
12870.33,22,771,1795
12870.44,22,771,1795
12870.55,22,771,1795
12870.66,22,771,1795
12870.77,22,771,1795
12870.88,22,771,1795
12870.99,22,771,1795
12880.04,20,771,1797
12880.15,20,771,1797
12880.26,20,771,1797
12880.37,20,771,1797
12880.48,20,771,1797
12880.61,20,771,1797
12880.72,20,771,1797
12880.83,20,771,1797
12880.94,20,771,1797
12890.10,20,771,1797
12890.21,20,771,1797
12890.32,20,771,1797
12890.43,20,771,1797
12890.54,20,771,1797
12890.65,20,771,1797
12890.76,20,771,1797
12890.87,20,771,1797
12890.98,20,771,1797
12900.01,20,771,1797
12900.13,20,771,1797
12900.24,20,771,1797
12900.35,20,771,1797
12900.46,20,771,1797
12900.57,20,771,1797
12900.71,20,771,1797
12900.82,20,771,1797
12900.93,20,771,1797
12910.05,7,771,1810
12910.16,7,771,1810
12910.26,7,771,1810
12910.37,7,771,1810
12910.48,7,771,1810
12910.58,7,771,1810
12910.69,7,771,1810
12910.80,7,771,1810
12910.91,7,771,1810
12920.11,17,773,1813
12920.22,17,773,1813
12920.33,17,773,1813
12920.44,17,773,1813
12920.55,17,773,1813
12920.66,17,773,1813
12920.77,17,773,1813
12920.88,17,773,1813
12920.99,17,773,1813
12930.02,19,777,1815
12930.14,19,777,1815
12930.25,19,777,1815
12930.36,19,777,1815
12930.47,19,777,1815
12930.58,19,777,1815
12930.69,19,777,1815
12930.80,19,777,1815
12930.91,19,777,1815
12940.05,19,777,1815
12940.16,19,777,1815
12940.27,19,777,1815
12940.38,19,777,1815
12940.50,19,777,1815
12940.60,19,777,1815
12940.71,19,777,1815
12940.82,19,777,1815
12940.94,19,777,1815
12950.08,20,778,1815
12950.19,20,778,1815
12950.30,20,778,1815
12950.41,20,778,1815
12950.52,20,778,1815
12950.63,20,778,1815
12950.74,20,778,1815
12950.85,20,778,1815
12950.96,20,778,1815
12960.10,22,780,1815
12960.21,22,780,1815
12960.32,22,780,1815
12960.43,22,780,1815
12960.54,22,780,1815
12960.65,22,780,1815
12960.76,22,780,1815
12960.87,22,780,1815
12960.98,22,780,1815
12970.01,22,780,1815
12970.12,22,780,1815
12970.23,22,780,1815
12970.34,22,780,1815
12970.45,22,780,1815
12970.56,22,780,1815
12970.67,22,780,1815
12970.78,22,780,1815
12970.89,22,780,1815
12971.00,22,780,1815
12980.03,22,780,1815
12980.14,22,780,1815
12980.25,22,780,1815
12980.36,22,780,1815
12980.47,22,780,1815
12980.58,22,780,1815
12980.69,22,780,1815
12980.80,22,780,1815
12980.91,22,780,1815
12990.06,23,781,1815
12990.17,23,781,1815
12990.28,23,781,1815
12990.39,23,781,1815
12990.50,23,781,1815
12990.61,23,781,1815
12990.72,23,781,1815
12990.83,23,781,1815
12990.94,23,781,1815
13000.08,23,781,1815
13000.20,23,781,1815
13000.31,23,781,1815
13000.42,23,781,1815
13000.53,23,781,1815
13000.64,23,781,1815
13000.75,23,781,1815
13000.86,23,781,1815
13000.97,23,781,1815
13010.11,23,781,1815
13010.22,23,781,1815
13010.33,23,781,1815
13010.44,23,781,1815
13010.55,23,781,1815
13010.66,23,781,1815
13010.77,23,781,1815
13010.89,23,781,1815
13011.00,23,781,1815
13020.05,22,781,1816
13020.16,22,781,1816
13020.27,22,781,1816
13020.38,22,781,1816
13020.49,22,781,1816
13020.60,22,781,1816
13020.71,22,781,1816
13020.82,22,781,1816
13020.93,22,781,1816
13030.07,21,781,1817
13030.18,21,781,1817
13030.29,21,781,1817
13030.40,21,781,1817
13030.51,21,781,1817
13030.62,21,781,1817
13030.73,21,781,1817
13030.84,21,781,1817
13030.95,21,781,1817
13040.10,21,781,1817
13040.21,21,781,1817
13040.32,21,781,1817
13040.43,21,781,1817
13040.54,21,781,1817
13040.65,21,781,1817
13040.76,21,781,1817
13040.87,21,781,1817
13040.99,21,781,1817
13050.02,21,781,1817
13050.13,21,781,1817
13050.24,21,781,1817
13050.35,21,781,1817
13050.46,21,781,1817
13050.57,21,781,1817
13050.68,21,781,1817
13050.79,21,781,1817
13050.90,21,781,1817
13060.10,6,781,1832
13060.21,6,781,1832
13060.32,6,781,1832
13060.43,6,781,1832
13060.53,6,781,1832
13060.64,6,781,1832
13060.75,6,781,1832
13060.87,6,781,1832
13060.98,6,781,1832
13070.02,18,784,1834
13070.13,18,784,1834
13070.24,18,784,1834
13070.35,18,784,1834
13070.46,18,784,1834
13070.57,18,784,1834
13070.68,18,784,1834
13070.79,18,784,1834
13070.90,18,784,1834
13080.05,19,786,1835
13080.16,19,786,1835
13080.27,19,786,1835
13080.38,19,786,1835
13080.49,19,786,1835
13080.60,19,786,1835
13080.71,19,786,1835
13080.82,19,786,1835
13080.93,19,786,1835
13090.06,19,787,1836
13090.17,19,787,1836
13090.28,19,787,1836
13090.40,19,787,1836
13090.51,19,787,1836
13090.62,19,787,1836
13090.73,20,788,1836
13090.85,20,788,1836
13090.96,20,788,1836
13100.10,19,788,1837
13100.21,19,788,1837
13100.32,19,788,1837
13100.43,19,788,1837
13100.54,19,788,1837
13100.65,19,788,1837
13100.76,19,788,1837
13100.87,19,788,1837
13100.98,19,788,1837
13110.03,19,788,1837
13110.13,19,788,1837
13110.24,19,788,1837
13110.35,19,788,1837
13110.47,19,788,1837
13110.58,19,788,1837
13110.68,19,788,1837
13110.79,19,788,1837
13110.90,19,788,1837
13120.07,19,788,1837
13120.19,19,788,1837
13120.30,19,788,1837
13120.42,19,788,1837
13120.52,19,788,1837
13120.64,19,788,1837
13120.75,19,788,1837
13120.86,19,788,1837
13120.97,19,788,1837
13130.10,19,788,1837
13130.21,19,788,1837
13130.32,19,788,1837
13130.43,19,788,1837
13130.54,19,788,1837
13130.65,19,788,1837
13130.76,19,788,1837
13130.87,19,788,1837
13130.98,19,788,1837
13140.02,19,788,1837
13140.13,19,788,1837
13140.24,19,788,1837
13140.35,19,788,1837
13140.46,19,788,1837
13140.57,19,788,1837
13140.68,19,788,1837
13140.79,19,788,1837
13140.91,19,788,1837
13150.07,19,788,1837
13150.18,19,788,1837
13150.29,19,788,1837
13150.40,19,788,1837
13150.51,19,788,1837
13150.62,19,788,1837
13150.73,19,788,1837
13150.84,19,788,1837
13150.95,19,788,1837
13160.10,19,788,1837
13160.21,19,788,1837
13160.32,19,788,1837
13160.43,19,788,1837
13160.54,19,788,1837
13160.65,19,788,1837
13160.76,19,788,1837
13160.87,19,788,1837
13160.98,19,788,1837
13170.12,19,788,1837
13170.23,19,788,1837
13170.34,19,788,1837
13170.45,19,788,1837
13170.56,19,788,1837
13170.67,19,788,1837
13170.78,19,788,1837
13170.89,19,788,1837
13171.00,19,788,1837
13180.05,19,788,1837
13180.16,19,788,1837
13180.27,19,788,1837
13180.38,19,788,1837
13180.49,19,788,1837
13180.60,19,788,1837
13180.71,19,788,1837
13180.82,19,788,1837
13180.93,19,788,1837
13190.08,19,788,1837
13190.19,19,788,1837
13190.30,19,788,1837
13190.41,19,788,1837
13190.52,19,788,1837
13190.63,19,788,1837
13190.75,19,788,1837
13190.86,19,788,1837
13190.97,19,788,1837
13200.01,7,788,1849
13200.12,7,788,1849
13200.23,7,788,1849
13200.34,7,788,1849
13200.45,7,788,1849
13200.56,7,788,1849
13200.67,7,788,1849
13200.78,7,788,1849
13200.89,7,788,1849
13201.00,7,788,1849
13210.05,5,788,1851
13210.15,5,788,1851
13210.26,5,788,1851
13210.38,5,788,1851
13210.49,5,788,1851
13210.60,5,788,1851
13210.71,5,788,1851
13210.82,5,788,1851
13210.92,5,788,1851
13220.01,20,793,1852
13220.12,20,793,1852
13220.23,20,793,1852
13220.34,20,793,1852
13220.45,20,793,1852
13220.56,20,793,1852
13220.67,20,793,1852
13220.78,20,793,1852
13220.89,20,793,1852
13221.00,20,793,1852
13230.02,22,795,1852
13230.13,22,795,1852
13230.25,22,795,1852
13230.36,22,795,1852
13230.47,22,795,1852
13230.58,22,795,1852
13230.69,22,795,1852
13230.80,22,795,1852
13230.90,22,795,1852
13240.06,22,795,1852
13240.17,22,795,1852
13240.28,22,795,1852
13240.39,22,795,1852
13240.50,22,795,1852
13240.61,22,795,1852
13240.72,22,795,1852
13240.83,22,795,1852
13240.94,23,796,1852
13250.09,23,796,1852
13250.20,23,796,1852
13250.31,23,796,1852
13250.42,23,796,1852
13250.53,23,796,1852
13250.64,23,796,1852
13250.75,23,796,1852
13250.86,23,796,1852
13250.97,23,796,1852
13260.11,23,796,1852
13260.22,23,796,1852
13260.33,23,796,1852
13260.44,23,796,1852
13260.55,23,796,1852
13260.66,23,796,1852
13260.77,23,796,1852
13260.88,23,796,1852
13260.99,23,796,1852
13270.03,23,796,1852
13270.14,23,796,1852
13270.25,23,796,1852
13270.36,23,796,1852
13270.47,23,796,1852
13270.58,23,796,1852
13270.69,23,796,1852
13270.80,23,796,1852
13270.91,23,796,1852
13280.05,23,796,1852
13280.16,23,796,1852
13280.27,23,796,1852
13280.38,23,796,1852
13280.49,23,796,1852
13280.60,23,796,1852
13280.71,23,796,1852
13280.82,23,796,1852
13280.93,23,796,1852
13290.08,21,796,1854
13290.20,21,796,1854
13290.31,21,796,1854
13290.42,21,796,1854
13290.52,21,796,1854
13290.63,21,796,1854
13290.74,21,796,1854
13290.85,21,796,1854
13290.96,21,796,1854
13300.11,20,796,1855
13300.22,20,796,1855
13300.33,20,796,1855
13300.44,20,796,1855
13300.55,20,796,1855
13300.66,20,796,1855
13300.77,20,796,1855
13300.88,20,796,1855
13300.99,20,796,1855
13310.03,20,796,1855
13310.14,20,796,1855
13310.25,20,796,1855
13310.36,20,796,1855
13310.47,20,796,1855
13310.58,20,796,1855
13310.70,20,796,1855
13310.81,20,796,1855
13310.92,20,796,1855
13320.06,19,796,1856
13320.17,19,796,1856
13320.28,19,796,1856
13320.39,19,796,1856
13320.50,19,796,1856
13320.61,19,796,1856
13320.72,19,796,1856
13320.83,19,796,1856
13320.94,19,796,1856
13330.09,19,796,1856
13330.20,19,796,1856
13330.31,19,796,1856
13330.42,19,796,1856
13330.53,19,796,1856
13330.64,19,796,1856
13330.75,19,796,1856
13330.86,19,796,1856
13330.97,19,796,1856
13340.02,19,796,1856
13340.13,19,796,1856
13340.24,19,796,1856
13340.35,19,796,1856
13340.46,19,796,1856
13340.57,19,796,1856
13340.68,19,796,1856
13340.79,19,796,1856
13340.90,19,796,1856
13350.04,8,796,1867
13350.15,8,796,1867
13350.26,8,796,1867
13350.37,8,796,1867
13350.48,7,796,1868
13350.59,7,796,1868
13350.70,7,796,1868
13350.81,7,796,1868
13350.92,7,796,1868
13360.07,16,798,1872
13360.18,16,798,1872
13360.29,16,798,1872
13360.40,16,798,1872
13360.51,16,798,1872
13360.62,16,798,1872
13360.73,16,798,1872
13360.84,16,798,1872
13360.95,16,798,1872
13370.11,19,801,1872
13370.22,19,801,1872
13370.33,19,801,1872
13370.44,19,801,1872
13370.55,20,802,1872
13370.66,20,802,1872
13370.77,20,802,1872
13370.88,20,802,1872
13370.99,20,802,1872
13380.03,22,804,1872
13380.14,22,804,1872
13380.24,22,804,1872
13380.36,22,804,1872
13380.46,22,804,1872
13380.58,22,804,1872
13380.69,22,804,1872
13380.80,22,804,1872
13380.91,22,804,1872
13390.06,23,805,1872
13390.17,23,805,1872
13390.28,23,805,1872
13390.39,23,805,1872
13390.50,23,805,1872
13390.61,23,805,1872
13390.72,23,805,1872
13390.83,23,805,1872
13390.94,23,805,1872
13400.10,23,805,1872
13400.21,23,805,1872
13400.32,23,805,1872
13400.43,23,805,1872
13400.54,23,805,1872
13400.65,23,805,1872
13400.76,23,805,1872
13400.87,23,805,1872
13400.98,23,805,1872
13410.11,23,805,1872
13410.22,23,805,1872
13410.33,23,805,1872
13410.44,23,805,1872
13410.55,23,805,1872
13410.66,23,805,1872
13410.77,23,805,1872
13410.88,23,805,1872
13410.99,23,805,1872
13420.03,23,805,1872
13420.14,23,805,1872
13420.25,23,805,1872
13420.36,23,805,1872
13420.47,23,805,1872
13420.58,23,805,1872
13420.69,23,805,1872
13420.80,23,805,1872
13420.91,23,805,1872
13430.08,23,805,1872
13430.19,23,805,1872
13430.30,23,805,1872
13430.41,23,805,1872
13430.52,23,805,1872
13430.63,23,805,1872
13430.74,23,805,1872
13430.85,23,805,1872
13430.96,23,805,1872
13440.11,22,805,1873
13440.22,22,805,1873
13440.33,22,805,1873
13440.44,22,805,1873
13440.55,22,805,1873
13440.66,22,805,1873
13440.77,22,805,1873
13440.88,22,805,1873
13440.99,22,805,1873
13450.03,21,805,1874
13450.14,21,805,1874
13450.25,21,805,1874
13450.36,21,805,1874
13450.47,21,805,1874
13450.58,21,805,1874
13450.69,21,805,1874
13450.80,21,805,1874
13450.91,21,805,1874
13460.07,21,805,1874
13460.18,21,805,1874
13460.29,21,805,1874
13460.40,21,805,1874
13460.51,21,805,1874
13460.62,21,805,1874
13460.73,21,805,1874
13460.84,21,805,1874
13460.95,21,805,1874
13470.09,20,805,1875
13470.20,20,805,1875
13470.31,20,805,1875
13470.42,20,805,1875
13470.53,20,805,1875
13470.64,20,805,1875
13470.75,20,805,1875
13470.86,20,805,1875
13470.97,20,805,1875
13480.01,20,805,1875
13480.12,20,805,1875
13480.23,20,805,1875
13480.34,20,805,1875
13480.45,20,805,1875
13480.56,20,805,1875
13480.67,20,805,1875
13480.78,20,805,1875
13480.89,20,805,1875
13481.00,20,805,1875
13490.04,8,805,1887
13490.16,8,805,1887
13490.26,8,805,1887
13490.37,8,805,1887
13490.48,8,805,1887
13490.59,8,805,1887
13490.70,8,805,1887
13490.82,8,805,1887
13490.93,8,805,1887
13500.06,5,805,1890
13500.17,5,805,1890
13500.28,5,805,1890
13500.39,5,805,1890
13500.50,5,805,1890
13500.61,5,805,1890
13500.72,5,805,1890
13500.83,5,805,1890
13500.94,5,805,1890
13510.10,16,808,1893
13510.20,16,808,1893
13510.31,16,808,1893
13510.43,16,808,1893
13510.54,16,808,1893
13510.64,17,809,1893
13510.76,17,809,1893
13510.87,17,809,1893
13510.97,17,809,1893
13520.01,17,809,1893
13520.12,17,809,1893
13520.23,17,809,1893
13520.34,17,809,1893
13520.45,17,809,1893
13520.56,18,810,1893
13520.67,18,810,1893
13520.78,18,810,1893
13520.89,18,810,1893
13521.00,18,810,1893
13530.03,19,811,1893
13530.14,19,811,1893
13530.25,19,811,1893
13530.36,19,811,1893
13530.48,19,811,1893
13530.60,19,811,1893
13530.71,19,811,1893
13530.82,19,811,1893
13530.93,19,811,1893
13540.07,20,812,1893
13540.18,20,812,1893
13540.29,21,813,1893
13540.40,21,813,1893
13540.51,21,813,1893
13540.62,21,813,1893
13540.73,21,813,1893
13540.84,21,813,1893
13540.95,21,813,1893
13550.11,21,813,1893
13550.22,21,813,1893
13550.33,21,813,1893
13550.44,21,813,1893
13550.55,21,813,1893
13550.65,21,813,1893
13550.77,21,813,1893
13550.88,21,813,1893
13550.99,21,813,1893
13560.04,22,814,1893
13560.15,22,814,1893
13560.26,22,814,1893
13560.37,22,814,1893
13560.48,22,814,1893
13560.59,22,814,1893
13560.70,22,814,1893
13560.81,22,814,1893
13560.92,22,814,1893
13570.06,22,814,1893
13570.17,22,814,1893
13570.28,22,814,1893
13570.39,22,814,1893
13570.50,22,814,1893
13570.61,22,814,1893
13570.72,22,814,1893
13570.83,22,814,1893
13570.94,22,814,1893
13580.08,21,814,1894
13580.19,21,814,1894
13580.30,21,814,1894
13580.41,21,814,1894
13580.52,21,814,1894
13580.63,21,814,1894
13580.74,21,814,1894
13580.85,21,814,1894
13580.96,21,814,1894
13590.11,21,814,1894
13590.22,21,814,1894
13590.34,21,814,1894
13590.45,21,814,1894
13590.56,21,814,1894
13590.67,21,814,1894
13590.78,21,814,1894
13590.89,21,814,1894
13590.99,21,814,1894
13600.01,21,814,1894
13600.12,21,814,1894
13600.23,21,814,1894
13600.34,21,814,1894
13600.45,21,814,1894
13600.56,21,814,1894
13600.67,21,814,1894
13600.78,21,814,1894
13600.89,21,814,1894
13601.00,21,814,1894
13610.04,20,814,1895
13610.15,20,814,1895
13610.26,20,814,1895
13610.37,20,814,1895
13610.48,20,814,1895
13610.59,20,814,1895
13610.70,20,814,1895
13610.80,20,814,1895
13610.91,20,814,1895
13620.07,20,814,1895
13620.18,20,814,1895
13620.29,20,814,1895
13620.40,20,814,1895
13620.51,20,814,1895
13620.62,20,814,1895
13620.73,20,814,1895
13620.84,20,814,1895
13620.95,20,814,1895
13630.08,20,814,1895
13630.19,20,814,1895
13630.30,20,814,1895
13630.41,20,814,1895
13630.52,20,814,1895
13630.63,20,814,1895
13630.74,20,814,1895
13630.85,20,814,1895
13630.96,20,814,1895
13640.01,6,814,1909
13640.12,6,814,1909
13640.23,6,814,1909
13640.34,6,814,1909
13640.45,6,814,1909
13640.56,6,814,1909
13640.67,6,814,1909
13640.78,6,814,1909
13640.89,6,814,1909
13641.00,6,814,1909
13650.04,6,814,1909
13650.15,6,814,1909
13650.26,6,814,1909
13650.37,6,814,1909
13650.48,6,814,1909
13650.59,6,814,1909
13650.70,6,814,1909
13650.82,6,814,1909
13650.92,6,814,1909
13660.07,15,814,1911
13660.18,15,814,1911
13660.29,15,814,1911
13660.40,15,814,1911
13660.51,16,815,1911
13660.62,16,815,1911
13660.73,16,815,1911
13660.84,16,815,1911
13660.95,16,815,1911
13670.11,19,819,1912
13670.22,19,819,1912
13670.33,19,819,1912
13670.44,19,819,1912
13670.55,19,819,1912
13670.66,19,819,1912
13670.77,19,819,1912
13670.88,19,819,1912
13670.99,19,819,1912
13680.02,18,819,1913
13680.13,18,819,1913
13680.24,18,819,1913
13680.35,18,819,1913
13680.46,18,819,1913
13680.57,18,819,1913
13680.68,18,819,1913
13680.79,18,819,1913
13680.90,18,819,1913
13690.03,19,820,1913
13690.15,19,820,1913
13690.26,19,820,1913
13690.37,19,820,1913
13690.48,19,820,1913
13690.59,19,820,1913
13690.70,19,820,1913
13690.81,19,820,1913
13690.92,19,820,1913
13700.08,20,821,1913
13700.19,20,821,1913
13700.30,20,821,1913
13700.41,20,821,1913
13700.52,20,821,1913
13700.63,20,821,1913
13700.74,20,821,1913
13700.85,20,821,1913
13700.96,20,821,1913
13710.10,20,821,1913
13710.21,20,821,1913
13710.32,20,821,1913
13710.42,20,821,1913
13710.54,20,821,1913
13710.65,20,821,1913
13710.76,20,821,1913
13710.87,20,821,1913
13710.98,20,821,1913
13720.01,20,821,1913
13720.12,20,821,1913
13720.23,20,821,1913
13720.34,20,821,1913
13720.45,20,821,1913
13720.56,20,821,1913
13720.67,20,821,1913
13720.78,20,821,1913
13720.89,20,821,1913
13721.00,20,821,1913
13730.05,20,821,1913
13730.16,20,821,1913
13730.27,20,821,1913
13730.38,20,821,1913
13730.49,20,821,1913
13730.60,21,822,1913
13730.71,21,822,1913
13730.82,21,822,1913
13730.93,21,822,1913
13740.09,20,822,1914
13740.20,20,822,1914
13740.31,20,822,1914
13740.42,20,822,1914
13740.53,20,822,1914
13740.64,20,822,1914
13740.75,20,822,1914
13740.86,20,822,1914
13740.97,20,822,1914
13750.11,20,822,1914
13750.22,20,822,1914
13750.33,20,822,1914
13750.45,20,822,1914
13750.57,20,822,1914
13750.68,20,822,1914
13750.79,20,822,1914
13750.90,20,822,1914
13760.04,20,822,1914
13760.15,20,822,1914
13760.26,20,822,1914
13760.37,20,822,1914
13760.49,20,822,1914
13760.60,20,822,1914
13760.70,20,822,1914
13760.81,20,822,1914
13760.93,20,822,1914
13770.08,20,822,1914
13770.19,20,822,1914
13770.30,20,822,1914
13770.41,20,822,1914
13770.52,20,822,1914
13770.63,20,822,1914
13770.74,20,822,1914
13770.85,20,822,1914
13770.96,20,822,1914
13780.10,19,822,1915
13780.22,19,822,1915
13780.32,19,822,1915
13780.44,19,822,1915
13780.55,19,822,1915
13780.66,19,822,1915
13780.77,19,822,1915
13780.88,19,822,1915
13780.99,19,822,1915
13790.01,19,822,1915
13790.12,19,822,1915
13790.23,19,822,1915
13790.34,19,822,1915
13790.45,19,822,1915
13790.55,19,822,1915
13790.66,19,822,1915
13790.77,19,822,1915
13790.89,19,822,1915
13790.99,9,822,1925
13800.03,5,822,1929
13800.15,5,822,1929
13800.26,5,822,1929
13800.37,5,822,1929
13800.48,5,822,1929
13800.59,5,822,1929
13800.70,5,822,1929
13800.81,5,822,1929
13800.92,5,822,1929
13810.08,5,822,1929
13810.19,5,822,1929
13810.30,5,822,1929
13810.41,5,822,1929
13810.52,5,822,1929
13810.63,5,822,1929
13810.75,5,822,1929
13810.86,5,822,1929
13810.97,5,822,1929
13820.11,15,822,1930
13820.22,15,822,1930
13820.33,15,822,1930
13820.44,15,822,1930
13820.55,15,822,1930
13820.66,16,823,1930
13820.77,17,824,1930
13820.88,17,824,1930
13820.99,17,824,1930
13830.05,20,827,1930
13830.16,21,828,1930
13830.27,21,828,1930
13830.38,21,828,1930
13830.48,21,828,1930
13830.60,21,828,1930
13830.71,21,828,1930
13830.82,20,828,1931
13830.93,20,828,1931
13840.08,21,829,1931
13840.19,21,829,1931
13840.30,21,829,1931
13840.41,21,829,1931
13840.52,21,829,1931
13840.63,21,829,1931
13840.74,21,829,1931
13840.85,21,829,1931
13840.96,21,829,1931
13850.09,21,829,1931
13850.20,21,829,1931
13850.31,21,829,1931
13850.42,21,829,1931
13850.53,21,829,1931
13850.64,21,829,1931
13850.75,21,829,1931
13850.86,21,829,1931
13850.97,21,829,1931
13860.01,21,829,1931
13860.12,21,829,1931
13860.23,21,829,1931
13860.34,21,829,1931
13860.45,21,829,1931
13860.56,21,829,1931
13860.67,21,829,1931
13860.78,21,829,1931
13860.89,21,829,1931
13861.00,21,829,1931
13870.05,21,829,1931
13870.16,21,829,1931
13870.27,21,829,1931
13870.38,21,829,1931
13870.49,21,829,1931
13870.60,21,829,1931
13870.70,21,829,1931
13870.81,21,829,1931
13870.92,21,829,1931
13880.06,20,829,1932
13880.17,20,829,1932
13880.28,20,829,1932
13880.39,20,829,1932
13880.50,20,829,1932
13880.61,20,829,1932
13880.72,20,829,1932
13880.83,20,829,1932
13880.94,20,829,1932
13890.10,19,829,1933
13890.21,19,829,1933
13890.32,19,829,1933
13890.43,19,829,1933
13890.54,19,829,1933
13890.65,19,829,1933
13890.76,19,829,1933
13890.87,19,829,1933
13890.98,19,829,1933
13900.03,19,829,1933
13900.14,19,829,1933
13900.25,19,829,1933
13900.36,19,829,1933
13900.47,19,829,1933
13900.58,19,829,1933
13900.69,19,829,1933
13900.80,19,829,1933
13900.91,19,829,1933
13910.05,19,829,1933
13910.16,19,829,1933
13910.27,19,829,1933
13910.38,19,829,1933
13910.49,19,829,1933
13910.60,19,829,1933
13910.71,19,829,1933
13910.82,19,829,1933
13910.93,19,829,1933
13920.08,19,829,1933
13920.19,19,829,1933
13920.30,19,829,1933
13920.41,19,829,1933
13920.52,19,829,1933
13920.63,19,829,1933
13920.74,19,829,1933
13920.85,19,829,1933
13920.96,19,829,1933
13930.02,19,829,1933
13930.13,19,829,1933
13930.24,19,829,1933
13930.35,19,829,1933
13930.46,19,829,1933
13930.57,19,829,1933
13930.68,19,829,1933
13930.79,19,829,1933
13930.90,19,829,1933
13940.04,19,829,1933
13940.15,19,829,1933
13940.26,19,829,1933
13940.37,19,829,1933
13940.48,19,829,1933
13940.59,19,829,1933
13940.70,19,829,1933
13940.81,19,829,1933
13940.92,19,829,1933
13950.09,19,829,1933
13950.20,19,829,1933
13950.31,19,829,1933
13950.42,19,829,1933
13950.53,19,829,1933
13950.64,19,829,1933
13950.75,19,829,1933
13950.86,19,829,1933
13950.97,19,829,1933
13960.01,5,829,1947
13960.12,5,829,1947
13960.23,5,829,1947
13960.34,5,829,1947
13960.45,5,829,1947
13960.56,5,829,1947
13960.67,5,829,1947
13960.78,5,829,1947
13960.89,5,829,1947
13970.03,21,835,1948
13970.14,21,835,1948
13970.25,21,835,1948
13970.38,21,835,1948
13970.49,21,835,1948
13970.60,21,835,1948
13970.71,21,835,1948
13970.82,21,835,1948
13970.93,21,835,1948
13980.07,21,835,1948
13980.18,21,835,1948
13980.29,21,835,1948
13980.40,21,835,1948
13980.51,21,835,1948
13980.62,21,835,1948
13980.73,21,835,1948
13980.84,21,835,1948
13980.95,21,835,1948
13990.11,22,836,1948
13990.21,22,836,1948
13990.32,22,836,1948
13990.43,22,836,1948
13990.54,22,836,1948
13990.65,22,836,1948
13990.76,22,836,1948
13990.87,22,836,1948
13990.98,22,836,1948
14000.03,22,836,1948
14000.14,22,836,1948
14000.25,22,836,1948
14000.36,22,836,1948
14000.47,22,836,1948
14000.58,22,836,1948
14000.69,22,836,1948
14000.80,22,836,1948
14000.91,22,836,1948
14010.06,22,836,1948
14010.17,22,836,1948
14010.28,22,836,1948
14010.39,22,836,1948
14010.50,22,836,1948
14010.61,22,836,1948
14010.72,22,836,1948
14010.83,22,836,1948
14010.94,22,836,1948
14020.11,22,836,1948
14020.22,22,836,1948
14020.33,22,836,1948
14020.44,22,836,1948
14020.55,22,836,1948
14020.66,22,836,1948
14020.77,22,836,1948
14020.88,22,836,1948
14020.99,22,836,1948
14030.03,22,836,1948
14030.27,22,836,1948
14030.38,22,836,1948
14030.49,22,836,1948
14030.60,22,836,1948
14030.71,22,836,1948
14030.82,22,836,1948
14030.93,22,836,1948
14040.05,22,836,1948
14040.17,22,836,1948
14040.27,22,836,1948
14040.39,22,836,1948
14040.50,22,836,1948
14040.61,22,836,1948
14040.72,22,836,1948
14040.83,21,836,1949
14040.94,21,836,1949
14050.09,19,836,1951
14050.20,19,836,1951
14050.31,19,836,1951
14050.42,19,836,1951
14050.53,19,836,1951
14050.64,19,836,1951
14050.76,19,836,1951
14050.87,19,836,1951
14050.97,19,836,1951
14060.11,19,836,1951
14060.22,18,836,1952
14060.33,18,836,1952
14060.44,18,836,1952
14060.55,18,836,1952
14060.66,18,836,1952
14060.76,18,836,1952
14060.87,18,836,1952
14060.98,18,836,1952
14070.02,18,836,1952
14070.13,18,836,1952
14070.24,18,836,1952
14070.35,18,836,1952
14070.46,18,836,1952
14070.58,18,836,1952
14070.69,18,836,1952
14070.80,18,836,1952
14070.91,18,836,1952
14080.07,18,836,1952
14080.18,18,836,1952
14080.29,18,836,1952
14080.40,18,836,1952
14080.51,18,836,1952
14080.62,18,836,1952
14080.73,18,836,1952
14080.84,18,836,1952
14080.95,18,836,1952
14090.10,18,836,1952
14090.21,18,836,1952
14090.32,18,836,1952
14090.43,18,836,1952
14090.54,18,836,1952
14090.65,18,836,1952
14090.76,18,836,1952
14090.87,18,836,1952
14090.98,18,836,1952
14100.02,17,838,1966
14100.13,17,838,1966
14100.24,17,838,1966
14100.35,17,838,1966
14100.46,17,838,1966
14100.57,17,838,1966
14100.68,18,839,1966
14100.79,18,839,1966
14100.90,18,839,1966
14110.04,22,843,1966
14110.16,22,843,1966
14110.27,22,843,1966
14110.38,22,843,1966
14110.49,22,843,1966
14110.60,22,843,1966
14110.71,22,843,1966
14110.82,22,843,1966
14110.93,22,843,1966
14120.10,22,843,1966
14120.21,22,843,1966
14120.32,22,843,1966
14120.43,22,843,1966
14120.54,22,843,1966
14120.65,22,843,1966
14120.76,22,843,1966
14120.87,22,843,1966
14120.98,22,843,1966
14130.07,23,844,1966
14130.18,23,844,1966
14130.29,23,844,1966
14130.40,23,844,1966
14130.51,23,844,1966
14130.62,23,844,1966
14130.73,23,844,1966
14130.84,23,844,1966
14130.95,23,844,1966
14140.11,23,844,1966
14140.22,23,844,1966
14140.33,23,844,1966
14140.44,23,844,1966
14140.55,23,844,1966
14140.66,23,844,1966
14140.77,23,844,1966
14140.88,23,844,1966
14140.99,23,844,1966
14150.03,24,845,1966
14150.15,24,845,1966
14150.25,24,845,1966
14150.36,24,845,1966
14150.47,24,845,1966
14150.58,24,845,1966
14150.69,24,845,1966
14150.80,24,845,1966
14150.91,24,845,1966
14160.07,24,845,1966
14160.18,24,845,1966
14160.29,24,845,1966
14160.40,24,845,1966
14160.51,24,845,1966
14160.62,24,845,1966
14160.73,24,845,1966
14160.84,24,845,1966
14160.95,24,845,1966
14170.11,24,845,1966
14170.22,24,845,1966
14170.34,24,845,1966
14170.44,24,845,1966
14170.56,24,845,1966
14170.66,24,845,1966
14170.77,24,845,1966
14170.88,24,845,1966
14170.99,24,845,1966
14180.06,24,845,1966
14180.17,24,845,1966
14180.27,24,845,1966
14180.38,24,845,1966
14180.49,24,845,1966
14180.60,24,845,1966
14180.71,24,845,1966
14180.82,24,845,1966
14180.93,24,845,1966
14190.07,21,845,1969
14190.18,21,845,1969
14190.29,21,845,1969
14190.40,21,845,1969
14190.51,21,845,1969
14190.64,21,845,1969
14190.75,21,845,1969
14190.86,21,845,1969
14190.97,21,845,1969
14200.10,21,845,1969
14200.21,21,845,1969
14200.32,21,845,1969
14200.44,21,845,1969
14200.55,21,845,1969
14200.66,21,845,1969
14200.77,21,845,1969
14200.88,21,845,1969
14200.98,21,845,1969
14210.06,20,845,1970
14210.17,20,845,1970
14210.27,20,845,1970
14210.38,20,845,1970
14210.49,20,845,1970
14210.60,20,845,1970
14210.71,20,845,1970
14210.82,20,845,1970
14210.93,20,845,1970
14220.08,20,845,1970
14220.19,20,845,1970
14220.30,20,845,1970
14220.41,20,845,1970
14220.52,20,845,1970
14220.63,20,845,1970
14220.74,20,845,1970
14220.85,20,845,1970
14220.96,20,845,1970
14230.10,20,845,1970
14230.29,20,845,1970
14230.40,20,845,1970
14230.51,20,845,1970
14230.62,20,845,1970
14230.73,20,845,1970
14230.84,20,845,1970
14230.95,20,845,1970
14240.10,17,847,1986
14240.21,17,847,1986
14240.32,17,847,1986
14240.43,17,847,1986
14240.54,17,847,1986
14240.65,17,847,1986
14240.76,17,847,1986
14240.87,17,847,1986
14240.98,17,847,1986
14250.01,20,851,1987
14250.12,20,851,1987
14250.23,20,851,1987
14250.34,21,852,1987
14250.45,21,852,1987
14250.56,21,852,1987
14250.67,21,852,1987
14250.78,21,852,1987
14250.89,21,852,1987
14251.00,21,852,1987
14260.02,20,852,1988
14260.13,20,852,1988
14260.24,20,852,1988
14260.35,20,852,1988
14260.46,20,852,1988
14260.57,20,852,1988
14260.68,20,852,1988
14260.79,20,852,1988
14260.90,20,852,1988
14270.07,20,852,1988
14270.18,20,852,1988
14270.29,20,852,1988
14270.40,20,852,1988
14270.51,20,852,1988
14270.62,20,852,1988
14270.73,20,852,1988
14270.84,20,852,1988
14270.95,20,852,1988
14280.11,21,853,1988
14280.21,22,854,1988
14280.33,22,854,1988
14280.43,22,854,1988
14280.54,22,854,1988
14280.66,22,854,1988
14280.77,22,854,1988
14280.88,22,854,1988
14280.99,22,854,1988
14290.01,22,854,1988
14290.12,22,854,1988
14290.23,22,854,1988
14290.34,22,854,1988
14290.45,22,854,1988
14290.56,22,854,1988
14290.67,22,854,1988
14290.78,22,854,1988
14290.89,22,854,1988
14291.00,22,854,1988
14300.06,22,854,1988
14300.17,22,854,1988
14300.28,22,854,1988
14300.39,22,854,1988
14300.50,22,854,1988
14300.61,22,854,1988
14300.72,22,854,1988
14300.83,22,854,1988
14300.94,22,854,1988
14310.08,22,854,1988
14310.20,22,854,1988
14310.31,22,854,1988
14310.42,22,854,1988
14310.53,22,854,1988
14310.64,22,854,1988
14310.75,22,854,1988
14310.86,22,854,1988
14310.97,22,854,1988
14320.01,22,854,1988
14320.11,22,854,1988
14320.23,22,854,1988
14320.33,22,854,1988
14320.45,22,854,1988
14320.56,22,854,1988
14320.67,22,854,1988
14320.78,22,854,1988
14320.89,22,854,1988
14321.00,22,854,1988
14330.04,22,854,1988
14330.15,22,854,1988
14330.26,22,854,1988
14330.37,21,854,1989
14330.48,21,854,1989
14330.59,21,854,1989
14330.70,21,854,1989
14330.81,21,854,1989
14330.92,21,854,1989
14340.07,21,854,1989
14340.18,21,854,1989
14340.29,21,854,1989
14340.40,21,854,1989
14340.51,21,854,1989
14340.62,21,854,1989
14340.73,21,854,1989
14340.84,21,854,1989
14340.95,21,854,1989
14350.08,21,854,1989
14350.19,21,854,1989
14350.30,21,854,1989
14350.41,21,854,1989
14350.52,21,854,1989
14350.63,21,854,1989
14350.74,21,854,1989
14350.85,21,854,1989
14350.96,21,854,1989
14360.01,21,854,1989
14360.12,21,854,1989
14360.23,21,854,1989
14360.34,21,854,1989
14360.45,21,854,1989
14360.56,21,854,1989
14360.68,21,854,1989
14360.79,21,854,1989
14360.90,21,854,1989
14361.01,21,854,1989
14370.08,9,854,2001
14370.19,9,854,2001
14370.30,9,854,2001
14370.41,9,854,2001
14370.52,9,854,2001
14370.63,8,854,2002
14370.74,8,854,2002
14370.85,8,854,2002
14370.96,8,854,2002
14380.11,15,854,2006
14380.22,15,854,2006
14380.33,15,854,2006
14380.44,15,854,2006
14380.55,15,854,2006
14380.66,15,854,2006
14380.77,15,854,2006
14380.88,15,854,2006
14380.99,15,854,2006
14390.03,19,859,2007
14390.14,19,859,2007
14390.25,19,859,2007
14390.36,19,859,2007
14390.47,19,859,2007
14390.58,19,859,2007
14390.69,19,859,2007
14390.80,19,859,2007
14390.91,19,859,2007
14400.06,21,861,2007
14400.17,21,861,2007
14400.29,21,861,2007
14400.40,21,861,2007
14400.51,21,861,2007
14400.62,21,861,2007
14400.73,21,861,2007
14400.84,21,861,2007
14400.95,21,861,2007
14410.09,21,862,2008
14410.20,21,862,2008
14410.31,21,862,2008
14410.42,21,862,2008
14410.53,21,862,2008
14410.65,21,862,2008
14410.76,21,862,2008
14410.87,21,862,2008
14410.98,21,862,2008
14420.01,21,862,2008
14420.12,21,862,2008
14420.23,21,862,2008
14420.34,21,862,2008
14420.45,21,862,2008
14420.56,21,862,2008
14420.67,21,862,2008
14420.78,21,862,2008
14420.89,21,862,2008
14421.00,21,862,2008
14430.06,21,862,2008
14430.17,21,862,2008
14430.28,21,862,2008
14430.39,21,862,2008
14430.50,21,862,2008
14430.61,21,862,2008
14430.73,21,862,2008
14430.84,21,862,2008
14430.95,21,862,2008
14440.11,21,862,2008
14440.22,21,862,2008
14440.33,21,862,2008
14440.44,21,862,2008
14440.55,21,862,2008
14440.66,21,862,2008
14440.77,21,862,2008
14440.88,21,862,2008
14440.99,21,862,2008
14450.01,21,862,2008
14450.12,21,862,2008
14450.23,21,862,2008
14450.34,21,862,2008
14450.45,21,862,2008
14450.56,21,862,2008
14450.67,21,862,2008
14450.78,21,862,2008
14450.89,21,862,2008
14451.00,21,862,2008
14460.07,21,862,2008
14460.18,21,862,2008
14460.29,21,862,2008
14460.40,21,862,2008
14460.51,21,862,2008
14460.62,21,862,2008
14460.73,21,862,2008
14460.84,21,862,2008
14460.95,21,862,2008
14470.11,20,862,2009
14470.22,20,862,2009
14470.33,20,862,2009
14470.44,20,862,2009
14470.55,20,862,2009
14470.66,20,862,2009
14470.77,20,862,2009
14470.88,20,862,2009
14470.99,20,862,2009
14480.02,20,862,2009
14480.14,20,862,2009
14480.25,20,862,2009
14480.36,20,862,2009
14480.47,20,862,2009
14480.58,20,862,2009
14480.69,20,862,2009
14480.80,20,862,2009
14480.91,20,862,2009
14490.07,20,862,2009
14490.18,20,862,2009
14490.29,20,862,2009
14490.40,20,862,2009
14490.51,20,862,2009
14490.62,20,862,2009
14490.73,20,862,2009
14490.84,20,862,2009
14490.95,20,862,2009
14500.01,20,862,2009
14500.12,20,862,2009
14500.23,20,862,2009
14500.34,20,862,2009
14500.45,20,862,2009
14500.56,20,862,2009
14500.67,20,862,2009
14500.78,20,862,2009
14500.89,19,862,2010
14501.00,19,862,2010
14510.03,19,862,2010
14510.14,19,862,2010
14510.25,19,862,2010
14510.36,19,862,2010
14510.47,19,862,2010
14510.58,19,862,2010
14510.69,19,862,2010
14510.80,19,862,2010
14510.91,19,862,2010
14520.06,5,862,2024
14520.17,5,862,2024
14520.28,5,862,2024
14520.39,5,862,2024
14520.50,5,862,2024
14520.61,5,862,2024
14520.72,5,862,2024
14520.83,5,862,2024
14520.94,5,862,2024
14530.11,17,865,2026
14530.22,17,865,2026
14530.32,17,865,2026
14530.44,17,865,2026
14530.54,17,865,2026
14530.65,17,865,2026
14530.76,17,865,2026
14530.87,17,865,2026
14530.98,17,865,2026
14540.02,20,868,2026
14540.13,20,868,2026
14540.24,20,868,2026
14540.35,20,868,2026
14540.46,20,868,2026
14540.57,20,868,2026
14540.68,20,868,2026
14540.79,20,868,2026
14540.90,20,868,2026
14550.06,20,868,2026
14550.17,20,868,2026
14550.28,20,868,2026
14550.39,20,868,2026
14550.50,20,868,2026
14550.61,20,868,2026
14550.72,20,868,2026
14550.83,20,868,2026
14550.94,20,868,2026
14560.11,20,868,2026
14560.22,20,868,2026
14560.33,20,868,2026
14560.44,20,868,2026
14560.55,20,868,2026
14560.67,20,868,2026
14560.78,20,868,2026
14560.88,20,868,2026
14560.99,20,868,2026
14570.02,20,868,2026
14570.14,20,868,2026
14570.24,20,868,2026
14570.36,20,868,2026
14570.47,20,868,2026
14570.58,20,868,2026
14570.69,20,868,2026
14570.80,20,868,2026
14570.91,20,868,2026
14580.06,21,869,2026
14580.17,21,869,2026
14580.28,21,869,2026
14580.39,21,869,2026
14580.50,21,869,2026
14580.61,21,869,2026
14580.72,21,869,2026
14580.83,21,869,2026
14580.94,21,869,2026
14590.09,21,869,2026
14590.20,21,869,2026
14590.31,21,869,2026
14590.42,21,869,2026
14590.53,21,869,2026
14590.64,21,869,2026
14590.75,21,869,2026
14590.86,21,869,2026
14590.97,21,869,2026
14600.01,21,869,2026
14600.13,20,869,2027
14600.24,20,869,2027
14600.35,20,869,2027
14600.45,20,869,2027
14600.56,20,869,2027
14600.67,20,869,2027
14600.78,20,869,2027
14600.89,20,869,2027
14610.06,19,869,2028
14610.17,19,869,2028
14610.28,19,869,2028
14610.39,19,869,2028
14610.50,19,869,2028
14610.61,19,869,2028
14610.72,19,869,2028
14610.83,19,869,2028
14610.94,19,869,2028
14620.01,19,869,2028
14620.12,19,869,2028
14620.23,19,869,2028
14620.34,19,869,2028
14620.45,19,869,2028
14620.56,19,869,2028
14620.67,19,869,2028
14620.78,19,869,2028
14620.89,19,869,2028
14621.00,19,869,2028
14630.04,18,869,2029
14630.15,18,869,2029
14630.26,18,869,2029
14630.37,18,869,2029
14630.48,18,869,2029
14630.59,18,869,2029
14630.72,18,869,2029
14630.83,18,869,2029
14630.94,18,869,2029
14640.07,18,869,2029
14640.18,18,869,2029
14640.29,18,869,2029
14640.40,18,869,2029
14640.52,18,869,2029
14640.63,18,869,2029
14640.74,18,869,2029
14640.85,18,869,2029
14640.96,18,869,2029
14650.01,18,869,2029
14650.12,18,869,2029
14650.22,18,869,2029
14650.34,18,869,2029
14650.45,18,869,2029
14650.56,18,869,2029
14650.67,18,869,2029
14650.78,18,869,2029
14650.89,18,869,2029
14651.00,18,869,2029
14660.03,9,869,2038
14660.15,9,869,2038
14660.26,9,869,2038
14660.37,9,869,2038
14660.48,9,869,2038
14660.59,9,869,2038
14660.70,8,869,2039
14660.81,8,869,2039
14660.92,8,869,2039
14670.06,16,870,2043
14670.17,16,870,2043
14670.28,16,870,2043
14670.39,16,870,2043
14670.50,16,870,2043
14670.61,16,870,2043
14670.72,16,870,2043
14670.83,16,870,2043
14670.94,16,870,2043
14680.01,19,873,2043
14680.12,19,873,2043
14680.23,19,873,2043
14680.34,19,873,2043
14680.45,19,873,2043
14680.56,19,873,2043
14680.67,19,873,2043
14680.78,19,873,2043
14680.89,19,873,2043
14681.00,19,873,2043
14690.06,19,873,2043
14690.17,19,873,2043
14690.28,19,873,2043
14690.39,19,873,2043
14690.50,19,873,2043
14690.61,19,873,2043
14690.72,19,873,2043
14690.83,19,873,2043
14690.94,19,873,2043
14700.09,22,876,2043
14700.20,22,876,2043
14700.31,22,876,2043
14700.42,22,876,2043
14700.53,22,876,2043
14700.64,22,876,2043
14700.75,22,876,2043
14700.86,22,876,2043
14700.97,22,876,2043
14710.04,24,878,2043
14710.15,24,878,2043
14710.26,24,878,2043
14710.37,24,878,2043
14710.48,24,878,2043
14710.59,24,878,2043
14710.70,24,878,2043
14710.81,24,878,2043
14710.92,24,878,2043
14720.08,24,878,2043
14720.19,24,878,2043
14720.30,24,878,2043
14720.41,24,878,2043
14720.52,24,878,2043
14720.63,24,878,2043
14720.74,24,878,2043
14720.85,24,878,2043
14720.96,24,878,2043
14730.01,24,878,2043
14730.12,24,878,2043
14730.23,24,878,2043
14730.34,24,878,2043
14730.45,24,878,2043
14730.56,24,878,2043
14730.67,24,878,2043
14730.78,24,878,2043
14730.89,24,878,2043
14731.00,24,878,2043
14740.06,24,878,2043
14740.17,24,878,2043
14740.27,24,878,2043
14740.38,24,878,2043
14740.50,24,878,2043
14740.61,24,878,2043
14740.72,24,878,2043
14740.82,24,878,2043
14740.94,24,878,2043
14750.11,22,878,2045
14750.22,22,878,2045
14750.33,22,878,2045
14750.44,22,878,2045
14750.55,22,878,2045
14750.66,22,878,2045
14750.77,22,878,2045
14750.88,22,878,2045
14750.99,22,878,2045
14760.03,21,878,2046
14760.14,21,878,2046
14760.25,21,878,2046
14760.36,21,878,2046
14760.47,21,878,2046
14760.58,21,878,2046
14760.69,21,878,2046
14760.80,21,878,2046
14760.91,21,878,2046
14770.07,21,878,2046
14770.18,21,878,2046
14770.29,21,878,2046
14770.40,21,878,2046
14770.51,21,878,2046
14770.62,21,878,2046
14770.73,21,878,2046
14770.84,21,878,2046
14770.96,21,878,2046
14780.11,21,878,2046
14780.22,21,878,2046
14780.33,21,878,2046
14780.44,21,878,2046
14780.55,21,878,2046
14780.66,21,878,2046
14780.77,21,878,2046
14780.88,21,878,2046
14780.99,21,878,2046
14790.01,21,878,2046
14790.12,21,878,2046
14790.23,21,878,2046
14790.34,21,878,2046
14790.45,21,878,2046
14790.56,21,878,2046
14790.67,21,878,2046
14790.78,21,878,2046
14790.89,21,878,2046
14791.00,21,878,2046
14800.05,20,878,2047
14800.16,20,878,2047
14800.28,20,878,2047
14800.38,20,878,2047
14800.49,9,878,2058
14800.60,9,878,2058
14800.71,9,878,2058
14800.82,9,878,2058
14800.94,9,878,2058
14810.09,5,878,2062
14810.20,5,878,2062
14810.31,5,878,2062
14810.42,5,878,2062
14810.53,5,878,2062
14810.64,5,878,2062
14810.75,5,878,2062
14810.86,5,878,2062
14810.97,5,878,2062
14820.11,5,878,2062
14820.23,5,878,2062
14820.33,5,878,2062
14820.44,5,878,2062
14820.55,5,878,2062
14820.67,5,878,2062
14820.78,5,878,2062
14820.89,5,878,2062
14821.00,5,878,2062
14830.04,15,879,2064
14830.15,15,879,2064
14830.26,15,879,2064
14830.37,15,879,2064
14830.48,15,879,2064
14830.59,15,879,2064
14830.70,15,879,2064
14830.82,15,879,2064
14830.93,15,879,2064
14840.09,19,884,2065
14840.20,19,884,2065
14840.32,19,884,2065
14840.44,19,884,2065
14840.55,19,884,2065
14840.66,19,884,2065
14840.77,19,884,2065
14840.88,19,884,2065
14840.99,19,884,2065
14850.01,20,885,2065
14850.12,20,885,2065
14850.23,20,885,2065
14850.35,20,885,2065
14850.47,20,885,2065
14850.58,20,885,2065
14850.69,20,885,2065
14850.83,20,885,2065
14850.94,20,885,2065
14860.08,21,886,2065
14860.18,21,886,2065
14860.29,21,886,2065
14860.41,21,886,2065
14860.53,21,886,2065
14860.64,21,886,2065
14860.75,21,886,2065
14860.86,21,886,2065
14860.97,21,886,2065
14870.01,21,886,2065
14870.12,21,886,2065
14870.23,21,886,2065
14870.34,21,886,2065
14870.45,21,886,2065
14870.56,22,887,2065
14870.67,22,887,2065
14871.00,22,887,2065
14880.01,22,887,2065
14880.13,22,887,2065
14880.24,22,887,2065
14880.38,22,887,2065
14880.49,22,887,2065
14880.60,22,887,2065
14880.71,22,887,2065
14880.82,22,887,2065
14880.93,22,887,2065
14890.06,22,887,2065
14890.17,22,887,2065
14890.28,22,887,2065
14890.39,22,887,2065
14890.50,22,887,2065
14890.61,22,887,2065
14890.72,22,887,2065
14890.83,22,887,2065
14890.94,22,887,2065
14900.09,22,887,2065
14900.20,22,887,2065
14900.31,22,887,2065
14900.42,22,887,2065
14900.53,22,887,2065
14900.64,22,887,2065
14900.75,22,887,2065
14900.86,22,887,2065
14900.97,22,887,2065
14910.12,22,887,2065
14910.23,22,887,2065
14910.34,22,887,2065
14910.45,22,887,2065
14910.56,22,887,2065
14910.67,22,887,2065
14910.79,22,887,2065
14910.90,22,887,2065
14920.04,21,887,2066
14920.15,21,887,2066
14920.26,21,887,2066
14920.37,21,887,2066
14920.48,21,887,2066
14920.59,21,887,2066
14920.70,21,887,2066
14920.82,21,887,2066
14920.93,21,887,2066
14930.10,20,887,2067
14930.21,20,887,2067
14930.32,20,887,2067
14930.43,20,887,2067
14930.54,20,887,2067
14930.65,20,887,2067
14930.76,20,887,2067
14930.87,20,887,2067
14930.98,20,887,2067
14940.02,20,887,2067
14940.13,20,887,2067
14940.24,20,887,2067
14940.35,20,887,2067
14940.46,20,887,2067
14940.57,20,887,2067
14940.68,20,887,2067
14940.79,20,887,2067
14940.92,20,887,2067
14950.06,20,887,2067
14950.17,20,887,2067
14950.28,20,887,2067
14950.39,20,887,2067
14950.49,20,887,2067
14950.61,20,887,2067
14950.72,20,887,2067
14950.83,20,887,2067
14950.94,20,887,2067
14960.08,8,887,2079
14960.19,8,887,2079
14960.30,8,887,2079
14960.41,8,887,2079
14960.52,8,887,2079
14960.63,8,887,2079
14960.74,8,887,2079
14960.85,8,887,2079
14960.96,8,887,2079
14970.01,6,887,2081
14970.12,6,887,2081
14970.23,6,887,2081
14970.34,6,887,2081
14970.45,6,887,2081
14970.56,5,887,2082
14970.66,5,887,2082
14970.77,5,887,2082
14970.89,5,887,2082
14971.00,5,887,2082
14980.04,16,889,2084
14980.15,16,889,2084
14980.26,16,889,2084
14980.37,16,889,2084
14980.48,16,889,2084
14980.59,16,889,2084
14980.70,16,889,2084
14980.81,17,890,2084
14980.92,17,890,2084
14990.09,18,892,2085
14990.20,18,892,2085
14990.31,18,892,2085
14990.42,18,892,2085
14990.53,18,892,2085
14990.64,18,892,2085
14990.75,18,892,2085
14990.86,18,892,2085
14990.97,18,892,2085
15000.04,18,892,2085
15000.15,18,892,2085
15000.26,18,892,2085
15000.37,18,892,2085
15000.48,18,892,2085
15000.59,18,892,2085
15000.70,18,892,2085
15000.81,18,892,2085
15000.92,18,892,2085
15010.09,20,894,2085
15010.20,20,894,2085
15010.31,20,894,2085
15010.42,20,894,2085
15010.53,20,894,2085
15010.64,20,894,2085
15010.75,20,894,2085
15010.86,20,894,2085
15010.97,20,894,2085
15020.03,22,896,2085
15020.14,22,896,2085
15020.25,22,896,2085
15020.36,22,896,2085
15020.47,22,896,2085
15020.58,22,896,2085
15020.69,22,896,2085
15020.80,22,896,2085
15020.91,22,896,2085
15030.04,22,896,2085
15030.16,22,896,2085
15030.31,22,896,2085
15030.43,22,896,2085
15030.54,22,896,2085
15030.65,22,896,2085
15030.76,22,896,2085
15030.87,22,896,2085
15030.98,22,896,2085
15040.01,22,896,2085
15040.12,22,896,2085
15040.23,22,896,2085
15040.34,22,896,2085
15040.45,22,896,2085
15040.56,22,896,2085
15040.67,22,896,2085
15040.78,22,896,2085
15040.89,22,896,2085
15041.00,22,896,2085
15050.05,22,896,2085
15050.16,22,896,2085
15050.27,22,896,2085
15050.38,22,896,2085
15050.49,22,896,2085
15050.60,22,896,2085
15050.71,22,896,2085
15050.82,22,896,2085
15050.93,22,896,2085
15060.01,22,896,2085
15060.12,22,896,2085
15060.23,22,896,2085
15060.34,22,896,2085
15060.45,22,896,2085
15060.56,22,896,2085
15060.67,22,896,2085
15060.78,22,896,2085
15060.89,22,896,2085
15061.00,22,896,2085
15070.03,22,896,2085
15070.15,22,896,2085
15070.26,22,896,2085
15070.37,22,896,2085
15070.48,22,896,2085
15070.59,22,896,2085
15070.70,22,896,2085
15070.81,22,896,2085
15070.92,22,896,2085
15080.09,21,896,2086
15080.20,21,896,2086
15080.31,21,896,2086
15080.42,21,896,2086
15080.53,21,896,2086
15080.63,21,896,2086
15080.74,21,896,2086
15080.85,21,896,2086
15080.96,21,896,2086
15090.10,21,896,2086
15090.21,21,896,2086
15090.32,21,896,2086
15090.43,21,896,2086
15090.54,21,896,2086
15090.65,21,896,2086
15090.76,21,896,2086
15090.87,21,896,2086
15090.98,21,896,2086
15100.11,20,896,2087
15100.22,20,896,2087
15100.33,20,896,2087
15100.44,20,896,2087
15100.55,20,896,2087
15100.66,20,896,2087
15100.77,20,896,2087
15100.91,20,896,2087
15110.04,9,896,2098
15110.14,8,896,2099
15110.25,8,896,2099
15110.36,8,896,2099
15110.47,8,896,2099
15110.59,7,896,2100
15110.70,7,896,2100
15110.81,7,896,2100
15110.91,7,896,2100
15120.07,5,896,2102
15120.19,5,896,2102
15120.30,5,896,2102
15120.41,5,896,2102
15120.52,5,896,2102
15120.62,5,896,2102
15120.73,5,896,2102
15120.85,5,896,2102
15120.96,5,896,2102
15130.01,20,901,2103
15130.12,20,901,2103
15130.26,20,901,2103
15130.37,20,901,2103
15130.48,20,901,2103
15130.59,20,901,2103
15130.70,20,901,2103
15130.81,20,901,2103
15130.92,20,901,2103
15140.07,19,902,2105
15140.18,19,902,2105
15140.29,19,902,2105
15140.40,19,902,2105
15140.51,19,902,2105
15140.62,19,902,2105
15140.73,19,902,2105
15140.84,19,902,2105
15140.95,19,902,2105
15150.03,20,903,2105
15150.14,20,903,2105
15150.25,20,903,2105
15150.36,20,903,2105
15150.47,20,903,2105
15150.58,20,903,2105
15150.69,20,903,2105
15150.80,20,903,2105
15150.91,20,903,2105
15160.07,21,904,2105
15160.18,21,904,2105
15160.29,21,904,2105
15160.40,21,904,2105
15160.51,21,904,2105
15160.62,21,904,2105
15160.73,21,904,2105
15160.84,21,904,2105
15160.95,21,904,2105
15170.11,21,904,2105
15170.22,21,904,2105
15170.33,21,904,2105
15170.44,21,904,2105
15170.55,21,904,2105
15170.66,21,904,2105
15170.77,21,904,2105
15170.88,21,904,2105
15170.99,21,904,2105
15180.06,21,904,2105
15180.17,21,904,2105
15180.28,21,904,2105
15180.39,21,904,2105
15180.50,21,904,2105
15180.61,21,904,2105
15180.72,21,904,2105
15180.83,21,904,2105
15180.94,21,904,2105
15190.10,21,904,2105
15190.21,21,904,2105
15190.32,21,904,2105
15190.43,21,904,2105
15190.54,21,904,2105
15190.65,21,904,2105
15190.76,21,904,2105
15190.87,21,904,2105
15190.98,21,904,2105
15200.01,21,904,2105
15200.12,21,904,2105
15200.23,21,904,2105
15200.34,21,904,2105
15200.45,21,904,2105
15200.56,21,904,2105
15200.67,21,904,2105
15200.78,21,904,2105
15200.89,21,904,2105
15201.00,21,904,2105
15210.08,21,904,2105
15210.18,21,904,2105
15210.29,21,904,2105
15210.40,21,904,2105
15210.51,21,904,2105
15210.62,21,904,2105
15210.73,21,904,2105
15210.85,21,904,2105
15210.96,21,904,2105
15220.03,21,904,2105
15220.14,21,904,2105
15220.25,21,904,2105
15220.36,21,904,2105
15220.47,21,904,2105
15220.58,21,904,2105
15220.69,21,904,2105
15220.80,21,904,2105
15220.91,21,904,2105
15230.06,21,904,2105
15230.17,21,904,2105
15230.28,21,904,2105
15230.39,21,904,2105
15230.50,21,904,2105
15230.61,21,904,2105
15230.72,21,904,2105
15230.83,21,904,2105
15230.94,21,904,2105
15240.02,19,904,2107
15240.13,19,904,2107
15240.24,19,904,2107
15240.35,19,904,2107
15240.46,19,904,2107
15240.57,19,904,2107
15240.68,19,904,2107
15240.79,19,904,2107
15240.90,19,904,2107
15250.08,19,904,2107
15250.19,19,904,2107
15250.30,19,904,2107
15250.41,19,904,2107
15250.52,19,904,2107
15250.63,19,904,2107
15250.74,19,904,2107
15250.85,19,904,2107
15250.96,19,904,2107
15260.09,7,904,2119
15260.21,7,904,2119
15260.32,7,904,2119
15260.43,7,904,2119
15260.54,7,904,2119
15260.65,7,904,2119
15260.76,7,904,2119
15260.87,7,904,2119
15260.97,7,904,2119
15270.02,15,904,2122
15270.13,16,905,2122
15270.24,16,905,2122
15270.35,16,905,2122
15270.46,17,906,2122
15270.57,18,907,2122
15270.69,18,907,2122
15270.80,18,907,2122
15270.91,18,907,2122
15280.07,19,908,2122
15280.18,19,908,2122
15280.29,19,908,2122
15280.40,19,908,2122
15280.51,19,908,2122
15280.63,19,908,2122
15280.74,19,908,2122
15280.85,19,908,2122
15280.96,18,908,2123
15290.11,21,911,2123
15290.22,21,911,2123
15290.33,21,911,2123
15290.44,21,911,2123
15290.55,21,911,2123
15290.66,21,911,2123
15290.77,21,911,2123
15290.88,21,911,2123
15290.99,21,911,2123
15300.07,21,911,2123
15300.18,21,911,2123
15300.29,21,911,2123
15300.40,21,911,2123
15300.51,21,911,2123
15300.62,21,911,2123
15300.73,21,911,2123
15300.84,21,911,2123
15300.95,21,911,2123
15310.01,21,911,2123
15310.12,21,911,2123
15310.23,21,911,2123
15310.34,21,911,2123
15310.45,21,911,2123
15310.56,21,911,2123
15310.67,21,911,2123
15310.78,21,911,2123
15310.89,21,911,2123
15311.00,21,911,2123
15320.05,21,911,2123
15320.16,21,911,2123
15320.27,21,911,2123
15320.39,21,911,2123
15320.50,21,911,2123
15320.61,21,911,2123
15320.72,21,911,2123
15320.83,21,911,2123
15320.94,21,911,2123
15330.02,21,911,2123
15330.13,21,911,2123
15330.24,21,911,2123
15330.35,21,911,2123
15330.46,21,911,2123
15330.57,21,911,2123
15330.68,21,911,2123
15330.79,21,911,2123
15330.90,21,911,2123
15340.08,21,911,2123
15340.19,21,911,2123
15340.30,21,911,2123
15340.41,21,911,2123
15340.52,21,911,2123
15340.63,21,911,2123
15340.74,21,911,2123
15340.85,21,911,2123
15340.96,21,911,2123
15350.09,20,911,2124
15350.20,20,911,2124
15350.31,20,911,2124
15350.42,20,911,2124
15350.56,20,911,2124
15350.67,20,911,2124
15350.78,20,911,2124
15350.89,19,911,2125
15351.00,19,911,2125
15360.05,19,911,2125
15360.16,19,911,2125
15360.27,19,911,2125
15360.38,19,911,2125
15360.49,19,911,2125
15360.60,19,911,2125
15360.71,19,911,2125
15360.82,19,911,2125
15360.93,19,911,2125
15370.10,19,911,2125
15370.21,19,911,2125
15370.32,19,911,2125
15370.43,19,911,2125
15370.54,19,911,2125
15370.65,19,911,2125
15370.76,19,911,2125
15370.87,19,911,2125
15370.98,19,911,2125
15380.05,18,911,2126
15380.16,18,911,2126
15380.27,18,911,2126
15380.38,18,911,2126
15380.49,18,911,2126
15380.60,18,911,2126
15380.71,18,911,2126
15380.82,18,911,2126
15380.93,18,911,2126
15390.08,18,911,2126
15390.19,18,911,2126
15390.30,18,911,2126
15390.41,18,911,2126
15390.52,18,911,2126
15390.63,18,911,2126
15390.74,18,911,2126
15390.85,18,911,2126
15390.96,18,911,2126
15400.02,18,911,2126
15400.13,18,911,2126
15400.24,18,911,2126
15400.35,18,911,2126
15400.47,18,911,2126
15400.58,18,911,2126
15400.69,18,911,2126
15400.80,18,911,2126
15400.91,18,911,2126
15410.07,5,911,2139
15410.18,5,911,2139
15410.29,5,911,2139
15410.40,5,911,2139
15410.51,5,911,2139
15410.62,5,911,2139
15410.73,5,911,2139
15410.84,5,911,2139
15410.95,5,911,2139
15420.11,17,913,2140
15420.22,17,913,2140
15420.33,17,913,2140
15420.44,17,913,2140
15420.55,17,913,2140
15420.66,17,913,2140
15420.77,17,913,2140
15420.88,17,913,2140
15420.99,17,913,2140
15430.07,18,914,2140
15430.18,18,914,2140
15430.28,18,914,2140
15430.40,18,914,2140
15430.50,18,914,2140
15430.61,18,914,2140
15430.73,18,914,2140
15430.84,18,914,2140
15430.95,18,914,2140
15440.01,20,916,2140
15440.12,20,916,2140
15440.23,20,916,2140
15440.34,20,916,2140
15440.45,20,916,2140
15440.56,20,916,2140
15440.67,20,916,2140
15440.78,20,916,2140
15440.89,20,916,2140
15441.00,20,916,2140
15450.04,21,917,2140
15450.16,21,917,2140
15450.27,21,917,2140
15450.38,21,917,2140
15450.49,21,917,2140
15450.60,21,917,2140
15450.71,21,917,2140
15450.82,21,917,2140
15450.93,21,917,2140
15460.09,22,918,2140
15460.20,22,918,2140
15460.31,22,918,2140
15460.42,22,918,2140
15460.53,22,918,2140
15460.64,22,918,2140
15460.75,22,918,2140
15460.86,22,918,2140
15460.97,22,918,2140
15470.03,22,918,2140
15470.14,22,918,2140
15470.25,22,918,2140
15470.36,22,918,2140
15470.47,22,918,2140
15470.58,22,918,2140
15470.69,22,918,2140
15470.81,22,918,2140
15470.92,22,918,2140
15480.07,22,918,2140
15480.18,22,918,2140
15480.29,22,918,2140
15480.40,22,918,2140
15480.52,22,918,2140
15480.62,22,918,2140
15480.73,22,918,2140
15480.84,22,918,2140
15480.95,22,918,2140
15490.01,21,918,2141
15490.12,21,918,2141
15490.23,21,918,2141
15490.34,21,918,2141
15490.45,21,918,2141
15490.56,21,918,2141
15490.67,21,918,2141
15490.78,21,918,2141
15490.89,21,918,2141
15491.00,21,918,2141
15500.07,20,918,2142
15500.18,20,918,2142
15500.29,20,918,2142
15500.40,20,918,2142
15500.51,20,918,2142
15500.62,20,918,2142
15500.73,20,918,2142
15500.84,20,918,2142
15500.95,20,918,2142
15510.09,19,918,2143
15510.20,19,918,2143
15510.30,19,918,2143
15510.41,19,918,2143
15510.52,19,918,2143
15510.63,19,918,2143
15510.74,18,918,2144
15510.85,18,918,2144
15510.96,18,918,2144
15520.03,18,918,2144
15520.15,18,918,2144
15520.26,18,918,2144
15520.36,18,918,2144
15520.47,18,918,2144
15520.58,18,918,2144
15520.69,18,918,2144
15520.80,18,918,2144
15520.91,18,918,2144
15530.09,18,918,2144
15530.20,18,918,2144
15530.31,18,918,2144
15530.42,18,918,2144
15530.53,18,918,2144
15530.64,18,918,2144
15530.75,18,918,2144
15530.86,18,918,2144
15530.97,18,918,2144
15540.11,18,918,2144
15540.22,18,918,2144
15540.33,18,918,2144
15540.44,18,918,2144
15540.55,18,918,2144
15540.66,18,918,2144
15540.77,18,918,2144
15540.88,18,918,2144
15540.99,18,918,2144
15550.04,7,918,2155
15550.15,7,918,2155
15550.26,7,918,2155
15550.37,7,918,2155
15550.48,7,918,2155
15550.59,7,918,2155
15550.70,7,918,2155
15550.81,7,918,2155
15550.92,7,918,2155
15560.01,6,918,2156
15560.12,6,918,2156
15560.23,6,918,2156
15560.34,6,918,2156
15560.45,6,918,2156
15560.56,6,918,2156
15560.67,6,918,2156
15560.78,6,918,2156
15560.89,6,918,2156
15561.00,6,918,2156
15570.04,5,918,2157
15570.15,5,918,2157
15570.26,5,918,2157
15570.37,5,918,2157
15570.48,5,918,2157
15570.59,5,918,2157
15570.70,5,918,2157
15570.83,5,918,2157
15570.94,5,918,2157
15580.08,18,921,2158
15580.19,18,921,2158
15580.30,18,921,2158
15580.41,18,921,2158
15580.52,18,921,2158
15580.63,18,921,2158
15580.74,18,921,2158
15580.85,18,921,2158
15580.96,18,921,2158
15590.04,20,923,2158
15590.15,20,923,2158
15590.26,20,923,2158
15590.37,20,923,2158
15590.48,20,923,2158
15590.59,20,923,2158
15590.70,20,923,2158
15590.81,20,923,2158
15590.92,20,923,2158
15600.06,21,924,2158
15600.20,21,924,2158
15600.31,21,924,2158
15600.42,21,924,2158
15600.53,21,924,2158
15600.64,21,924,2158
15600.75,21,924,2158
15600.86,21,924,2158
15600.97,21,924,2158
15610.09,21,924,2158
15610.20,21,924,2158
15610.31,21,924,2158
15610.42,21,924,2158
15610.53,21,924,2158
15610.64,21,924,2158
15610.75,21,924,2158
15610.86,21,924,2158
15610.97,21,924,2158
15620.04,23,926,2158
15620.15,23,926,2158
15620.26,23,926,2158
15620.37,23,926,2158
15620.48,23,926,2158
15620.59,23,926,2158
15620.70,23,926,2158
15620.81,23,926,2158
15620.92,23,926,2158
15630.09,23,926,2158
15630.20,23,926,2158
15630.31,23,926,2158
15630.42,23,926,2158
15630.53,23,926,2158
15630.64,23,926,2158
15630.75,23,926,2158
15630.86,23,926,2158
15630.98,23,926,2158
15640.01,21,926,2160
15640.12,21,926,2160
15640.23,21,926,2160
15640.34,21,926,2160
15640.45,21,926,2160
15640.56,21,926,2160
15640.67,21,926,2160
15640.78,21,926,2160
15640.89,21,926,2160
15641.00,21,926,2160
15650.06,21,926,2160
15650.17,21,926,2160
15650.28,21,926,2160
15650.39,21,926,2160
15650.50,21,926,2160
15650.61,21,926,2160
15650.72,21,926,2160
15650.83,21,926,2160
15650.94,21,926,2160
15660.01,21,926,2160
15660.12,21,926,2160
15660.23,21,926,2160
15660.34,21,926,2160
15660.45,21,926,2160
15660.56,21,926,2160
15660.67,21,926,2160
15660.78,21,926,2160
15660.89,21,926,2160
15661.00,21,926,2160
15670.03,21,926,2160
15670.15,20,926,2161
15670.25,20,926,2161
15670.36,20,926,2161
15670.47,20,926,2161
15670.58,20,926,2161
15670.69,20,926,2161
15670.80,20,926,2161
15670.91,20,926,2161
15680.09,19,926,2162
15680.20,19,926,2162
15680.32,19,926,2162
15680.42,19,926,2162
15680.53,19,926,2162
15680.64,19,926,2162
15680.75,19,926,2162
15680.86,19,926,2162
15680.97,19,926,2162
15690.03,19,926,2162
15690.14,19,926,2162
15690.25,19,926,2162
15690.36,19,926,2162
15690.47,19,926,2162
15690.58,19,926,2162
15690.69,19,926,2162
15690.80,19,926,2162
15690.91,19,926,2162
15700.08,19,926,2162
15700.19,19,926,2162
15700.30,19,926,2162
15700.41,19,926,2162
15700.52,19,926,2162
15700.63,19,926,2162
15700.74,19,926,2162
15700.85,19,926,2162
15700.96,19,926,2162
15710.01,6,926,2175
15710.12,6,926,2175
15710.23,6,926,2175
15710.34,6,926,2175
15710.45,6,926,2175
15710.56,6,926,2175
15710.67,6,926,2175
15710.78,6,926,2175
15710.89,6,926,2175
15711.00,6,926,2175
15720.10,6,926,2175
15720.21,6,926,2175
15720.32,6,926,2175
15720.43,6,926,2175
15720.54,6,926,2175
15720.65,6,926,2175
15720.76,6,926,2175
15720.87,6,926,2175
15720.98,6,926,2175
15730.04,18,930,2178
15730.15,18,930,2178
15730.26,18,930,2178
15730.37,18,930,2178
15730.48,18,930,2178
15730.59,18,930,2178
15730.70,18,930,2178
15730.81,18,930,2178
15730.93,18,930,2178
15740.08,21,933,2178
15740.19,21,933,2178
15740.30,21,933,2178
15740.41,21,933,2178
15740.52,21,933,2178
15740.63,21,933,2178
15740.74,21,933,2178
15740.85,21,933,2178
15740.96,21,933,2178
15750.03,22,934,2178
15750.14,22,934,2178
15750.25,22,934,2178
15750.36,22,934,2178
15750.47,22,934,2178
15750.58,22,934,2178
15750.69,22,934,2178
15750.80,22,934,2178
15750.91,22,934,2178
15760.06,23,935,2178
15760.17,23,935,2178
15760.28,23,935,2178
15760.39,23,935,2178
15760.50,23,935,2178
15760.61,23,935,2178
15760.72,23,935,2178
15760.83,23,935,2178
15760.94,23,935,2178
15770.11,23,935,2178
15770.22,23,935,2178
15770.33,23,935,2178
15770.44,23,935,2178
15770.55,23,935,2178
15770.66,23,935,2178
15770.77,23,935,2178
15770.88,23,935,2178
15770.99,23,935,2178
15780.06,23,935,2178
15780.17,23,935,2178
15780.28,23,935,2178
15780.39,23,935,2178
15780.50,23,935,2178
15780.61,23,935,2178
15780.72,23,935,2178
15780.83,23,935,2178
15780.94,23,935,2178
15790.09,23,935,2178
15790.20,23,935,2178
15790.31,23,935,2178
15790.42,23,935,2178
15790.53,23,935,2178
15790.64,23,935,2178
15790.75,23,935,2178
15790.86,23,935,2178
15790.97,23,935,2178
15800.03,22,935,2179
15800.14,22,935,2179
15800.25,22,935,2179
15800.37,22,935,2179
15800.47,22,935,2179
15800.58,22,935,2179
15800.69,22,935,2179
15800.80,22,935,2179
15800.91,22,935,2179
15810.09,22,935,2179
15810.20,22,935,2179
15810.31,22,935,2179
15810.42,22,935,2179
15810.53,22,935,2179
15810.64,22,935,2179
15810.75,22,935,2179
15810.86,22,935,2179
15810.97,22,935,2179
15820.11,22,935,2179
15820.22,22,935,2179
15820.33,22,935,2179
15820.48,22,935,2179
15820.59,22,935,2179
15820.69,22,935,2179
15820.80,22,935,2179
15820.92,22,935,2179
15830.06,22,935,2179
15830.17,22,935,2179
15830.28,22,935,2179
15830.39,22,935,2179
15830.50,22,935,2179
15830.61,22,935,2179
15830.72,22,935,2179
15830.83,22,935,2179
15830.94,22,935,2179
15840.10,20,935,2181
15840.21,20,935,2181
15840.32,20,935,2181
15840.43,20,935,2181
15840.54,20,935,2181
15840.65,20,935,2181
15840.76,20,935,2181
15840.87,20,935,2181
15850.05,20,935,2181
15850.16,20,935,2181
15850.27,20,935,2181
15850.38,20,935,2181
15850.49,20,935,2181
15850.60,20,935,2181
15850.71,20,935,2181
15850.82,20,935,2181
15850.93,20,935,2181
15860.07,5,935,2196
15860.18,5,935,2196
15860.29,5,935,2196
15860.40,5,935,2196
15860.51,5,935,2196
15860.62,5,935,2196
15860.73,5,935,2196
15860.84,5,935,2196
15860.95,5,935,2196
15870.03,17,938,2198
15870.14,17,938,2198
15870.25,17,938,2198
15870.36,17,938,2198
15870.47,17,938,2198
15870.58,17,938,2198
15870.69,17,938,2198
15870.80,17,938,2198
15870.91,17,938,2198
15880.07,20,942,2199
15880.18,20,942,2199
15880.29,20,942,2199
15880.40,20,942,2199
15880.51,20,942,2199
15880.62,20,942,2199
15880.73,20,942,2199
15880.84,20,942,2199
15880.95,20,942,2199
15890.10,21,943,2199
15890.21,21,943,2199
15890.32,21,943,2199
15890.43,21,943,2199
15890.54,21,943,2199
15890.65,21,943,2199
15890.76,21,943,2199
15890.87,21,943,2199
15890.98,21,943,2199
15900.06,21,943,2199
15900.17,21,943,2199
15900.28,21,943,2199
15900.38,21,943,2199
15900.49,21,943,2199
15900.60,21,943,2199
15900.71,21,943,2199
15900.82,21,943,2199
15900.93,21,943,2199
15910.11,21,943,2199
15910.22,21,943,2199
15910.33,21,943,2199
15910.44,21,943,2199
15910.55,21,943,2199
15910.66,21,943,2199
15910.77,21,943,2199
15910.88,21,943,2199
15910.99,21,943,2199
15920.02,21,943,2199
15920.13,21,943,2199
15920.24,21,943,2199
15920.35,21,943,2199
15920.46,21,943,2199
15920.57,21,943,2199
15920.68,21,943,2199
15920.79,21,943,2199
15920.90,21,943,2199
15930.08,21,943,2199
15930.19,21,943,2199
15930.30,21,943,2199
15930.41,21,943,2199
15930.52,21,943,2199
15930.63,21,943,2199
15930.74,21,943,2199
15930.87,21,943,2199
15931.00,21,943,2199
15940.11,21,943,2199
15940.22,21,943,2199
15940.33,21,943,2199
15940.44,21,943,2199
15940.55,21,943,2199
15940.66,21,943,2199
15940.77,21,943,2199
15940.88,21,943,2199
15940.99,21,943,2199
15950.03,21,943,2199
15950.14,21,943,2199
15950.25,21,943,2199
15950.36,21,943,2199
15950.47,21,943,2199
15950.58,21,943,2199
15950.69,21,943,2199
15950.80,21,943,2199
15950.91,21,943,2199
15960.09,21,943,2199
15960.20,21,943,2199
15960.31,21,943,2199
15960.42,21,943,2199
15960.53,21,943,2199
15960.64,21,943,2199
15960.75,21,943,2199
15960.86,21,943,2199
15960.97,21,943,2199
15970.04,20,943,2200
15970.15,20,943,2200
15970.26,20,943,2200
15970.37,20,943,2200
15970.47,20,943,2200
15970.58,20,943,2200
15970.69,20,943,2200
15970.80,20,943,2200
15970.91,20,943,2200
15980.07,19,943,2201
15980.18,19,943,2201
15980.29,19,943,2201
15980.40,19,943,2201
15980.51,19,943,2201
15980.62,19,943,2201
15980.73,19,943,2201
15980.84,19,943,2201
15980.95,19,943,2201
15990.03,19,943,2201
15990.14,19,943,2201
15990.25,19,943,2201
15990.36,19,943,2201
15990.47,19,943,2201
15990.58,19,943,2201
15990.69,19,943,2201
15990.79,19,943,2201
15990.90,19,943,2201
16000.08,8,943,2212
16000.19,8,943,2212
16000.30,8,943,2212
16000.41,8,943,2212
16000.52,8,943,2212
16000.63,7,943,2213
16000.74,7,943,2213
16000.85,7,943,2213
16000.96,7,943,2213
16010.01,17,946,2217
16010.12,17,946,2217
16010.23,17,946,2217
16010.34,17,946,2217
16010.45,17,946,2217
16010.56,17,946,2217
16010.67,17,946,2217
16010.78,17,946,2217
16010.89,17,946,2217
16011.00,17,946,2217
16020.07,18,947,2217
16020.18,18,947,2217
16020.29,18,947,2217
16020.40,18,947,2217
16020.51,18,947,2217
16020.62,18,947,2217
16020.73,18,947,2217
16020.84,18,947,2217
16020.95,18,947,2217
16030.02,21,950,2217
16030.13,21,950,2217
16030.24,21,950,2217
16030.35,21,950,2217
16030.46,21,950,2217
16030.57,21,950,2217
16030.68,21,950,2217
16030.79,21,950,2217
16030.90,21,950,2217
16040.04,21,950,2217
16040.15,21,950,2217
16040.26,21,950,2217
16040.37,21,950,2217
16040.48,21,950,2217
16040.59,21,950,2217
16040.71,21,950,2217
16040.81,21,950,2217
16040.92,21,950,2217
16050.09,21,950,2217
16050.21,21,950,2217
16050.32,21,950,2217
16050.42,21,950,2217
16050.53,21,950,2217
16050.64,21,950,2217
16050.75,21,950,2217
16050.86,21,950,2217
16050.97,21,950,2217
16060.03,21,950,2217
16060.14,21,950,2217
16060.25,21,950,2217
16060.36,21,950,2217
16060.48,21,950,2217
16060.59,21,950,2217
16060.70,21,950,2217
16060.80,21,950,2217
16060.91,21,950,2217
16070.04,21,950,2217
16070.15,21,950,2217
16070.26,21,950,2217
16070.37,21,950,2217
16070.51,21,950,2217
16070.62,21,950,2217
16070.73,21,950,2217
16070.84,21,950,2217
16070.95,21,950,2217
16080.01,21,950,2217
16080.12,21,950,2217
16080.23,21,950,2217
16080.34,21,950,2217
16080.45,21,950,2217
16080.56,21,950,2217
16080.67,21,950,2217
16080.78,21,950,2217
16080.89,21,950,2217
16081.00,21,950,2217
16090.06,20,950,2218
16090.17,20,950,2218
16090.28,20,950,2218
16090.39,20,950,2218
16090.50,20,950,2218
16090.61,20,950,2218
16090.72,20,950,2218
16090.83,20,950,2218
16100.04,20,950,2218
16100.15,20,950,2218
16100.26,20,950,2218
16100.37,20,950,2218
16100.48,20,950,2218
16100.59,20,950,2218
16100.70,20,950,2218
16100.81,20,950,2218
16100.92,20,950,2218
16110.07,18,950,2220
16110.18,18,950,2220
16110.29,18,950,2220
16110.40,18,950,2220
16110.51,18,950,2220
16110.62,18,950,2220
16110.73,18,950,2220
16110.84,18,950,2220
16110.95,18,950,2220
16120.02,18,950,2220
16120.13,18,950,2220
16120.24,18,950,2220
16120.35,18,950,2220
16120.46,18,950,2220
16120.57,18,950,2220
16120.68,18,950,2220
16120.79,18,950,2220
16120.90,18,950,2220
16130.08,18,950,2220
16130.19,18,950,2220
16130.30,18,950,2220
16130.41,18,950,2220
16130.52,18,950,2220
16130.63,18,950,2220
16130.74,18,950,2220
16130.86,18,950,2220
16130.97,18,950,2220
16140.11,6,950,2232
16140.22,6,950,2232
16140.33,6,950,2232
16140.44,6,950,2232
16140.55,6,950,2232
16140.66,6,950,2232
16140.77,6,950,2232
16140.88,6,950,2232
16140.99,6,950,2232
16150.06,15,950,2234
16150.17,15,950,2234
16150.28,15,950,2234
16150.39,15,950,2234
16150.50,15,950,2234
16150.61,15,950,2234
16150.72,15,950,2234
16150.83,15,950,2234
16150.94,15,950,2234
16160.11,22,957,2234
16160.22,22,957,2234
16160.33,22,957,2234
16160.44,22,957,2234
16160.55,22,957,2234
16160.66,22,957,2234
16160.77,22,957,2234
16160.88,22,957,2234
16160.99,22,957,2234
16170.03,23,958,2234
16170.14,23,958,2234
16170.25,23,958,2234
16170.36,23,958,2234
16170.47,23,958,2234
16170.58,23,958,2234
16170.69,23,958,2234
16170.80,23,958,2234
16170.91,23,958,2234
16180.08,23,958,2234
16180.19,23,958,2234
16180.30,23,958,2234
16180.41,23,958,2234
16180.52,23,958,2234
16180.63,23,958,2234
16180.74,23,958,2234
16180.85,23,958,2234
16180.96,23,958,2234
16190.03,24,959,2234
16190.14,24,959,2234
16190.25,24,959,2234
16190.36,24,959,2234
16190.47,24,959,2234
16190.58,24,959,2234
16190.69,24,959,2234
16190.80,24,959,2234
16190.91,24,959,2234
16200.06,24,959,2234
16200.17,24,959,2234
16200.28,24,959,2234
16200.39,24,959,2234
16200.50,24,959,2234
16200.61,24,959,2234
16200.72,24,959,2234
16200.83,24,959,2234
16200.94,24,959,2234
16210.10,24,959,2234
16210.21,24,959,2234
16210.32,24,959,2234
16210.43,24,959,2234
16210.54,24,959,2234
16210.65,24,959,2234
16210.76,24,959,2234
16210.87,24,959,2234
16210.98,24,959,2234
16220.07,24,959,2234
16220.18,24,959,2234
16220.29,24,959,2234
16220.40,24,959,2234
16220.51,24,959,2234
16220.62,24,959,2234
16220.73,24,959,2234
16220.84,24,959,2234
16220.95,24,959,2234
16230.02,23,959,2235
16230.13,23,959,2235
16230.24,23,959,2235
16230.35,23,959,2235
16230.46,23,959,2235
16230.57,23,959,2235
16230.68,23,959,2235
16230.79,23,959,2235
16230.90,23,959,2235
16240.07,23,959,2235
16240.18,23,959,2235
16240.29,23,959,2235
16240.40,23,959,2235
16240.51,23,959,2235
16240.62,23,959,2235
16240.73,23,959,2235
16240.84,23,959,2235
16240.95,23,959,2235
16250.02,21,959,2237
16250.13,21,959,2237
16250.24,21,959,2237
16250.35,21,959,2237
16250.46,21,959,2237
16250.57,21,959,2237
16250.69,21,959,2237
16250.80,21,959,2237
16250.91,21,959,2237
16260.05,20,959,2238
16260.17,20,959,2238
16260.28,20,959,2238
16260.38,20,959,2238
16260.50,20,959,2238
16260.61,20,959,2238
16260.72,20,959,2238
16260.83,20,959,2238
16260.94,20,959,2238
16270.02,20,959,2238
16270.13,20,959,2238
16270.24,20,959,2238
16270.35,20,959,2238
16270.46,20,959,2238
16270.57,20,959,2238
16270.68,20,959,2238
16270.79,20,959,2238
16270.90,20,959,2238
16280.07,20,959,2238
16280.18,20,959,2238
16280.29,9,959,2249
16280.40,9,959,2249
16280.51,9,959,2249
16280.62,9,959,2249
16280.73,9,959,2249
16280.84,9,959,2249
16280.95,9,959,2249
16290.11,16,960,2254
16290.22,16,960,2254
16290.33,17,961,2254
16290.44,17,961,2254
16290.55,17,961,2254
16290.66,17,961,2254
16290.77,17,961,2254
16290.88,17,961,2254
16300.05,21,966,2255
16300.16,21,966,2255
16300.27,21,966,2255
16300.38,21,966,2255
16300.49,21,966,2255
16300.60,21,966,2255
16300.71,21,966,2255
16300.82,21,966,2255
16300.93,21,966,2255
16310.02,20,966,2256
16310.12,20,966,2256
16310.23,20,966,2256
16310.34,20,966,2256
16310.46,20,966,2256
16310.57,20,966,2256
16310.68,20,966,2256
16310.78,20,966,2256
16310.90,20,966,2256
16320.04,20,966,2256
16320.15,20,966,2256
16320.26,20,966,2256
16320.40,20,966,2256
16320.51,20,966,2256
16320.62,20,966,2256
16320.73,20,966,2256
16320.84,20,966,2256
16320.95,20,966,2256
16330.11,20,966,2256
16330.22,20,966,2256
16330.33,20,966,2256
16330.44,20,966,2256
16330.55,20,966,2256
16330.66,20,966,2256
16330.77,20,966,2256
16330.88,20,966,2256
16330.99,20,966,2256
16340.05,20,966,2256
16340.16,20,966,2256
16340.27,20,966,2256
16340.38,20,966,2256
16340.49,20,966,2256
16340.60,20,966,2256
16340.71,20,966,2256
16340.82,20,966,2256
16340.93,20,966,2256
16350.11,20,966,2256
16350.22,20,966,2256
16350.33,20,966,2256
16350.44,20,966,2256
16350.55,20,966,2256
16350.66,20,966,2256
16350.78,20,966,2256
16350.89,20,966,2256
16351.00,20,966,2256
16360.04,20,966,2256
16360.15,20,966,2256
16360.26,20,966,2256
16360.37,20,966,2256
16360.48,20,966,2256
16360.59,20,966,2256
16360.70,20,966,2256
16360.81,20,966,2256
16360.92,20,966,2256
16370.10,20,966,2256
16370.21,20,966,2256
16370.32,20,966,2256
16370.43,20,966,2256
16370.54,20,966,2256
16370.65,20,966,2256
16370.76,20,966,2256
16370.87,20,966,2256
16370.98,20,966,2256
16380.06,19,966,2257
16380.17,19,966,2257
16380.28,19,966,2257
16380.39,19,966,2257
16380.50,19,966,2257
16380.61,19,966,2257
16380.72,19,966,2257
16380.83,19,966,2257
16380.94,19,966,2257
16390.09,19,966,2257
16390.20,19,966,2257
16390.31,19,966,2257
16390.41,19,966,2257
16390.53,19,966,2257
16390.64,19,966,2257
16390.74,19,966,2257
16390.85,19,966,2257
16390.97,19,966,2257
16400.02,19,966,2257
16400.13,19,966,2257
16400.24,19,966,2257
16400.35,19,966,2257
16400.46,19,966,2257
16400.57,19,966,2257
16400.68,19,966,2257
16400.79,19,966,2257
16400.90,19,966,2257
16410.09,18,966,2258
16410.20,18,966,2258
16410.31,18,966,2258
16410.42,18,966,2258
16410.53,18,966,2258
16410.64,18,966,2258
16410.75,18,966,2258
16410.86,18,966,2258
16410.97,18,966,2258
16420.01,18,966,2258
16420.12,18,966,2258
16420.23,18,966,2258
16420.34,18,966,2258
16420.45,18,966,2258
16420.56,18,966,2258
16420.67,18,966,2258
16420.78,18,966,2258
16420.89,18,966,2258
16421.00,18,966,2258
16430.05,16,967,2272
16430.16,16,967,2272
16430.27,16,967,2272
16430.38,16,967,2272
16430.49,16,967,2272
16430.60,16,967,2272
16430.71,16,967,2272
16430.82,16,967,2272
16430.92,16,967,2272
16440.10,20,971,2272
16440.21,20,971,2272
16440.32,20,971,2272
16440.43,20,971,2272
16440.54,20,971,2272
16440.65,20,971,2272
16440.76,20,971,2272
16440.87,20,971,2272
16440.98,20,971,2272
16450.03,21,972,2272
16450.14,21,972,2272
16450.25,21,972,2272
16450.36,21,972,2272
16450.47,21,972,2272
16450.58,21,972,2272
16450.69,21,972,2272
16450.80,21,972,2272
16450.91,21,972,2272
16460.09,24,975,2272
16460.20,24,975,2272
16460.31,24,975,2272
16460.42,24,975,2272
16460.53,24,975,2272
16460.64,24,975,2272
16460.75,24,975,2272
16460.86,24,975,2272
16460.97,24,975,2272
16470.04,24,975,2272
16470.15,24,975,2272
16470.26,24,975,2272
16470.37,24,975,2272
16470.48,24,975,2272
16470.59,24,975,2272
16470.70,24,975,2272
16470.81,24,975,2272
16470.92,24,975,2272
16480.07,24,975,2272
16480.18,24,975,2272
16480.29,24,975,2272
16480.40,24,975,2272
16480.51,24,975,2272
16480.62,24,975,2272
16480.73,24,975,2272
16480.84,24,975,2272
16480.95,24,975,2272
16490.02,24,975,2272
16490.13,24,975,2272
16490.24,24,975,2272
16490.35,24,975,2272
16490.46,24,975,2272
16490.57,24,975,2272
16490.68,24,975,2272
16490.79,24,975,2272
16490.90,24,975,2272
16500.08,24,975,2272
16500.19,24,975,2272
16500.30,24,975,2272
16500.40,24,975,2272
16500.51,24,975,2272
16500.62,24,975,2272
16500.73,24,975,2272
16500.84,24,975,2272
16500.95,24,975,2272
16510.09,24,975,2272
16510.20,24,975,2272
16510.31,24,975,2272
16510.42,24,975,2272
16510.53,24,975,2272
16510.64,24,975,2272
16510.75,24,975,2272
16510.86,24,975,2272
16510.97,23,975,2273
16520.02,20,975,2276
16520.13,20,975,2276
16520.24,20,975,2276
16520.35,20,975,2276
16520.46,20,975,2276
16520.57,20,975,2276
16520.68,20,975,2276
16520.79,20,975,2276
16520.90,20,975,2276
16530.05,20,975,2276
16530.16,20,975,2276
16530.27,20,975,2276
16530.38,20,975,2276
16530.50,20,975,2276
16530.60,20,975,2276
16530.71,20,975,2276
16530.82,20,975,2276
16530.93,20,975,2276
16540.08,20,975,2276
16540.19,20,975,2276
16540.30,20,975,2276
16540.41,20,975,2276
16540.52,20,975,2276
16540.66,20,975,2276
16540.77,20,975,2276
16540.88,20,975,2276
16540.99,20,975,2276
16550.02,20,975,2276
16550.14,20,975,2276
16550.24,20,975,2276
16550.35,20,975,2276
16550.46,20,975,2276
16550.57,20,975,2276
16550.68,20,975,2276
16550.79,20,975,2276
16550.90,20,975,2276
16560.07,9,975,2287
16560.18,9,975,2287
16560.29,9,975,2287
16560.40,9,975,2287
16560.51,9,975,2287
16560.62,9,975,2287
16560.73,9,975,2287
16560.84,9,975,2287
16560.95,8,975,2288
16570.01,6,975,2290
16570.12,6,975,2290
16570.24,6,975,2290
16570.34,6,975,2290
16570.46,6,975,2290
16570.56,6,975,2290
16570.68,6,975,2290
16570.79,6,975,2290
16570.90,6,975,2290
16580.04,18,979,2293
16580.15,18,979,2293
16580.26,18,979,2293
16580.37,18,979,2293
16580.48,18,979,2293
16580.59,18,979,2293
16580.70,18,979,2293
16580.81,18,979,2293
16580.92,18,979,2293
16590.08,20,982,2294
16590.19,20,982,2294
16590.31,20,982,2294
16590.41,20,982,2294
16590.53,20,982,2294
16590.64,20,982,2294
16590.75,20,982,2294
16590.86,20,982,2294
16590.96,20,982,2294
16600.04,20,982,2294
16600.15,20,982,2294
16600.26,20,982,2294
16600.37,20,982,2294
16600.48,20,982,2294
16600.59,20,982,2294
16600.70,20,982,2294
16600.81,20,982,2294
16600.92,20,982,2294
16610.08,21,983,2294
16610.19,21,983,2294
16610.30,21,983,2294
16610.41,21,983,2294
16610.52,21,983,2294
16610.63,21,983,2294
16610.74,21,983,2294
16610.85,21,983,2294
16610.96,21,983,2294
16620.02,21,983,2294
16620.13,21,983,2294
16620.24,21,983,2294
16620.35,21,983,2294
16620.46,21,983,2294
16620.57,21,983,2294
16620.68,21,983,2294
16620.79,21,983,2294
16620.90,21,983,2294
16630.09,21,983,2294
16630.20,21,983,2294
16630.31,21,983,2294
16630.42,21,983,2294
16630.53,21,983,2294
16630.64,21,983,2294
16630.75,21,983,2294
16630.86,21,983,2294
16630.97,21,983,2294
16640.01,21,983,2294
16640.12,21,983,2294
16640.23,21,983,2294
16640.34,21,983,2294
16640.45,21,983,2294
16640.56,21,983,2294
16640.67,21,983,2294
16640.78,21,983,2294
16640.89,21,983,2294
16641.00,21,983,2294
16650.05,21,983,2294
16650.16,21,983,2294
16650.28,21,983,2294
16650.39,21,983,2294
16650.50,21,983,2294
16650.61,21,983,2294
16650.72,21,983,2294
16650.83,21,983,2294
16650.94,21,983,2294
16660.11,21,983,2294
16660.22,21,983,2294
16660.33,21,983,2294
16660.44,21,983,2294
16660.55,21,983,2294
16660.66,21,983,2294
16660.77,21,983,2294
16660.88,21,983,2294
16660.99,21,983,2294
16670.02,21,983,2294
16670.13,21,983,2294
16670.24,21,983,2294
16670.35,21,983,2294
16670.46,21,983,2294
16670.57,21,983,2294
16670.68,21,983,2294
16670.79,21,983,2294
16670.90,21,983,2294
16680.09,19,983,2296
16680.20,19,983,2296
16680.31,19,983,2296
16680.42,19,983,2296
16680.53,19,983,2296
16680.64,19,983,2296
16680.75,19,983,2296
16680.86,19,983,2296
16680.97,19,983,2296
16690.03,19,983,2296
16690.14,19,983,2296
16690.25,19,983,2296
16690.36,19,983,2296
16690.47,19,983,2296
16690.58,19,983,2296
16690.69,19,983,2296
16690.80,19,983,2296
16690.91,19,983,2296
16700.07,19,983,2296
16700.18,19,983,2296
16700.29,19,983,2296
16700.40,19,983,2296
16700.51,19,983,2296
16700.62,19,983,2296
16700.74,19,983,2296
16700.84,19,983,2296
16700.95,19,983,2296
16710.03,8,983,2307
16710.14,8,983,2307
16710.25,8,983,2307
16710.36,8,983,2307
16710.47,8,983,2307
16710.58,8,983,2307
16710.69,7,983,2308
16710.80,7,983,2308
16710.91,7,983,2308
16720.08,16,984,2311
16720.19,16,984,2311
16720.30,16,984,2311
16720.41,16,984,2311
16720.52,16,984,2311
16720.63,17,985,2311
16720.74,17,985,2311
16720.85,17,985,2311
16720.96,17,985,2311
16730.11,20,989,2312
16730.22,20,989,2312
16730.33,20,989,2312
16730.44,20,989,2312
16730.55,20,989,2312
16730.66,20,989,2312
16730.77,20,989,2312
16730.88,20,989,2312
16730.99,20,989,2312
16740.06,21,990,2312
16740.17,21,990,2312
16740.28,21,990,2312
16740.39,21,990,2312
16740.50,21,990,2312
16740.61,21,990,2312
16740.72,21,990,2312
16740.83,21,990,2312
16740.94,21,990,2312
16750.02,22,991,2312
16750.13,22,991,2312
16750.24,22,991,2312
16750.35,22,991,2312
16750.46,22,991,2312
16750.57,22,991,2312
16750.68,22,991,2312
16750.79,22,991,2312
16750.90,22,991,2312
16760.06,22,991,2312
16760.17,22,991,2312
16760.28,22,991,2312
16760.39,22,991,2312
16760.50,22,991,2312
16760.61,22,991,2312
16760.72,22,991,2312
16760.83,22,991,2312
16760.97,22,991,2312
16770.02,22,991,2312
16770.13,22,991,2312
16770.24,22,991,2312
16770.35,22,991,2312
16770.47,22,991,2312
16770.57,22,991,2312
16770.68,22,991,2312
16770.79,22,991,2312
16770.90,22,991,2312
16780.08,22,991,2312
16780.19,22,991,2312
16780.30,22,991,2312
16780.41,22,991,2312
16780.52,22,991,2312
16780.63,22,991,2312
16780.74,22,991,2312
16780.85,22,991,2312
16780.96,22,991,2312
16790.12,22,991,2312
16790.23,22,991,2312
16790.37,22,991,2312
16790.48,22,991,2312
16790.59,22,991,2312
16790.70,22,991,2312
16790.82,22,991,2312
16790.93,22,991,2312
16800.06,20,991,2314
16800.17,20,991,2314
16800.28,20,991,2314
16800.39,20,991,2314
16800.50,20,991,2314
16800.61,20,991,2314
16800.72,20,991,2314
16800.83,20,991,2314
16800.94,20,991,2314
16810.01,20,991,2314
16810.12,20,991,2314
16810.24,20,991,2314
16810.36,20,991,2314
16810.46,20,991,2314
16810.57,20,991,2314
16810.68,20,991,2314
16810.79,20,991,2314
16810.90,20,991,2314
16820.07,20,991,2314
16820.18,20,991,2314
16820.29,20,991,2314
16820.40,20,991,2314
16820.51,20,991,2314
16820.63,20,991,2314
16820.74,20,991,2314
16820.85,20,991,2314
16820.96,20,991,2314
16830.08,19,991,2315
16830.20,19,991,2315
16830.32,19,991,2315
16830.43,19,991,2315
16830.54,19,991,2315
16830.65,19,991,2315
16830.76,19,991,2315
16830.87,19,991,2315
16830.98,19,991,2315
16840.09,19,991,2315
16840.20,19,991,2315
16840.33,19,991,2315
16840.44,19,991,2315
16840.55,19,991,2315
16840.66,19,991,2315
16840.77,19,991,2315
16840.88,19,991,2315
16840.99,19,991,2315
16850.05,19,991,2315
16850.16,19,991,2315
16850.27,19,991,2315
16850.40,19,991,2315
16850.51,19,991,2315
16850.62,19,991,2315
16850.73,19,991,2315
16850.84,19,991,2315
16850.95,19,991,2315
16860.08,15,991,2330
16860.19,16,992,2330
16860.30,16,992,2330
16860.41,17,993,2330
16860.52,16,993,2331
16860.63,16,993,2331
16860.74,16,993,2331
16860.85,16,993,2331
16860.96,16,993,2331
16870.01,19,996,2331
16870.12,19,996,2331
16870.23,19,996,2331
16870.34,19,996,2331
16870.45,19,996,2331
16870.56,19,996,2331
16870.67,19,996,2331
16870.78,19,996,2331
16870.89,19,996,2331
16871.00,19,996,2331
16880.06,20,997,2331
16880.17,20,997,2331
16880.30,20,997,2331
16880.41,20,997,2331
16880.52,20,997,2331
16880.63,20,997,2331
16880.74,20,997,2331
16880.85,20,997,2331
16880.96,20,997,2331
16890.10,22,999,2331
16890.21,22,999,2331
16890.32,22,999,2331
16890.43,22,999,2331
16890.54,22,999,2331
16890.65,22,999,2331
16890.76,22,999,2331
16890.87,22,999,2331
16890.98,22,999,2331
16900.06,22,999,2331
16900.17,22,999,2331
16900.28,22,999,2331
16900.39,22,999,2331
16900.50,22,999,2331
16900.61,22,999,2331
16900.72,22,999,2331
16900.83,22,999,2331
16900.94,22,999,2331
16910.01,23,1000,2331
16910.12,23,1000,2331
16910.23,23,1000,2331
16910.34,23,1000,2331
16910.45,23,1000,2331
16910.56,23,1000,2331
16910.68,23,1000,2331
16910.79,23,1000,2331
16910.90,23,1000,2331
16920.05,23,1000,2331
16920.16,23,1000,2331
16920.27,23,1000,2331
16920.38,23,1000,2331
16920.49,23,1000,2331
16920.60,23,1000,2331
16920.72,23,1000,2331
16920.83,23,1000,2331
16920.94,23,1000,2331
16930.11,23,1000,2331
16930.22,23,1000,2331
16930.33,23,1000,2331
16930.44,23,1000,2331
16930.55,23,1000,2331
16930.66,23,1000,2331
16930.77,23,1000,2331
16930.88,23,1000,2331
16930.99,23,1000,2331
16940.08,22,1000,2332
16940.19,22,1000,2332
16940.30,22,1000,2332
16940.41,22,1000,2332
16940.52,22,1000,2332
16940.63,22,1000,2332
16940.74,22,1000,2332
16940.87,22,1000,2332
16940.98,22,1000,2332
16950.02,22,1000,2332
16950.13,22,1000,2332
16950.24,22,1000,2332
16950.35,22,1000,2332
16950.46,22,1000,2332
16950.57,22,1000,2332
16950.68,22,1000,2332
16950.79,22,1000,2332
16950.92,22,1000,2332
16960.09,21,1000,2333
16960.20,21,1000,2333
16960.31,21,1000,2333
16960.43,21,1000,2333
16960.54,21,1000,2333
16960.65,21,1000,2333
16960.75,21,1000,2333
16960.87,21,1000,2333
16960.99,21,1000,2333
16970.06,20,1000,2334
16970.17,20,1000,2334
16970.28,20,1000,2334
16970.39,20,1000,2334
16970.50,20,1000,2334
16970.61,20,1000,2334
16970.73,20,1000,2334
16970.83,20,1000,2334
16970.95,20,1000,2334
16980.11,20,1000,2334
16980.22,20,1000,2334
16980.33,20,1000,2334
16980.44,20,1000,2334
16980.55,20,1000,2334
16980.66,20,1000,2334
16980.77,20,1000,2334
16980.88,20,1000,2334
16981.00,20,1000,2334
16990.07,20,1000,2334
16990.18,20,1000,2334
16990.29,20,1000,2334
16990.40,20,1000,2334
16990.51,20,1000,2334
16990.62,20,1000,2334
16990.73,20,1000,2334
16990.84,20,1000,2334
16990.95,20,1000,2334
17000.02,6,1000,2348
17000.13,6,1000,2348
17000.24,6,1000,2348
17000.35,6,1000,2348
17000.46,6,1000,2348
17000.57,6,1000,2348
17000.68,6,1000,2348
17000.79,6,1000,2348
17000.91,6,1000,2348
17010.04,5,1000,2349
17010.15,5,1000,2349
17010.26,5,1000,2349
17010.37,5,1000,2349
17010.49,5,1000,2349
17010.60,5,1000,2349
17010.70,5,1000,2349
17010.81,5,1000,2349
17010.92,5,1000,2349
17020.10,19,1004,2350
17020.21,19,1004,2350
17020.32,19,1004,2350
17020.43,18,1004,2351
17020.54,18,1004,2351
17020.65,18,1004,2351
17020.76,18,1004,2351
17020.87,18,1004,2351
17020.98,18,1004,2351
17030.06,19,1006,2352
17030.16,19,1006,2352
17030.28,19,1006,2352
17030.39,19,1006,2352
17030.50,19,1006,2352
17030.61,19,1006,2352
17030.72,19,1006,2352
17030.83,19,1006,2352
17030.94,19,1006,2352
17040.11,21,1008,2352
17040.22,21,1008,2352
17040.33,21,1008,2352
17040.47,21,1008,2352
17040.58,21,1008,2352
17040.69,21,1008,2352
17040.80,21,1008,2352
17040.91,21,1008,2352
17050.07,21,1008,2352
17050.18,21,1008,2352
17050.29,21,1008,2352
17050.40,21,1008,2352
17050.51,21,1008,2352
17050.62,21,1008,2352
17050.73,21,1008,2352
17050.84,21,1008,2352
17050.95,21,1008,2352
17060.06,21,1008,2352
17060.17,21,1008,2352
17060.28,21,1008,2352
17060.39,21,1008,2352
17060.50,21,1008,2352
17060.61,21,1008,2352
17060.72,21,1008,2352
17060.83,21,1008,2352
17060.94,21,1008,2352
17070.02,22,1009,2352
17070.13,22,1009,2352
17070.24,22,1009,2352
17070.35,22,1009,2352
17070.46,22,1009,2352
17070.57,22,1009,2352
17070.68,22,1009,2352
17070.79,22,1009,2352
17070.90,22,1009,2352
17080.06,21,1009,2353
17080.18,21,1009,2353
17080.29,21,1009,2353
17080.40,21,1009,2353
17080.51,21,1009,2353
17080.62,21,1009,2353
17080.73,21,1009,2353
17080.84,21,1009,2353
17080.95,21,1009,2353
17090.04,21,1009,2353
17090.15,21,1009,2353
17090.26,21,1009,2353
17090.37,21,1009,2353
17090.48,21,1009,2353
17090.59,21,1009,2353
17090.70,21,1009,2353
17090.82,21,1009,2353
17090.92,21,1009,2353
17100.12,21,1009,2353
17100.23,21,1009,2353
17100.34,21,1009,2353
17100.45,21,1009,2353
17100.56,21,1009,2353
17100.67,21,1009,2353
17100.78,21,1009,2353
17100.89,21,1009,2353
17101.00,21,1009,2353
17110.06,21,1009,2353
17110.17,21,1009,2353
17110.28,21,1009,2353
17110.39,21,1009,2353
17110.50,21,1009,2353
17110.61,21,1009,2353
17110.72,21,1009,2353
17110.83,21,1009,2353
17110.94,21,1009,2353
17120.02,21,1009,2353
17120.13,21,1009,2353
17120.24,21,1009,2353
17120.35,21,1009,2353
17120.47,21,1009,2353
17120.57,21,1009,2353
17120.68,21,1009,2353
17120.79,21,1009,2353
17120.90,21,1009,2353
17130.10,20,1009,2354
17130.21,20,1009,2354
17130.32,20,1009,2354
17130.43,20,1009,2354
17130.54,20,1009,2354
17130.65,20,1009,2354
17130.76,20,1009,2354
17130.87,20,1009,2354
17130.98,20,1009,2354
17140.05,20,1009,2354
17140.16,20,1009,2354
17140.27,20,1009,2354
17140.38,20,1009,2354
17140.49,20,1009,2354
17140.60,20,1009,2354
17140.71,20,1009,2354
17140.82,20,1009,2354
17140.94,20,1009,2354
17150.02,7,1009,2367
17150.13,7,1009,2367
17150.25,7,1009,2367
17150.36,7,1009,2367
17150.47,7,1009,2367
17150.58,7,1009,2367
17150.68,7,1009,2367
17150.80,7,1009,2367
17150.91,7,1009,2367
17160.09,6,1009,2368
17160.20,6,1009,2368
17160.31,6,1009,2368
17160.42,5,1009,2369
17160.53,5,1009,2369
17160.64,5,1009,2369
17160.75,5,1009,2369
17160.86,5,1009,2369
17160.97,5,1009,2369
17170.11,18,1014,2372
17170.22,18,1014,2372
17170.33,18,1014,2372
17170.44,18,1014,2372
17170.55,18,1014,2372
17170.66,18,1014,2372
17170.77,18,1014,2372
17170.88,18,1014,2372
17171.00,18,1014,2372
17180.09,19,1015,2372
17180.20,19,1015,2372
17180.31,19,1015,2372
17180.42,19,1015,2372
17180.53,19,1015,2372
17180.64,19,1015,2372
17180.75,19,1015,2372
17180.86,19,1015,2372
17180.97,19,1015,2372
17190.03,21,1017,2372
17190.14,21,1017,2372
17190.25,21,1017,2372
17190.36,21,1017,2372
17190.47,21,1017,2372
17190.58,21,1017,2372
17190.69,21,1017,2372
17190.80,21,1017,2372
17190.91,21,1017,2372
17200.06,21,1017,2372
17200.17,21,1017,2372
17200.28,21,1017,2372
17200.39,21,1017,2372
17200.50,21,1017,2372
17200.61,21,1017,2372
17200.72,21,1017,2372
17200.83,21,1017,2372
17200.94,21,1017,2372
17210.05,21,1017,2372
17210.16,21,1017,2372
17210.27,21,1017,2372
17210.38,21,1017,2372
17210.49,21,1017,2372
17210.60,21,1017,2372
17210.72,21,1017,2372
17210.82,21,1017,2372
17210.94,21,1017,2372
17220.03,21,1017,2372
17220.14,21,1017,2372
17220.25,21,1017,2372
17220.36,21,1017,2372
17220.47,21,1017,2372
17220.58,21,1017,2372
17220.69,21,1017,2372
17220.80,21,1017,2372
17220.91,21,1017,2372
17230.08,21,1017,2372
17230.20,21,1017,2372
17230.31,21,1017,2372
17230.42,21,1017,2372
17230.53,21,1017,2372
17230.64,21,1017,2372
17230.75,21,1017,2372
17230.86,21,1017,2372
17230.97,21,1017,2372
17240.06,21,1017,2372
17240.17,21,1017,2372
17240.28,21,1017,2372
17240.39,20,1017,2373
17240.50,20,1017,2373
17240.61,20,1017,2373
17240.72,20,1017,2373
17240.83,20,1017,2373
17240.94,20,1017,2373
17250.03,20,1017,2373
17250.14,20,1017,2373
17250.25,20,1017,2373
17250.36,20,1017,2373
17250.47,20,1017,2373
17250.58,20,1017,2373
17250.69,20,1017,2373
17250.80,20,1017,2373
17250.91,20,1017,2373
17260.07,20,1017,2373
17260.18,20,1017,2373
17260.29,20,1017,2373
17260.40,20,1017,2373
17260.51,20,1017,2373
17260.62,20,1017,2373
17260.74,20,1017,2373
17260.85,20,1017,2373
17260.95,20,1017,2373
17270.05,20,1017,2373
17270.16,20,1017,2373
17270.27,20,1017,2373
17270.38,20,1017,2373
17270.49,20,1017,2373
17270.60,20,1017,2373
17270.71,20,1017,2373
17270.82,20,1017,2373
17270.93,20,1017,2373
17280.03,20,1017,2373
17280.14,20,1017,2373
17280.25,20,1017,2373
17280.36,20,1017,2373
17280.47,20,1017,2373
17280.59,20,1017,2373
17280.70,20,1017,2373
17280.80,20,1017,2373
17280.92,20,1017,2373
17290.08,19,1017,2374
17290.19,19,1017,2374
17290.30,19,1017,2374
17290.41,19,1017,2374
17290.52,19,1017,2374
17290.67,19,1017,2374
17290.78,19,1017,2374
17290.89,19,1017,2374
17291.00,19,1017,2374
17300.03,6,1017,2387
17300.14,6,1017,2387
17300.25,6,1017,2387
17300.36,6,1017,2387
17300.47,6,1017,2387
17300.58,6,1017,2387
17300.69,6,1017,2387
17300.80,6,1017,2387
17300.91,6,1017,2387
17310.08,15,1017,2389
17310.19,15,1017,2389
17310.30,15,1017,2389
17310.41,16,1018,2389
17310.52,16,1018,2389
17310.63,16,1018,2389
17310.74,16,1018,2389
17310.85,16,1018,2389
17310.96,17,1019,2389
17320.04,20,1022,2389
17320.15,20,1022,2389
17320.26,20,1022,2389
17320.37,20,1022,2389
17320.48,20,1022,2389
17320.59,20,1022,2389
17320.70,20,1022,2389
17320.81,20,1022,2389
17320.93,20,1022,2389
17330.08,20,1023,2390
17330.19,20,1023,2390
17330.30,20,1023,2390
17330.41,20,1023,2390
17330.52,20,1023,2390
17330.63,20,1023,2390
17330.74,20,1023,2390
17330.85,20,1023,2390
17330.97,20,1023,2390
17340.06,21,1024,2390
17340.17,21,1024,2390
17340.28,21,1024,2390
17340.39,21,1024,2390
17340.50,21,1024,2390
17340.61,21,1024,2390
17340.72,21,1024,2390
17340.83,21,1024,2390
17340.94,21,1024,2390
17350.05,21,1024,2390
17350.16,21,1024,2390
17350.27,21,1024,2390
17350.38,21,1024,2390
17350.49,21,1024,2390
17350.60,21,1024,2390
17350.71,21,1024,2390
17350.82,21,1024,2390
17350.93,21,1024,2390
17360.11,21,1024,2390
17360.22,21,1024,2390
17360.33,21,1024,2390
17360.44,21,1024,2390
17360.57,21,1024,2390
17360.68,21,1024,2390
17360.79,21,1024,2390
17360.90,21,1024,2390
17370.08,21,1024,2390
17370.19,21,1024,2390
17370.30,21,1024,2390
17370.41,21,1024,2390
17370.52,21,1024,2390
17370.63,21,1024,2390
17370.74,21,1024,2390
17370.85,21,1024,2390
17370.96,21,1024,2390
17380.03,21,1024,2390
17380.30,21,1024,2390
17380.41,21,1024,2390
17380.52,21,1024,2390
17380.63,21,1024,2390
17380.74,21,1024,2390
17380.85,21,1024,2390
17380.96,21,1024,2390
17390.02,19,1024,2392
17390.14,19,1024,2392
17390.25,19,1024,2392
17390.36,19,1024,2392
17390.47,19,1024,2392
17390.58,19,1024,2392
17390.69,19,1024,2392
17390.80,19,1024,2392
17390.91,19,1024,2392
17400.11,19,1024,2392
17400.22,19,1024,2392
17400.33,19,1024,2392
17400.45,19,1024,2392
17400.56,19,1024,2392
17400.67,19,1024,2392
17400.78,19,1024,2392
17400.89,19,1024,2392
17401.00,19,1024,2392
17410.04,19,1024,2392
17410.15,19,1024,2392
17410.26,19,1024,2392
17410.37,19,1024,2392
17410.48,19,1024,2392
17410.59,19,1024,2392
17410.70,19,1024,2392
17410.80,19,1024,2392
17410.92,19,1024,2392
17420.11,18,1024,2393
17420.22,18,1024,2393
17420.33,18,1024,2393
17420.44,18,1024,2393
17420.55,18,1024,2393
17420.66,18,1024,2393
17420.77,18,1024,2393
17420.88,18,1024,2393
17420.99,18,1024,2393
17430.06,18,1024,2393
17430.17,18,1024,2393
17430.28,18,1024,2393
17430.39,18,1024,2393
17430.50,18,1024,2393
17430.61,18,1024,2393
17430.72,18,1024,2393
17430.83,18,1024,2393
17430.94,18,1024,2393
17440.01,18,1024,2393
17440.12,18,1024,2393
17440.23,18,1024,2393
17440.34,18,1024,2393
17440.45,18,1024,2393
17440.56,18,1024,2393
17440.67,18,1024,2393
17440.78,18,1024,2393
17440.89,18,1024,2393
17450.09,5,1024,2406
17450.20,5,1024,2406
17450.32,5,1024,2406
17450.42,5,1024,2406
17450.54,5,1024,2406
17450.65,5,1024,2406
17450.76,5,1024,2406
17450.87,5,1024,2406
17450.98,5,1024,2406
17460.08,17,1026,2407
17460.19,17,1026,2407
17460.30,17,1026,2407
17460.41,17,1026,2407
17460.52,17,1026,2407
17460.63,17,1026,2407
17460.74,17,1026,2407
17460.85,17,1026,2407
17460.96,17,1026,2407
17470.06,20,1029,2407
17470.17,20,1029,2407
17470.28,20,1029,2407
17470.39,20,1029,2407
17470.50,20,1029,2407
17470.62,20,1029,2407
17470.73,20,1029,2407
17470.84,20,1029,2407
17470.95,20,1029,2407
17480.10,20,1029,2407
17480.21,20,1029,2407
17480.32,20,1029,2407
17480.43,20,1029,2407
17480.54,20,1029,2407
17480.65,20,1029,2407
17480.76,20,1029,2407
17480.87,20,1029,2407
17480.99,20,1029,2407
17490.09,21,1030,2407
17490.20,21,1030,2407
17490.31,21,1030,2407
17490.42,22,1031,2407
17490.53,22,1031,2407
17490.64,22,1031,2407
17490.75,22,1031,2407
17490.86,22,1031,2407
17490.97,22,1031,2407
17500.07,23,1032,2407
17500.18,23,1032,2407
17500.29,23,1032,2407
17500.40,23,1032,2407
17500.51,23,1032,2407
17500.62,23,1032,2407
17500.73,23,1032,2407
17500.84,23,1032,2407
17500.95,23,1032,2407
17510.03,23,1032,2407
17510.14,23,1032,2407
17510.25,23,1032,2407
17510.36,23,1032,2407
17510.47,23,1032,2407
17510.59,23,1032,2407
17510.70,23,1032,2407
17510.81,23,1032,2407
17510.92,23,1032,2407
17520.01,23,1032,2407
17520.12,23,1032,2407
17520.23,23,1032,2407
17520.34,23,1032,2407
17520.45,23,1032,2407
17520.56,23,1032,2407
17520.67,23,1032,2407
17520.78,23,1032,2407
17520.89,23,1032,2407
17521.00,23,1032,2407
17530.01,23,1032,2407
17530.12,23,1032,2407
17530.23,23,1032,2407
17530.34,23,1032,2407
17530.45,23,1032,2407
17530.56,23,1032,2407
17530.67,23,1032,2407
17530.78,22,1032,2408
17530.89,22,1032,2408
17540.07,21,1032,2409
17540.18,21,1032,2409
17540.29,21,1032,2409
17540.40,21,1032,2409
17540.51,21,1032,2409
17540.62,21,1032,2409
17540.73,21,1032,2409
17540.84,21,1032,2409
17540.95,21,1032,2409
17550.04,20,1032,2410
17550.15,20,1032,2410
17550.26,20,1032,2410
17550.37,20,1032,2410
17550.48,20,1032,2410
17550.59,20,1032,2410
17550.70,20,1032,2410
17550.81,20,1032,2410
17550.92,20,1032,2410
17560.10,19,1032,2411
17560.21,19,1032,2411
17560.32,19,1032,2411
17560.43,19,1032,2411
17560.54,19,1032,2411
17560.65,19,1032,2411
17560.76,19,1032,2411
17560.87,19,1032,2411
17560.98,19,1032,2411
17570.04,19,1032,2411
17570.15,19,1032,2411
17570.26,19,1032,2411
17570.37,19,1032,2411
17570.48,19,1032,2411
17570.59,19,1032,2411
17570.70,19,1032,2411
17570.84,19,1032,2411
17570.96,19,1032,2411
17580.02,19,1032,2411
17580.13,19,1032,2411
17580.24,19,1032,2411
17580.35,19,1032,2411
17580.46,19,1032,2411
17580.57,19,1032,2411
17580.68,19,1032,2411
17580.79,19,1032,2411
17580.90,19,1032,2411
17590.01,7,1032,2423
17590.12,7,1032,2423
17590.23,7,1032,2423
17590.34,7,1032,2423
17590.45,7,1032,2423
17590.56,7,1032,2423
17590.67,7,1032,2423
17590.78,7,1032,2423
17590.89,7,1032,2423
17591.00,7,1032,2423
17600.05,16,1033,2426
17600.16,16,1033,2426
17600.30,16,1033,2426
17600.41,16,1033,2426
17600.52,16,1033,2426
17600.63,16,1033,2426
17600.74,16,1033,2426
17600.85,16,1033,2426
17600.96,16,1033,2426
17610.03,20,1037,2426
17610.14,21,1038,2426
17610.25,21,1038,2426
17610.36,21,1038,2426
17610.47,21,1038,2426
17610.58,21,1038,2426
17610.69,21,1038,2426
17610.80,21,1038,2426
17610.91,21,1038,2426
17620.05,21,1038,2426
17620.16,21,1038,2426
17620.27,21,1038,2426
17620.38,21,1038,2426
17620.49,21,1038,2426
17620.60,21,1038,2426
17620.71,21,1038,2426
17620.82,21,1038,2426
17620.93,20,1038,2427
17630.03,20,1038,2427
17630.14,20,1038,2427
17630.25,20,1038,2427
17630.36,20,1038,2427
17630.47,20,1038,2427
17630.58,20,1038,2427
17630.69,20,1038,2427
17630.80,20,1038,2427
17630.91,20,1038,2427
17640.08,22,1040,2427
17640.19,22,1040,2427
17640.30,22,1040,2427
17640.41,22,1040,2427
17640.52,22,1040,2427
17640.63,22,1040,2427
17640.74,22,1040,2427
17640.85,22,1040,2427
17640.96,22,1040,2427
17650.08,22,1040,2427
17650.18,22,1040,2427
17650.29,22,1040,2427
17650.40,22,1040,2427
17650.52,22,1040,2427
17650.63,22,1040,2427
17650.74,22,1040,2427
17650.85,22,1040,2427
17650.96,22,1040,2427
17660.06,22,1040,2427
17660.17,22,1040,2427
17660.28,22,1040,2427
17660.39,22,1040,2427
17660.50,22,1040,2427
17660.61,22,1040,2427
17660.72,22,1040,2427
17660.83,22,1040,2427
17660.94,22,1040,2427
17670.03,22,1040,2427
17670.14,22,1040,2427
17670.25,22,1040,2427
17670.36,22,1040,2427
17670.47,22,1040,2427
17670.58,22,1040,2427
17670.69,22,1040,2427
17670.80,22,1040,2427
17670.91,22,1040,2427
17680.02,21,1040,2428
17680.13,21,1040,2428
17680.24,21,1040,2428
17680.35,21,1040,2428
17680.46,21,1040,2428
17680.57,21,1040,2428
17680.68,21,1040,2428
17680.79,21,1040,2428
17680.90,21,1040,2428
17690.12,21,1040,2428
17690.23,21,1040,2428
17690.34,21,1040,2428
17690.45,21,1040,2428
17690.56,21,1040,2428
17690.67,21,1040,2428
17690.78,21,1040,2428
17690.89,21,1040,2428
17691.00,21,1040,2428
17700.07,21,1040,2428
17700.17,21,1040,2428
17700.28,21,1040,2428
17700.39,21,1040,2428
17700.50,21,1040,2428
17700.61,21,1040,2428
17700.72,21,1040,2428
17700.83,21,1040,2428
17700.94,21,1040,2428
17710.05,21,1040,2428
17710.17,21,1040,2428
17710.28,21,1040,2428
17710.39,21,1040,2428
17710.50,21,1040,2428
17710.61,21,1040,2428
17710.72,21,1040,2428
17710.83,21,1040,2428
17710.94,21,1040,2428
17720.04,19,1040,2430
17720.17,19,1040,2430
17720.28,19,1040,2430
17720.38,19,1040,2430
17720.49,19,1040,2430
17720.60,19,1040,2430
17720.71,19,1040,2430
17720.82,19,1040,2430
17720.93,19,1040,2430
17730.01,19,1040,2430
17730.12,19,1040,2430
17730.23,19,1040,2430
17730.34,19,1040,2430
17730.45,19,1040,2430
17730.56,19,1040,2430
17730.67,19,1040,2430
17730.78,19,1040,2430
17730.89,19,1040,2430
17731.00,19,1040,2430
17740.08,17,1042,2445
17740.19,17,1042,2445
17740.30,17,1042,2445
17740.41,17,1042,2445
17740.52,17,1042,2445
17740.63,17,1042,2445
17740.74,17,1042,2445
17740.85,17,1042,2445
17740.96,17,1042,2445
17750.06,20,1045,2445
17750.17,20,1045,2445
17750.28,20,1045,2445
17750.39,20,1045,2445
17750.50,20,1045,2445
17750.61,20,1045,2445
17750.74,20,1045,2445
17750.85,20,1045,2445
17750.96,20,1045,2445
17760.05,20,1045,2445
17760.17,20,1045,2445
17760.27,20,1045,2445
17760.38,20,1045,2445
17760.49,20,1045,2445
17760.61,20,1045,2445
17760.72,20,1045,2445
17760.83,20,1045,2445
17760.94,20,1045,2445
17770.05,22,1048,2446
17770.16,22,1048,2446
17770.27,22,1048,2446
17770.38,22,1048,2446
17770.49,22,1048,2446
17770.61,22,1048,2446
17770.72,22,1048,2446
17770.83,22,1048,2446
17770.95,22,1048,2446
17780.04,22,1048,2446
17780.15,22,1048,2446
17780.26,22,1048,2446
17780.37,22,1048,2446
17780.48,22,1048,2446
17780.59,22,1048,2446
17780.70,22,1048,2446
17780.81,22,1048,2446
17780.92,22,1048,2446
17790.11,22,1048,2446
17790.22,22,1048,2446
17790.33,22,1048,2446
17790.44,22,1048,2446
17790.55,22,1048,2446
17790.66,22,1048,2446
17790.77,22,1048,2446
17790.88,22,1048,2446
17790.99,22,1048,2446
17800.09,22,1048,2446
17800.20,22,1048,2446
17800.31,22,1048,2446
17800.42,22,1048,2446
17800.53,22,1048,2446
17800.64,22,1048,2446
17800.75,22,1048,2446
17800.87,22,1048,2446
17800.98,22,1048,2446
17810.08,22,1048,2446
17810.19,22,1048,2446
17810.30,22,1048,2446
17810.41,22,1048,2446
17810.52,22,1048,2446
17810.63,22,1048,2446
17810.74,22,1048,2446
17810.85,22,1048,2446
17810.96,22,1048,2446
17820.05,22,1048,2446
17820.16,22,1048,2446
17820.27,22,1048,2446
17820.38,22,1048,2446
17820.49,22,1048,2446
17820.60,22,1048,2446
17820.71,22,1048,2446
17820.82,22,1048,2446
17820.93,22,1048,2446
17830.04,21,1048,2447
17830.23,21,1048,2447
17830.34,21,1048,2447
17830.45,21,1048,2447
17830.56,21,1048,2447
17830.67,21,1048,2447
17830.78,21,1048,2447
17830.90,21,1048,2447
17840.02,20,1048,2448
17840.13,20,1048,2448
17840.24,20,1048,2448
17840.35,20,1048,2448
17840.46,20,1048,2448
17840.57,20,1048,2448
17840.68,20,1048,2448
17840.79,20,1048,2448
17840.90,20,1048,2448
17850.08,20,1048,2448
17850.19,20,1048,2448
17850.30,20,1048,2448
17850.41,20,1048,2448
17850.53,20,1048,2448
17850.64,20,1048,2448
17850.75,20,1048,2448
17850.86,20,1048,2448
17850.97,20,1048,2448
17860.07,19,1048,2449
17860.18,19,1048,2449
17860.29,19,1048,2449
17860.40,19,1048,2449
17860.51,19,1048,2449
17860.62,19,1048,2449
17860.73,19,1048,2449
17860.85,19,1048,2449
17860.96,19,1048,2449
17870.05,19,1048,2449
17870.16,19,1048,2449
17870.27,19,1048,2449
17870.38,19,1048,2449
17870.49,19,1048,2449
17870.60,19,1048,2449
17870.71,19,1048,2449
17870.82,9,1048,2459
17870.93,9,1048,2459
17880.11,6,1048,2462
17880.22,6,1048,2462
17880.33,6,1048,2462
17880.44,6,1048,2462
17880.55,6,1048,2462
17880.66,6,1048,2462
17880.80,6,1048,2462
17880.91,6,1048,2462
17890.07,18,1051,2464
17890.18,18,1051,2464
17890.29,18,1051,2464
17890.40,18,1051,2464
17890.51,18,1051,2464
17890.63,18,1051,2464
17890.73,18,1051,2464
17890.85,19,1052,2464
17890.96,19,1052,2464
17900.03,21,1055,2465
17900.14,21,1055,2465
17900.25,21,1055,2465
17900.36,21,1055,2465
17900.47,21,1055,2465
17900.58,21,1055,2465
17900.69,21,1055,2465
17900.80,21,1055,2465
17900.91,21,1055,2465
17910.10,21,1055,2465
17910.24,21,1055,2465
17910.35,21,1055,2465
17910.46,21,1055,2465
17910.57,21,1055,2465
17910.68,21,1055,2465
17910.79,21,1055,2465
17910.90,21,1055,2465
17920.08,21,1055,2465
17920.19,21,1055,2465
17920.30,21,1055,2465
17920.41,21,1055,2465
17920.54,21,1055,2465
17920.65,21,1055,2465
17920.76,21,1055,2465
17920.87,21,1055,2465
17920.98,21,1055,2465
17930.09,21,1055,2465
17930.20,21,1055,2465
17930.31,21,1055,2465
17930.42,21,1055,2465
17930.53,21,1055,2465
17930.64,21,1055,2465
17930.75,21,1055,2465
17930.86,21,1055,2465
17930.97,21,1055,2465
17940.10,21,1055,2465
17940.21,21,1055,2465
17940.32,21,1055,2465
17940.43,21,1055,2465
17940.54,21,1055,2465
17940.65,21,1055,2465
17940.76,21,1055,2465
17940.87,21,1055,2465
17940.98,21,1055,2465
17950.05,21,1055,2465
17950.16,21,1055,2465
17950.27,21,1055,2465
17950.38,21,1055,2465
17950.49,21,1055,2465
17950.60,21,1055,2465
17950.72,21,1055,2465
17950.83,21,1055,2465
17950.94,21,1055,2465
17960.05,20,1055,2466
17960.16,20,1055,2466
17960.27,20,1055,2466
17960.38,20,1055,2466
17960.49,20,1055,2466
17960.60,20,1055,2466
17960.71,20,1055,2466
17960.82,20,1055,2466
17960.93,20,1055,2466
17970.05,20,1055,2466
17970.16,20,1055,2466
17970.27,20,1055,2466
17970.39,20,1055,2466
17970.50,20,1055,2466
17970.62,20,1055,2466
17970.73,20,1055,2466
17970.83,20,1055,2466
17970.95,20,1055,2466
17980.03,20,1055,2466
17980.14,20,1055,2466
17980.25,20,1055,2466
17980.36,20,1055,2466
17980.48,20,1055,2466
17980.59,20,1055,2466
17980.70,20,1055,2466
17980.81,20,1055,2466
17980.93,20,1055,2466
17990.04,18,1055,2468
17990.15,18,1055,2468
17990.26,18,1055,2468
17990.37,18,1055,2468
17990.48,18,1055,2468
17990.59,18,1055,2468
17990.71,18,1055,2468
17990.82,18,1055,2468
17990.93,18,1055,2468
18000.02,18,1055,2468
18000.13,18,1055,2468
18000.24,18,1055,2468
18000.35,18,1055,2468
18000.47,18,1055,2468
18000.58,18,1055,2468
18000.69,18,1055,2468
18000.80,18,1055,2468
18000.91,18,1055,2468
18010.02,18,1055,2468
18010.13,18,1055,2468
18010.24,18,1055,2468
18010.35,18,1055,2468
18010.46,18,1055,2468
18010.57,18,1055,2468
18010.68,18,1055,2468
18010.79,18,1055,2468
18010.90,18,1055,2468
18020.01,5,1055,2481
18020.13,5,1055,2481
18020.24,5,1055,2481
18020.35,5,1055,2481
18020.46,5,1055,2481
18020.57,5,1055,2481
18020.68,5,1055,2481
18020.79,5,1055,2481
18020.90,5,1055,2481
18030.02,18,1058,2482
18030.13,18,1058,2482
18030.24,18,1058,2482
18030.35,18,1058,2482
18030.46,18,1058,2482
18030.57,18,1058,2482
18030.68,18,1058,2482
18030.79,19,1059,2482
18030.90,19,1059,2482
18040.09,21,1061,2482
18040.20,21,1061,2482
18040.31,21,1061,2482
18040.42,21,1061,2482
18040.53,21,1061,2482
18040.64,21,1061,2482
18040.75,21,1061,2482
18040.86,21,1061,2482
18040.97,21,1061,2482
18050.09,21,1061,2482
18050.20,21,1061,2482
18050.31,21,1061,2482
18050.42,21,1061,2482
18050.54,21,1061,2482
18050.65,21,1061,2482
18050.76,21,1061,2482
18050.87,21,1061,2482
18050.98,21,1061,2482
18060.11,21,1061,2482
18060.22,21,1061,2482
18060.33,21,1061,2482
18060.44,21,1061,2482
18060.55,21,1061,2482
18060.66,21,1061,2482
18060.77,21,1061,2482
18060.88,21,1061,2482
18060.99,21,1061,2482
18070.12,22,1062,2482
18070.24,22,1062,2482
18070.35,22,1062,2482
18070.46,22,1062,2482
18070.57,22,1062,2482
18070.68,22,1062,2482
18070.79,22,1062,2482
18070.90,22,1062,2482
18080.11,22,1062,2482
18080.22,22,1062,2482
18080.33,22,1062,2482
18080.44,22,1062,2482
18080.55,22,1062,2482
18080.66,22,1062,2482
18080.78,22,1062,2482
18080.89,22,1062,2482
18080.99,22,1062,2482
18090.11,22,1062,2482
18090.22,22,1062,2482
18090.33,22,1062,2482
18090.44,22,1062,2482
18090.55,22,1062,2482
18090.66,22,1062,2482
18090.77,22,1062,2482
18090.88,22,1062,2482
18090.99,22,1062,2482
18100.09,22,1062,2482
18100.20,22,1062,2482
18100.31,22,1062,2482
18100.43,22,1062,2482
18100.54,22,1062,2482
18100.65,22,1062,2482
18100.76,22,1062,2482
18100.87,22,1062,2482
18100.98,22,1062,2482
18110.09,22,1062,2482
18110.20,22,1062,2482
18110.31,22,1062,2482
18110.43,22,1062,2482
18110.54,22,1062,2482
18110.65,22,1062,2482
18110.76,22,1062,2482
18110.87,22,1062,2482
18110.98,22,1062,2482
18120.10,19,1062,2485
18120.21,19,1062,2485
18120.32,19,1062,2485
18120.43,19,1062,2485
18120.54,19,1062,2485
18120.65,19,1062,2485
18120.76,19,1062,2485
18120.87,19,1062,2485
18120.99,19,1062,2485
18130.09,18,1062,2486
18130.20,18,1062,2486
18130.31,18,1062,2486
18130.42,18,1062,2486
18130.53,18,1062,2486
18130.64,18,1062,2486
18130.75,18,1062,2486
18130.86,18,1062,2486
18130.97,18,1062,2486
18140.08,18,1062,2486
18140.19,18,1062,2486
18140.31,18,1062,2486
18140.41,18,1062,2486
18140.53,18,1062,2486
18140.64,18,1062,2486
18140.75,18,1062,2486
18140.86,18,1062,2486
18140.97,18,1062,2486
18150.05,18,1062,2486
18150.16,18,1062,2486
18150.27,18,1062,2486
18150.38,18,1062,2486
18150.49,18,1062,2486
18150.61,18,1062,2486
18150.72,18,1062,2486
18150.83,18,1062,2486
18150.94,18,1062,2486
18160.01,6,1062,2498
18160.12,6,1062,2498
18160.23,6,1062,2498
18160.34,6,1062,2498
18160.45,6,1062,2498
18160.56,6,1062,2498
18160.67,6,1062,2498
18160.78,6,1062,2498
18160.89,6,1062,2498
18161.00,6,1062,2498
18170.10,17,1064,2500
18170.21,17,1064,2500
18170.32,17,1064,2500
18170.43,17,1064,2500
18170.54,17,1064,2500
18170.65,17,1064,2500
18170.76,17,1064,2500
18170.89,17,1064,2500
18171.00,17,1064,2500
18180.10,19,1066,2500
18180.21,19,1066,2500
18180.32,19,1066,2500
18180.43,19,1066,2500
18180.54,19,1066,2500
18180.65,19,1066,2500
18180.76,19,1066,2500
18180.87,19,1066,2500
18181.00,19,1066,2500
18190.09,22,1069,2500
18190.20,22,1069,2500
18190.32,22,1069,2500
18190.43,22,1069,2500
18190.54,22,1069,2500
18190.65,22,1069,2500
18190.79,22,1069,2500
18190.90,22,1069,2500
18200.11,23,1070,2500
18200.23,23,1070,2500
18200.36,23,1070,2500
18200.47,23,1070,2500
18200.58,23,1070,2500
18200.69,23,1070,2500
18200.80,23,1070,2500
18200.91,23,1070,2500
18210.09,23,1070,2500
18210.19,23,1070,2500
18210.31,23,1070,2500
18210.42,23,1070,2500
18210.53,23,1070,2500
18210.64,23,1070,2500
18210.75,23,1070,2500
18210.86,23,1070,2500
18210.98,23,1070,2500
18220.06,23,1070,2500
18220.17,23,1070,2500
18220.28,23,1070,2500
18220.43,23,1070,2500
18220.54,23,1070,2500
18220.65,23,1070,2500
18220.76,23,1070,2500
18220.87,23,1070,2500
18220.98,23,1070,2500
18230.10,23,1070,2500
18230.21,23,1070,2500
18230.32,23,1070,2500
18230.43,23,1070,2500
18230.54,23,1070,2500
18230.65,23,1070,2500
18230.76,23,1070,2500
18230.87,23,1070,2500
18231.00,23,1070,2500
18240.06,23,1070,2500
18240.18,23,1070,2500
18240.29,23,1070,2500
18240.40,23,1070,2500
18240.51,23,1070,2500
18240.62,23,1070,2500
18240.73,23,1070,2500
18240.85,23,1070,2500
18240.98,23,1070,2500
18250.02,22,1070,2501
18250.17,22,1070,2501
18250.28,22,1070,2501
18250.39,22,1070,2501
18250.50,22,1070,2501
18250.61,22,1070,2501
18250.72,22,1070,2501
18250.83,22,1070,2501
18250.94,22,1070,2501
18260.01,20,1070,2503
18260.14,20,1070,2503
18260.25,20,1070,2503
18260.36,20,1070,2503
18260.47,20,1070,2503
18260.58,20,1070,2503
18260.69,20,1070,2503
18260.80,20,1070,2503
18260.91,20,1070,2503
18270.04,20,1070,2503
18270.15,20,1070,2503
18270.26,20,1070,2503
18270.38,20,1070,2503
18270.49,20,1070,2503
18270.60,20,1070,2503
18270.71,20,1070,2503
18270.82,20,1070,2503
18270.93,20,1070,2503
18280.04,20,1070,2503
18280.15,20,1070,2503
18280.27,20,1070,2503
18280.38,20,1070,2503
18280.49,20,1070,2503
18280.60,20,1070,2503
18280.71,20,1070,2503
18280.82,20,1070,2503
18280.93,20,1070,2503
18290.10,20,1070,2503
18290.21,20,1070,2503
18290.32,20,1070,2503
18290.43,20,1070,2503
18290.55,20,1070,2503
18290.67,20,1070,2503
18290.78,20,1070,2503
18290.89,20,1070,2503
18291.00,20,1070,2503
18300.04,7,1070,2516
18300.15,7,1070,2516
18300.26,6,1070,2517
18300.37,6,1070,2517
18300.48,6,1070,2517
18300.59,6,1070,2517
18300.70,6,1070,2517
18300.82,6,1070,2517
18300.93,6,1070,2517
18310.03,5,1070,2518
18310.14,5,1070,2518
18310.25,5,1070,2518
18310.36,5,1070,2518
18310.47,5,1070,2518
18310.58,5,1070,2518
18310.69,5,1070,2518
18310.80,5,1070,2518
18310.91,5,1070,2518
18320.08,16,1071,2519
18320.19,15,1071,2520
18320.30,15,1071,2520
18320.41,15,1071,2520
18320.52,15,1071,2520
18320.64,15,1071,2520
18320.75,15,1071,2520
18320.86,15,1071,2520
18320.98,15,1071,2520
18330.01,17,1073,2520
18330.12,17,1073,2520
18330.23,17,1073,2520
18330.34,17,1073,2520
18330.45,17,1073,2520
18330.57,17,1073,2520
18330.68,17,1073,2520
18330.79,17,1073,2520
18330.90,17,1073,2520
18340.02,20,1076,2520
18340.13,20,1076,2520
18340.24,20,1076,2520
18340.35,20,1076,2520
18340.46,20,1076,2520
18340.57,20,1076,2520
18340.68,20,1076,2520
18340.79,20,1076,2520
18340.90,20,1076,2520
18350.10,21,1077,2520
18350.21,21,1077,2520
18350.33,21,1077,2520
18350.44,21,1077,2520
18350.55,21,1077,2520
18350.67,21,1077,2520
18350.78,21,1077,2520
18350.89,21,1077,2520
18351.00,21,1077,2520
18360.01,21,1077,2520
18360.14,21,1077,2520
18360.25,21,1077,2520
18360.36,21,1077,2520
18360.47,21,1077,2520
18360.58,21,1077,2520
18360.69,21,1077,2520
18360.80,21,1077,2520
18360.91,21,1077,2520
18370.07,21,1077,2520
18370.18,21,1077,2520
18370.29,21,1077,2520
18370.41,21,1077,2520
18370.53,21,1077,2520
18370.64,21,1077,2520
18370.75,21,1077,2520
18370.86,21,1077,2520
18370.97,21,1077,2520
18380.10,21,1077,2520
18380.21,21,1077,2520
18380.32,21,1077,2520
18380.43,21,1077,2520
18380.56,21,1077,2520
18380.67,21,1077,2520
18380.80,21,1077,2520
18380.91,21,1077,2520
18390.08,21,1077,2520
18390.19,21,1077,2520
18390.32,21,1077,2520
18390.43,21,1077,2520
18390.54,21,1077,2520
18390.65,21,1077,2520
18390.76,21,1077,2520
18390.87,21,1077,2520
18390.98,21,1077,2520
18400.03,20,1077,2521
18400.14,20,1077,2521
18400.25,20,1077,2521
18400.38,20,1077,2521
18400.49,20,1077,2521
18400.60,20,1077,2521
18400.71,20,1077,2521
18400.82,20,1077,2521
18400.93,20,1077,2521
18410.07,20,1077,2521
18410.18,20,1077,2521
18410.29,20,1077,2521
18410.40,20,1077,2521
18410.53,20,1077,2521
18410.64,20,1077,2521
18410.75,20,1077,2521
18410.86,20,1077,2521
18410.97,20,1077,2521
18420.01,18,1077,2523
18420.12,18,1077,2523
18420.23,18,1077,2523
18420.35,18,1077,2523
18420.46,18,1077,2523
18420.57,18,1077,2523
18420.68,18,1077,2523
18420.79,18,1077,2523
18420.90,18,1077,2523
18430.06,18,1077,2523
18430.17,18,1077,2523
18430.28,18,1077,2523
18430.39,18,1077,2523
18430.50,18,1077,2523
18430.61,18,1077,2523
18430.72,18,1077,2523
18430.83,18,1077,2523
18430.94,18,1077,2523
18440.06,18,1077,2523
18440.18,18,1077,2523
18440.29,18,1077,2523
18440.40,18,1077,2523
18440.51,18,1077,2523
18440.62,18,1077,2523
18440.73,18,1077,2523
18440.85,18,1077,2523
18440.96,18,1077,2523
18450.01,18,1077,2523
18450.12,18,1077,2523
18450.23,18,1077,2523
18450.36,18,1077,2523
18450.47,18,1077,2523
18450.58,18,1077,2523
18450.69,18,1077,2523
18450.80,18,1077,2523
18450.91,18,1077,2523
18460.02,8,1077,2533
18460.13,8,1077,2533
18460.24,8,1077,2533
18460.35,7,1077,2534
18460.46,7,1077,2534
18460.57,7,1077,2534
18460.68,7,1077,2534
18460.82,7,1077,2534
18460.93,7,1077,2534
18470.10,5,1077,2536
18470.21,5,1077,2536
18470.32,5,1077,2536
18470.43,5,1077,2536
18470.56,5,1077,2536
18470.67,5,1077,2536
18470.78,5,1077,2536
18470.89,15,1077,2537
18471.00,15,1077,2537
18480.01,18,1080,2537
18480.12,19,1081,2537
18480.23,19,1081,2537
18480.35,19,1081,2537
18480.48,19,1081,2537
18480.59,19,1081,2537
18480.72,19,1081,2537
18480.84,19,1081,2537
18480.95,19,1081,2537
18490.11,21,1083,2537
18490.22,21,1083,2537
18490.34,21,1083,2537
18490.45,21,1083,2537
18490.56,21,1083,2537
18490.67,21,1083,2537
18490.78,22,1084,2537
18490.90,22,1084,2537
18500.02,22,1084,2537
18500.13,22,1084,2537
18500.24,22,1084,2537
18500.35,22,1084,2537
18500.46,22,1084,2537
18500.57,22,1084,2537
18500.68,22,1084,2537
18500.79,22,1084,2537
18500.90,22,1084,2537
18510.02,23,1085,2537
18510.13,23,1085,2537
18510.26,23,1085,2537
18510.37,23,1085,2537
18510.48,23,1085,2537
18510.59,23,1085,2537
18510.70,23,1085,2537
18510.81,23,1085,2537
18510.92,23,1085,2537
18520.11,23,1085,2537
18520.22,23,1085,2537
18520.33,23,1085,2537
18520.45,23,1085,2537
18520.56,23,1085,2537
18520.67,23,1085,2537
18520.78,23,1085,2537
18520.89,23,1085,2537
18521.00,23,1085,2537
18530.04,23,1085,2537
18530.15,23,1085,2537
18530.26,23,1085,2537
18530.37,23,1085,2537
18530.48,23,1085,2537
18530.61,23,1085,2537
18530.72,23,1085,2537
18530.83,23,1085,2537
18530.94,23,1085,2537
18540.05,23,1085,2537
18540.17,23,1085,2537
18540.28,23,1085,2537
18540.39,23,1085,2537
18540.50,23,1085,2537
18540.63,23,1085,2537
18540.75,23,1085,2537
18540.88,23,1085,2537
18540.99,23,1085,2537
18550.05,20,1085,2540
18550.16,20,1085,2540
18550.28,20,1085,2540
18550.40,20,1085,2540
18550.51,20,1085,2540
18550.62,20,1085,2540
18550.73,20,1085,2540
18550.84,20,1085,2540
18550.95,20,1085,2540
18560.03,20,1085,2540
18560.15,20,1085,2540
18560.26,20,1085,2540
18560.38,20,1085,2540
18560.50,20,1085,2540
18560.61,20,1085,2540
18560.72,20,1085,2540
18560.83,20,1085,2540
18560.94,20,1085,2540
18570.02,19,1085,2541
18570.13,19,1085,2541
18570.24,19,1085,2541
18570.36,19,1085,2541
18570.47,19,1085,2541
18570.58,19,1085,2541
18570.69,19,1085,2541
18570.81,19,1085,2541
18570.92,19,1085,2541
18580.01,19,1085,2541
18580.13,19,1085,2541
18580.23,19,1085,2541
18580.35,19,1085,2541
18580.47,19,1085,2541
18580.58,19,1085,2541
18580.69,19,1085,2541
18580.82,19,1085,2541
18580.93,19,1085,2541
18590.02,19,1085,2541
18590.13,19,1085,2541
18590.24,19,1085,2541
18590.35,19,1085,2541
18590.46,19,1085,2541
18590.58,19,1085,2541
18590.69,19,1085,2541
18590.81,19,1085,2541
18590.92,19,1085,2541
18600.08,19,1085,2541
18600.19,19,1085,2541
18600.30,19,1085,2541
18600.41,19,1085,2541
18600.52,19,1085,2541
18600.64,19,1085,2541
18600.75,19,1085,2541
18600.86,19,1085,2541
18600.97,19,1085,2541
18610.03,7,1085,2553
18610.14,7,1085,2553
18610.25,7,1085,2553
18610.36,7,1085,2553
18610.47,7,1085,2553
18610.58,7,1085,2553
18610.69,7,1085,2553
18610.80,7,1085,2553
18610.91,7,1085,2553
18620.09,15,1086,2557
18620.22,15,1086,2557
18620.33,15,1086,2557
18620.44,16,1087,2557
18620.55,16,1087,2557
18620.66,16,1087,2557
18620.78,16,1087,2557
18620.89,16,1087,2557
18630.10,19,1090,2557
18630.21,19,1090,2557
18630.32,19,1090,2557
18630.45,19,1090,2557
18630.56,19,1090,2557
18630.67,19,1090,2557
18630.78,19,1090,2557
18630.89,19,1090,2557
18640.02,19,1090,2557
18640.15,19,1090,2557
18640.26,19,1090,2557
18640.37,19,1090,2557
18640.49,19,1090,2557
18640.62,19,1090,2557
18640.74,19,1090,2557
18640.86,19,1090,2557
18640.98,19,1090,2557
18650.03,20,1091,2557
18650.14,20,1091,2557
18650.26,20,1091,2557
18650.37,20,1091,2557
18650.50,20,1091,2557
18650.61,20,1091,2557
18650.72,20,1091,2557
18650.85,20,1091,2557
18650.96,20,1091,2557
18660.07,20,1091,2557
18660.19,20,1091,2557
18660.32,20,1091,2557
18660.43,20,1091,2557
18660.54,20,1091,2557
18660.66,20,1091,2557
18660.79,20,1091,2557
18660.92,20,1091,2557
18670.03,20,1091,2557
18670.16,20,1091,2557
18670.28,20,1091,2557
18670.39,20,1091,2557
18670.50,20,1091,2557
18670.61,20,1091,2557
18670.73,20,1091,2557
18670.85,20,1091,2557
18670.96,20,1091,2557
18680.03,20,1091,2557
18680.16,20,1091,2557
18680.28,20,1091,2557
18680.41,20,1091,2557
18680.53,20,1091,2557
18680.66,20,1091,2557
18680.78,20,1091,2557
18680.89,20,1091,2557
18681.00,20,1091,2557
18690.11,20,1091,2557
18690.24,20,1091,2557
18690.36,20,1091,2557
18690.47,20,1091,2557
18690.60,20,1091,2557
18690.71,20,1091,2557
18690.82,20,1091,2557
18690.94,20,1091,2557
18700.06,19,1091,2558
18700.17,19,1091,2558
18700.29,19,1091,2558
18700.40,19,1091,2558
18700.53,19,1091,2558
18700.64,19,1091,2558
18700.77,19,1091,2558
18700.89,19,1091,2558
18701.00,19,1091,2558
18710.05,19,1091,2558
18710.16,19,1091,2558
18710.28,19,1091,2558
18710.39,19,1091,2558
18710.51,19,1091,2558
18710.62,19,1091,2558
18710.75,19,1091,2558
18710.88,19,1091,2558
18711.00,19,1091,2558
18720.01,18,1091,2559
18720.13,18,1091,2559
18720.24,18,1091,2559
18720.35,18,1091,2559
18720.46,18,1091,2559
18720.59,18,1091,2559
18720.70,18,1091,2559
18720.81,18,1091,2559
18720.92,18,1091,2559
18730.09,18,1091,2559
18730.20,18,1091,2559
18730.31,18,1091,2559
18730.43,18,1091,2559
18730.53,18,1091,2559
18730.66,18,1091,2559
18730.78,18,1091,2559
18730.90,18,1091,2559
18740.11,17,1091,2560
18740.22,17,1091,2560
18740.35,17,1091,2560
18740.46,17,1091,2560
18740.57,17,1091,2560
18740.68,17,1091,2560
18740.79,17,1091,2560
18740.90,17,1091,2560
18750.07,17,1091,2560
18750.19,17,1091,2560
18750.30,17,1091,2560
18750.40,17,1091,2560
18750.51,17,1091,2560
18750.64,17,1091,2560
18750.76,17,1091,2560
18750.88,17,1091,2560
18750.99,17,1091,2560
18760.03,6,1091,2571
18760.14,6,1091,2571
18760.25,6,1091,2571
18760.36,6,1091,2571
18760.47,6,1091,2571
18760.58,6,1091,2571
18760.69,6,1091,2571
18760.80,6,1091,2571
18760.91,6,1091,2571
18770.09,5,1091,2572
18770.20,5,1091,2572
18770.31,5,1091,2572
18770.43,5,1091,2572
18770.54,5,1091,2572
18770.65,5,1091,2572
18770.76,5,1091,2572
18770.87,5,1091,2572
18770.98,5,1091,2572
18780.10,5,1091,2572
18780.21,5,1091,2572
18780.32,5,1091,2572
18780.43,5,1091,2572
18780.55,5,1091,2572
18780.66,5,1091,2572
18780.77,5,1091,2572
18780.88,5,1091,2572
18780.99,5,1091,2572
18790.09,5,1091,2572
18790.20,5,1091,2572
18790.31,5,1091,2572
18790.42,5,1091,2572
18790.53,5,1091,2572
18790.64,5,1091,2572
18790.75,5,1091,2572
18790.87,5,1091,2572
18790.97,5,1091,2572
18800.10,5,1091,2572
18800.21,5,1091,2572
18800.32,5,1091,2572
18800.43,5,1091,2572
18800.54,5,1091,2572
18800.65,5,1091,2572
18800.76,5,1091,2572
18800.87,5,1091,2572
18800.98,5,1091,2572
18810.07,5,1091,2572
18810.18,5,1091,2572
18810.29,5,1091,2572
18810.40,5,1091,2572
18810.51,5,1091,2572
18810.62,5,1091,2572
18810.73,5,1091,2572
18810.84,5,1091,2572
18810.95,5,1091,2572
18820.05,5,1091,2572
18820.16,5,1091,2572
18820.27,5,1091,2572
18820.38,5,1091,2572
18820.49,5,1091,2572
18820.60,5,1091,2572
18820.71,5,1091,2572
18820.82,5,1091,2572
18820.93,5,1091,2572
18830.13,5,1091,2572
18830.23,5,1091,2572
18830.34,5,1091,2572
18830.45,5,1091,2572
18830.56,5,1091,2572
18830.67,5,1091,2572
18830.78,5,1091,2572
18830.89,5,1091,2572
18831.00,5,1091,2572
18840.12,5,1091,2572
18840.23,5,1091,2572
18840.34,5,1091,2572
18840.45,5,1091,2572
18840.56,5,1091,2572
18840.67,5,1091,2572
18840.78,5,1091,2572
18840.89,5,1091,2572
18841.00,5,1091,2572
18850.06,18,1095,2574
18850.19,19,1096,2574
18850.31,19,1096,2574
18850.42,19,1096,2574
18850.53,19,1096,2574
18850.64,19,1096,2574
18850.75,18,1096,2575
18850.86,18,1096,2575
18850.98,18,1096,2575
18860.01,17,1096,2576
18860.12,17,1096,2576
18860.26,17,1096,2576
18860.38,17,1096,2576
18860.50,17,1096,2576
18860.61,17,1096,2576
18860.72,17,1096,2576
18860.83,17,1096,2576
18860.94,17,1096,2576
18870.09,19,1099,2577
18870.20,19,1099,2577
18870.33,19,1099,2577
18870.44,19,1099,2577
18870.55,19,1099,2577
18870.67,19,1099,2577
18870.80,19,1099,2577
18870.91,19,1099,2577
18880.03,20,1100,2577
18880.20,20,1100,2577
18880.32,20,1100,2577
18880.44,20,1100,2577
18880.55,20,1100,2577
18880.66,20,1100,2577
18880.78,20,1100,2577
18880.89,20,1100,2577
18881.00,20,1100,2577
18890.02,20,1100,2577
18890.13,20,1100,2577
18890.24,20,1100,2577
18890.37,20,1100,2577
18890.48,20,1100,2577
18890.59,20,1100,2577
18890.70,20,1100,2577
18890.81,20,1100,2577
18890.92,20,1100,2577
18900.05,20,1100,2577
18900.18,20,1100,2577
18900.30,20,1100,2577
18900.43,20,1100,2577
18900.54,20,1100,2577
18900.65,20,1100,2577
18900.77,20,1100,2577
18900.90,20,1100,2577
18910.03,20,1100,2577
18910.14,20,1100,2577
18910.25,20,1100,2577
18910.38,20,1100,2577
18910.50,20,1100,2577
18910.61,20,1100,2577
18910.72,20,1100,2577
18910.83,20,1100,2577
18910.94,20,1100,2577
18920.07,20,1100,2577
18920.19,20,1100,2577
18920.30,20,1100,2577
18920.41,20,1100,2577
18920.55,20,1100,2577
18920.66,20,1100,2577
18920.77,20,1100,2577
18920.89,20,1100,2577
18921.01,20,1100,2577
18930.03,20,1100,2577
18930.14,20,1100,2577
18930.25,20,1100,2577
18930.36,20,1100,2577
18930.49,20,1100,2577
18930.61,20,1100,2577
18930.74,20,1100,2577
18930.86,20,1100,2577
18930.97,20,1100,2577
18940.10,20,1100,2577
18940.21,20,1100,2577
18940.32,20,1100,2577
18940.43,20,1100,2577
18940.54,20,1100,2577
18940.66,20,1100,2577
18940.77,20,1100,2577
18940.90,20,1100,2577
18950.09,20,1100,2577
18950.20,20,1100,2577
18950.33,20,1100,2577
18950.44,20,1100,2577
18950.55,20,1100,2577
18950.67,20,1100,2577
18950.78,20,1100,2577
18950.90,20,1100,2577
18960.03,20,1100,2577
18960.14,20,1100,2577
18960.25,20,1100,2577
18960.38,20,1100,2577
18960.51,20,1100,2577
18960.63,20,1100,2577
18960.76,20,1100,2577
18960.87,20,1100,2577
18960.99,20,1100,2577
18970.03,20,1100,2577
18970.15,20,1100,2577
18970.28,20,1100,2577
18970.40,20,1100,2577
18970.52,20,1100,2577
18970.64,20,1100,2577
18970.78,20,1100,2577
18970.89,20,1100,2577
18971.00,20,1100,2577
18980.10,10,1100,2587
18980.21,10,1100,2587
18980.32,10,1100,2587
18980.44,10,1100,2587
18980.55,10,1100,2587
18980.67,10,1100,2587
18980.80,10,1100,2587
18980.91,9,1100,2588
18990.02,5,1100,2592
18990.13,5,1100,2592
18990.24,5,1100,2592
18990.35,5,1100,2592
18990.46,5,1100,2592
18990.57,5,1100,2592
18990.68,5,1100,2592
18990.81,5,1100,2592
18990.92,5,1100,2592
19000.01,5,1100,2592
19000.12,5,1100,2592
19000.23,5,1100,2592
19000.34,5,1100,2592
19000.45,5,1100,2592
19000.56,5,1100,2592
19000.67,5,1100,2592
19000.78,5,1100,2592
19000.91,5,1100,2592
19010.10,18,1105,2595
19010.22,18,1105,2595
19010.33,18,1105,2595
19010.44,18,1105,2595
19010.55,18,1105,2595
19010.68,18,1105,2595
19010.79,18,1105,2595
19010.91,18,1105,2595
19020.09,22,1109,2595
19020.21,22,1109,2595
19020.32,22,1109,2595
19020.44,22,1109,2595
19020.57,22,1109,2595
19020.70,22,1109,2595
19020.82,22,1109,2595
19020.95,22,1109,2595
19030.09,22,1109,2595
19030.22,22,1109,2595
19030.33,22,1109,2595
19030.44,22,1109,2595
19030.56,22,1109,2595
19030.69,22,1109,2595
19030.80,22,1109,2595
19030.91,22,1109,2595
19040.01,22,1109,2595
19040.14,22,1109,2595
19040.26,22,1109,2595
19040.37,22,1109,2595
19040.50,22,1109,2595
19040.61,22,1109,2595
19040.72,22,1109,2595
19040.84,22,1109,2595
19050.07,22,1109,2595
19050.20,22,1109,2595
19050.33,22,1109,2595
19050.45,22,1109,2595
19050.56,22,1109,2595
19050.69,22,1109,2595
19050.82,22,1109,2595
19050.94,22,1109,2595
19060.11,23,1110,2595
19060.24,23,1110,2595
19060.37,23,1110,2595
19060.48,23,1110,2595
19060.60,23,1110,2595
19060.73,23,1110,2595
19060.85,23,1110,2595
19060.96,23,1110,2595
19070.08,23,1110,2595
19070.21,23,1110,2595
19070.33,23,1110,2595
19070.46,23,1110,2595
19070.59,23,1110,2595
19070.71,23,1110,2595
19070.84,23,1110,2595
19070.96,23,1110,2595
19080.03,22,1110,2596
19080.14,22,1110,2596
19080.26,22,1110,2596
19080.39,22,1110,2596
19080.50,22,1110,2596
19080.63,22,1110,2596
19080.75,22,1110,2596
19080.88,22,1110,2596
19080.99,22,1110,2596
19090.11,22,1110,2596
19090.23,22,1110,2596
19090.36,22,1110,2596
19090.48,22,1110,2596
19090.61,22,1110,2596
19090.74,22,1110,2596
19090.86,22,1110,2596
19090.99,22,1110,2596
19100.13,22,1110,2596
19100.26,22,1110,2596
19100.38,22,1110,2596
19100.51,22,1110,2596
19100.64,22,1110,2596
19100.76,22,1110,2596
19100.89,22,1110,2596
19110.09,21,1110,2597
19110.22,21,1110,2597
19110.34,21,1110,2597
19110.46,21,1110,2597
19110.58,21,1110,2597
19110.69,21,1110,2597
19110.82,21,1110,2597
19110.93,21,1110,2597
19120.11,21,1110,2597
19120.24,21,1110,2597
19120.35,21,1110,2597
19120.48,21,1110,2597
19120.60,21,1110,2597
19120.71,21,1110,2597
19120.84,21,1110,2597
19120.96,21,1110,2597
19130.08,21,1110,2597
19130.21,21,1110,2597
19130.33,21,1110,2597
19130.46,21,1110,2597
19130.57,21,1110,2597
19130.68,21,1110,2597
19130.81,21,1110,2597
19130.93,21,1110,2597
19140.10,21,1110,2597
19140.24,21,1110,2597
19140.35,21,1110,2597
19140.48,21,1110,2597
19140.61,21,1110,2597
19140.73,21,1110,2597
19140.84,21,1110,2597
19140.97,21,1110,2597
19150.02,8,1110,2610
19150.14,8,1110,2610
19150.27,8,1110,2610
19150.38,8,1110,2610
19150.50,7,1110,2611
19150.61,7,1110,2611
19150.74,7,1110,2611
19150.85,7,1110,2611
19150.96,7,1110,2611
19160.05,14,1112,2617
19160.18,14,1112,2617
19160.29,14,1112,2617
19160.41,14,1112,2617
19160.54,14,1112,2617
19160.67,14,1112,2617
19160.79,14,1112,2617
19160.90,14,1112,2617
19170.11,17,1115,2617
19170.24,17,1115,2617
19170.36,17,1115,2617
19170.47,17,1115,2617
19170.60,17,1115,2617
19170.72,17,1115,2617
19170.85,17,1115,2617
19170.98,17,1115,2617
19180.10,17,1115,2617
19180.22,17,1115,2617
19180.34,17,1115,2617
19180.47,17,1115,2617
19180.60,17,1115,2617
19180.72,17,1115,2617
19180.85,17,1115,2617
19180.97,17,1115,2617
19190.08,19,1117,2617
19190.21,19,1117,2617
19190.33,19,1117,2617
19190.46,19,1117,2617
19190.57,19,1117,2617
19190.69,19,1117,2617
19190.82,19,1117,2617
19190.94,19,1117,2617
19200.13,19,1117,2617
19200.26,19,1117,2617
19200.38,19,1117,2617
19200.49,19,1117,2617
19200.62,19,1117,2617
19200.74,19,1117,2617
19200.86,19,1117,2617
19200.98,19,1117,2617
19210.12,19,1117,2617
19210.25,19,1117,2617
19210.37,19,1117,2617
19210.50,19,1117,2617
19210.62,19,1117,2617
19210.75,19,1117,2617
19210.88,19,1117,2617
19210.99,19,1117,2617
19220.03,19,1117,2617
19220.15,19,1117,2617
19220.28,19,1117,2617
19220.40,19,1117,2617
19220.52,19,1117,2617
19220.64,19,1117,2617
19220.77,19,1117,2617
19220.89,19,1117,2617
19230.03,19,1117,2617
19230.15,19,1117,2617
19230.27,19,1117,2617
19230.39,19,1117,2617
19230.50,19,1117,2617
19230.63,19,1117,2617
19230.74,19,1117,2617
19230.87,19,1117,2617
19230.98,19,1117,2617
19240.04,19,1117,2617
19240.17,19,1117,2617
19240.29,19,1117,2617
19240.42,19,1117,2617
19240.54,19,1117,2617
19240.67,19,1117,2617
19240.80,19,1117,2617
19240.92,19,1117,2617
19250.01,19,1117,2617
19250.12,19,1117,2617
19250.24,19,1117,2617
19250.37,19,1117,2617
19250.50,19,1117,2617
19250.62,19,1117,2617
19250.73,19,1117,2617
19250.86,19,1117,2617
19250.98,19,1117,2617
19260.04,19,1117,2617
19260.15,19,1117,2617
19260.27,19,1117,2617
19260.40,19,1117,2617
19260.53,19,1117,2617
19260.64,19,1117,2617
19260.76,19,1117,2617
19260.89,19,1117,2617
19270.08,19,1117,2617
19270.21,19,1117,2617
19270.32,19,1117,2617
19270.45,19,1117,2617
19270.57,19,1117,2617
19270.68,19,1117,2617
19270.81,19,1117,2617
19270.94,19,1117,2617
19280.02,19,1117,2617
19280.15,19,1117,2617
19280.26,19,1117,2617
19280.38,19,1117,2617
19280.50,19,1117,2617
19280.62,19,1117,2617
19280.75,19,1117,2617
19280.87,19,1117,2617
19281.00,19,1117,2617
19290.06,19,1117,2617
19290.19,19,1117,2617
19290.30,19,1117,2617
19290.43,19,1117,2617
19290.55,19,1117,2617
19290.68,19,1117,2617
19290.80,19,1117,2617
19290.93,19,1117,2617
19300.06,18,1117,2618
19300.19,18,1117,2618
19300.31,18,1117,2618
19300.44,18,1117,2618
19300.56,18,1117,2618
19300.69,18,1117,2618
19300.81,18,1117,2618
19300.96,18,1117,2618
19310.02,5,1117,2631
19310.13,5,1117,2631
19310.26,5,1117,2631
19310.37,5,1117,2631
19310.49,5,1117,2631
19310.62,5,1117,2631
19310.73,5,1117,2631
19310.85,5,1117,2631
19310.96,5,1117,2631
19320.07,5,1117,2631
19320.19,5,1117,2631
19320.32,5,1117,2631
19320.43,5,1117,2631
19320.55,5,1117,2631
19320.66,5,1117,2631
19320.77,5,1117,2631
19320.88,5,1117,2631
19321.00,5,1117,2631
19330.08,17,1119,2632
19330.20,17,1119,2632
19330.33,18,1120,2632
19330.45,18,1120,2632
19330.58,18,1120,2632
19330.70,18,1120,2632
19330.83,18,1120,2632
19330.96,18,1120,2632
19340.09,20,1122,2632
19340.22,20,1122,2632
19340.34,20,1122,2632
19340.45,20,1122,2632
19340.58,20,1122,2632
19340.69,20,1122,2632
19340.82,20,1122,2632
19340.94,20,1122,2632
19350.12,21,1123,2632
19350.25,21,1123,2632
19350.37,21,1123,2632
19350.49,21,1123,2632
19350.61,21,1123,2632
19350.74,21,1123,2632
19350.86,21,1123,2632
19350.99,21,1123,2632
19360.10,22,1124,2632
19360.22,22,1124,2632
19360.35,22,1124,2632
19360.48,22,1124,2632
19360.60,22,1124,2632
19360.73,22,1124,2632
19360.85,22,1124,2632
19360.98,22,1124,2632
19370.11,22,1124,2632
19370.24,22,1124,2632
19370.36,22,1124,2632
19370.49,22,1124,2632
19370.61,22,1124,2632
19370.74,22,1124,2632
19370.87,22,1124,2632
19370.99,22,1124,2632
19380.08,23,1125,2632
19380.21,23,1125,2632
19380.33,23,1125,2632
19380.46,23,1125,2632
19380.58,23,1125,2632
19380.71,23,1125,2632
19380.84,23,1125,2632
19380.98,23,1125,2632
19390.10,23,1125,2632
19390.23,23,1125,2632
19390.35,23,1125,2632
19390.48,23,1125,2632
19390.60,23,1125,2632
19390.73,23,1125,2632
19390.86,23,1125,2632
19390.98,23,1125,2632
19400.04,21,1125,2634
19400.16,21,1125,2634
19400.29,21,1125,2634
19400.41,21,1125,2634
19400.54,21,1125,2634
19400.67,21,1125,2634
19400.78,21,1125,2634
19400.90,21,1125,2634
19410.05,20,1125,2635
19410.18,20,1125,2635
19410.30,20,1125,2635
19410.43,20,1125,2635
19410.54,20,1125,2635
19410.66,20,1125,2635
19410.79,20,1125,2635
19410.91,20,1125,2635
19420.04,20,1125,2635
19420.17,20,1125,2635
19420.29,20,1125,2635
19420.42,20,1125,2635
19420.55,20,1125,2635
19420.67,20,1125,2635
19420.80,20,1125,2635
19420.91,20,1125,2635
19430.01,20,1125,2635
19430.14,20,1125,2635
19430.26,20,1125,2635
19430.40,20,1125,2635
19430.52,20,1125,2635
19430.64,20,1125,2635
19430.77,20,1125,2635
19430.89,20,1125,2635
19431.00,20,1125,2635
19440.09,19,1125,2636
19440.22,19,1125,2636
19440.35,19,1125,2636
19440.47,19,1125,2636
19440.60,19,1125,2636
19440.73,19,1125,2636
19440.85,19,1125,2636
19440.98,19,1125,2636
19450.08,19,1125,2636
19450.21,19,1125,2636
19450.34,19,1125,2636
19450.46,19,1125,2636
19450.59,19,1125,2636
19450.71,19,1125,2636
19450.84,19,1125,2636
19450.96,19,1125,2636
19460.12,19,1125,2636
19460.25,19,1125,2636
19460.37,19,1125,2636
19460.50,19,1125,2636
19460.62,19,1125,2636
19460.75,19,1125,2636
19460.88,19,1125,2636
19461.00,19,1125,2636
19470.08,19,1125,2636
19470.19,19,1125,2636
19470.31,19,1125,2636
19470.44,19,1125,2636
19470.56,19,1125,2636
19470.69,19,1125,2636
19470.81,19,1125,2636
19470.94,19,1125,2636
19480.08,6,1125,2649
19480.20,6,1125,2649
19480.32,6,1125,2649
19480.43,6,1125,2649
19480.56,6,1125,2649
19480.68,6,1125,2649
19480.81,6,1125,2649
19480.93,6,1125,2649
19490.10,15,1125,2651
19490.23,15,1125,2651
19490.35,15,1125,2651
19490.48,15,1125,2651
19490.60,15,1125,2651
19490.73,15,1125,2651
19490.85,15,1125,2651
19490.98,15,1125,2651
19500.12,18,1128,2651
19500.24,18,1128,2651
19500.37,18,1128,2651
19500.49,18,1128,2651
19500.62,18,1128,2651
19500.75,18,1128,2651
19500.87,18,1128,2651
19501.00,18,1128,2651
19510.02,19,1130,2652
19510.15,19,1130,2652
19510.28,19,1130,2652
19510.40,19,1130,2652
19510.53,19,1130,2652
19510.65,19,1130,2652
19510.77,19,1130,2652
19510.89,19,1130,2652
19520.08,20,1131,2652
19520.21,20,1131,2652
19520.33,20,1131,2652
19520.46,20,1131,2652
19520.58,20,1131,2652
19520.71,20,1131,2652
19520.82,20,1131,2652
19520.95,20,1131,2652
19530.08,20,1131,2652
19530.21,20,1131,2652
19530.34,20,1131,2652
19530.46,20,1131,2652
19530.59,20,1131,2652
19530.71,20,1131,2652
19530.84,20,1131,2652
19530.97,20,1131,2652
19540.01,20,1131,2652
19540.14,20,1131,2652
19540.26,20,1131,2652
19540.39,20,1131,2652
19540.50,20,1131,2652
19540.63,20,1131,2652
19540.75,20,1131,2652
19540.88,20,1131,2652
19541.00,20,1131,2652
19550.12,20,1131,2652
19550.24,20,1131,2652
19550.37,20,1131,2652
19550.50,20,1131,2652
19550.62,20,1131,2652
19550.75,20,1131,2652
19550.87,20,1131,2652
19551.00,20,1131,2652
19560.01,20,1131,2652
19560.13,20,1131,2652
19560.25,20,1131,2652
19560.38,20,1131,2652
19560.50,20,1131,2652
19560.63,20,1131,2652
19560.75,20,1131,2652
19560.88,20,1131,2652
19570.06,20,1131,2652
19570.19,20,1131,2652
19570.31,20,1131,2652
19570.44,20,1131,2652
19570.57,20,1131,2652
19570.69,20,1131,2652
19570.82,20,1131,2652
19570.94,20,1131,2652
19580.10,19,1131,2653
19580.23,19,1131,2653
19580.36,19,1131,2653
19580.48,19,1131,2653
19580.61,19,1131,2653
19580.73,19,1131,2653
19580.86,19,1131,2653
19580.98,19,1131,2653
19590.12,18,1131,2654
19590.25,18,1131,2654
19590.37,18,1131,2654
19590.50,18,1131,2654
19590.62,18,1131,2654
19590.75,18,1131,2654
19590.88,18,1131,2654
19591.00,18,1131,2654
19600.10,18,1131,2654
19600.22,18,1131,2654
19600.35,18,1131,2654
19600.48,18,1131,2654
19600.60,18,1131,2654
19600.73,18,1131,2654
19600.85,18,1131,2654
19600.96,18,1131,2654
19610.10,18,1131,2654
19610.23,18,1131,2654
19610.35,18,1131,2654
19610.48,18,1131,2654
19610.62,18,1131,2654
19610.75,18,1131,2654
19610.87,18,1131,2654
19611.00,18,1131,2654
19620.12,17,1131,2655
19620.25,17,1131,2655
19620.38,17,1131,2655
19620.50,17,1131,2655
19620.63,17,1131,2655
19620.76,17,1131,2655
19620.88,17,1131,2655
19630.12,17,1131,2655
19630.24,17,1131,2655
19630.37,17,1131,2655
19630.49,17,1131,2655
19630.62,17,1131,2655
19630.74,17,1131,2655
19630.87,17,1131,2655
19631.00,17,1131,2655
19640.08,8,1131,2664
19640.19,8,1131,2664
19640.31,8,1131,2664
19640.43,8,1131,2664
19640.54,8,1131,2664
19640.66,8,1131,2664
19640.77,8,1131,2664
19640.90,8,1131,2664
19650.05,6,1131,2666
19650.17,6,1131,2666
19650.28,6,1131,2666
19650.41,6,1131,2666
19650.53,5,1131,2667
19650.64,5,1131,2667
19650.77,5,1131,2667
19650.89,5,1131,2667
19660.08,5,1131,2667
19660.21,5,1131,2667
19660.33,5,1131,2667
19660.46,5,1131,2667
19660.57,5,1131,2667
19660.68,5,1131,2667
19660.79,5,1131,2667
19660.92,5,1131,2667
19670.01,5,1131,2667
19670.14,5,1131,2667
19670.25,5,1131,2667
19670.36,5,1131,2667
19670.47,5,1131,2667
19670.60,5,1131,2667
19670.71,5,1131,2667
19670.82,5,1131,2667
19670.94,5,1131,2667
19680.03,5,1131,2667
19680.15,5,1131,2667
19680.26,5,1131,2667
19680.39,5,1131,2667
19680.50,5,1131,2667
19680.61,5,1131,2667
19680.72,5,1131,2667
19680.84,5,1131,2667
19680.96,5,1131,2667
19690.04,5,1131,2667
19690.17,5,1131,2667
19690.29,5,1131,2667
19690.42,5,1131,2667
19690.53,5,1131,2667
19690.65,5,1131,2667
19690.76,5,1131,2667
19690.89,5,1131,2667
19691.00,5,1131,2667
19700.03,5,1131,2667
19700.14,5,1131,2667
19700.26,5,1131,2667
19700.39,5,1131,2667
19700.51,5,1131,2667
19700.63,5,1131,2667
19700.75,5,1131,2667
19700.88,5,1131,2667
19701.00,5,1131,2667
19710.02,5,1131,2667
19710.14,5,1131,2667
19710.25,5,1131,2667
19710.37,5,1131,2667
19710.50,5,1131,2667
19710.61,5,1131,2667
19710.73,5,1131,2667
19710.86,5,1131,2667
19710.97,5,1131,2667
19720.11,5,1131,2667
19720.24,5,1131,2667
19720.35,5,1131,2667
19720.46,5,1131,2667
19720.60,5,1131,2667
19720.71,5,1131,2667
19720.82,5,1131,2667
19720.95,5,1131,2667
19730.06,5,1131,2667
19730.18,5,1131,2667
19730.30,5,1131,2667
19730.43,5,1131,2667
19730.55,5,1131,2667
19730.66,5,1131,2667
19730.79,5,1131,2667
19730.91,5,1131,2667
19740.12,18,1135,2670
19740.25,18,1135,2670
19740.38,18,1135,2670
19740.50,18,1135,2670
19740.63,18,1135,2670
19740.75,18,1135,2670
19740.88,18,1135,2670
19741.00,18,1135,2670
19750.04,21,1139,2671
19750.17,21,1139,2671
19750.29,21,1139,2671
19750.42,21,1139,2671
19750.55,21,1139,2671
19750.67,21,1139,2671
19750.80,21,1139,2671
19750.93,21,1139,2671
19760.07,21,1140,2672
19760.20,21,1140,2672
19760.32,21,1140,2672
19760.45,21,1140,2672
19760.58,21,1140,2672
19760.70,21,1140,2672
19760.83,21,1140,2672
19760.95,21,1140,2672
19770.13,22,1141,2672
19770.25,22,1141,2672
19770.38,22,1141,2672
19770.50,22,1141,2672
19770.63,22,1141,2672
19770.76,22,1141,2672
19770.88,22,1141,2672
19780.07,22,1141,2672
19780.20,22,1141,2672
19780.33,22,1141,2672
19780.45,22,1141,2672
19780.58,22,1141,2672
19780.70,22,1141,2672
19780.83,22,1141,2672
19780.96,22,1141,2672
19790.05,22,1141,2672
19790.18,22,1141,2672
19790.30,22,1141,2672
19790.43,22,1141,2672
19790.55,22,1141,2672
19790.68,22,1141,2672
19790.81,22,1141,2672
19790.93,22,1141,2672
19800.11,22,1141,2672
19800.24,22,1141,2672
19800.36,22,1141,2672
19800.49,22,1141,2672
19800.62,22,1141,2672
19800.74,22,1141,2672
19800.87,22,1141,2672
19800.99,22,1141,2672
19810.04,22,1141,2672
19810.17,22,1141,2672
19810.29,22,1141,2672
19810.42,22,1141,2672
19810.55,22,1141,2672
19810.67,22,1141,2672
19810.80,22,1141,2672
19810.93,22,1141,2672
19820.13,22,1141,2672
19820.25,22,1141,2672
19820.38,22,1141,2672
19820.50,22,1141,2672
19820.63,22,1141,2672
19820.75,22,1141,2672
19820.88,22,1141,2672
19821.01,22,1141,2672
19830.05,22,1141,2672
19830.17,22,1141,2672
19830.30,22,1141,2672
19830.42,22,1141,2672
19830.55,22,1141,2672
19830.68,22,1141,2672
19830.80,22,1141,2672
19830.93,22,1141,2672
19840.02,22,1141,2672
19840.14,22,1141,2672
19840.27,22,1141,2672
19840.40,22,1141,2672
19840.52,22,1141,2672
19840.65,22,1141,2672
19840.77,22,1141,2672
19840.90,22,1141,2672
19850.06,22,1141,2672
19850.18,22,1141,2672
19850.31,22,1141,2672
19850.44,22,1141,2672
19850.56,22,1141,2672
19850.69,22,1141,2672
19850.82,22,1141,2672
19850.94,22,1141,2672
19860.03,22,1141,2672
19860.16,22,1141,2672
19860.28,22,1141,2672
19860.41,22,1141,2672
19860.53,22,1141,2672
19860.66,22,1141,2672
19860.78,22,1141,2672
19860.91,22,1141,2672
19870.09,22,1141,2672
19870.23,22,1141,2672
19870.36,22,1141,2672
19870.49,22,1141,2672
19870.61,22,1141,2672
19870.74,22,1141,2672
19870.86,22,1141,2672
19870.99,22,1141,2672
19880.13,22,1141,2672
19880.26,22,1141,2672
19880.38,22,1141,2672
19880.51,22,1141,2672
19880.63,22,1141,2672
19880.76,22,1141,2672
19880.88,22,1141,2672
19890.12,7,1141,2687
19890.23,7,1141,2687
19890.36,7,1141,2687
19890.48,7,1141,2687
19890.61,7,1141,2687
19890.72,7,1141,2687
19890.83,7,1141,2687
19890.96,7,1141,2687
19900.12,16,1143,2691
19900.25,16,1143,2691
19900.38,16,1143,2691
19900.50,16,1143,2691
19900.63,16,1143,2691
19900.75,16,1143,2691
19900.88,16,1143,2691
19900.99,16,1143,2691
19910.10,16,1144,2692
19910.22,16,1144,2692
19910.35,16,1144,2692
19910.47,16,1144,2692
19910.60,16,1144,2692
19910.72,16,1144,2692
19910.85,16,1144,2692
19910.97,16,1144,2692
19920.10,17,1145,2692
19920.22,17,1145,2692
19920.35,17,1145,2692
19920.48,17,1145,2692
19920.60,17,1145,2692
19920.73,17,1145,2692
19920.85,17,1145,2692
19920.98,17,1145,2692
19930.02,19,1147,2692
19930.15,19,1147,2692
19930.27,19,1147,2692
19930.40,19,1147,2692
19930.53,19,1147,2692
19930.65,19,1147,2692
19930.78,19,1147,2692
19930.90,19,1147,2692
19940.08,20,1148,2692
19940.20,20,1148,2692
19940.33,20,1148,2692
19940.46,20,1148,2692
19940.58,20,1148,2692
19940.71,20,1148,2692
19940.84,20,1148,2692
19940.96,20,1148,2692
19950.11,20,1148,2692
19950.24,20,1148,2692
19950.37,20,1148,2692
19950.49,20,1148,2692
19950.62,20,1148,2692
19950.74,20,1148,2692
19950.87,20,1148,2692
19951.00,20,1148,2692
19960.07,20,1148,2692
19960.19,20,1148,2692
19960.32,20,1148,2692
19960.44,20,1148,2692
19960.57,20,1148,2692
19960.70,20,1148,2692
19960.82,20,1148,2692
19960.95,20,1148,2692
19970.02,21,1149,2692
19970.15,21,1149,2692
19970.27,21,1149,2692
19970.40,21,1149,2692
19970.53,21,1149,2692
19970.65,21,1149,2692
19970.78,21,1149,2692
19970.90,21,1149,2692
19980.10,21,1149,2692
19980.22,21,1149,2692
19980.35,21,1149,2692
19980.48,21,1149,2692
19980.60,21,1149,2692
19980.73,21,1149,2692
19980.85,21,1149,2692
19980.98,21,1149,2692
19990.13,20,1149,2693
19990.26,20,1149,2693
19990.38,20,1149,2693
19990.51,20,1149,2693
19990.63,20,1149,2693
19990.76,20,1149,2693
19990.89,20,1149,2693
20000.08,20,1149,2693
20000.21,20,1149,2693
20000.33,20,1149,2693
20000.46,20,1149,2693
20000.59,20,1149,2693
20000.71,20,1149,2693
20000.84,20,1149,2693
20000.97,20,1149,2693
20010.05,20,1149,2693
20010.17,20,1149,2693
20010.30,20,1149,2693
20010.43,20,1149,2693
20010.55,20,1149,2693
20010.68,20,1149,2693
20010.80,20,1149,2693
20010.93,20,1149,2693
20020.13,19,1149,2694
20020.26,19,1149,2694
20020.38,19,1149,2694
20020.51,19,1149,2694
20020.63,19,1149,2694
20020.76,19,1149,2694
20020.89,19,1149,2694
20030.04,19,1149,2694
20030.29,19,1149,2694
20030.42,19,1149,2694
20030.54,19,1149,2694
20030.67,19,1149,2694
20030.79,19,1149,2694
20030.92,19,1149,2694
20040.10,19,1149,2694
20040.22,19,1149,2694
20040.35,19,1149,2694
20040.48,19,1149,2694
20040.60,19,1149,2694
20040.73,19,1149,2694
20040.85,19,1149,2694
20040.98,19,1149,2694
20050.02,8,1149,2705
20050.15,8,1149,2705
20050.27,8,1149,2705
20050.40,8,1149,2705
20050.52,7,1149,2706
20050.65,7,1149,2706
20050.76,7,1149,2706
20050.89,7,1149,2706
20060.05,6,1149,2707
20060.17,6,1149,2707
20060.30,6,1149,2707
20060.42,6,1149,2707
20060.55,6,1149,2707
20060.67,6,1149,2707
20060.78,6,1149,2707
20060.91,6,1149,2707
20070.08,6,1149,2707
20070.20,6,1149,2707
20070.33,6,1149,2707
20070.44,6,1149,2707
20070.55,6,1149,2707
20070.68,6,1149,2707
20070.81,6,1149,2707
20070.93,6,1149,2707
20080.02,15,1149,2709
20080.14,15,1149,2709
20080.27,15,1149,2709
20080.39,16,1150,2709
20080.52,16,1150,2709
20080.65,16,1150,2709
20080.77,16,1150,2709
20080.90,16,1150,2709
20090.09,18,1153,2710
20090.22,18,1153,2710
20090.34,19,1154,2710
20090.47,19,1154,2710
20090.60,19,1154,2710
20090.72,19,1154,2710
20090.85,19,1154,2710
20090.98,19,1154,2710
20100.04,21,1156,2710
20100.16,21,1156,2710
20100.29,21,1156,2710
20100.42,21,1156,2710
20100.54,21,1156,2710
20100.67,21,1156,2710
20100.79,21,1156,2710
20100.92,21,1156,2710
20110.13,22,1157,2710
20110.25,22,1157,2710
20110.38,22,1157,2710
20110.51,22,1157,2710
20110.63,22,1157,2710
20110.76,22,1157,2710
20110.88,22,1157,2710
20120.08,22,1157,2710
20120.21,22,1157,2710
20120.33,22,1157,2710
20120.46,22,1157,2710
20120.58,22,1157,2710
20120.71,22,1157,2710
20120.83,22,1157,2710
20120.96,22,1157,2710
20130.03,22,1157,2710
20130.16,22,1157,2710
20130.28,22,1157,2710
20130.41,22,1157,2710
20130.54,22,1157,2710
20130.66,22,1157,2710
20130.79,22,1157,2710
20130.91,22,1157,2710
20140.13,22,1157,2710
20140.26,22,1157,2710
20140.38,22,1157,2710
20140.51,22,1157,2710
20140.64,22,1157,2710
20140.76,22,1157,2710
20140.89,22,1157,2710
20150.08,21,1157,2711
20150.21,21,1157,2711
20150.33,21,1157,2711
20150.46,21,1157,2711
20150.58,21,1157,2711
20150.71,21,1157,2711
20150.83,21,1157,2711
20150.96,21,1157,2711
20160.04,21,1157,2711
20160.17,21,1157,2711
20160.30,21,1157,2711
20160.42,21,1157,2711
20160.55,21,1157,2711
20160.67,21,1157,2711
20160.80,21,1157,2711
20160.93,21,1157,2711
20170.12,20,1157,2712
20170.25,20,1157,2712
20170.38,20,1157,2712
20170.50,20,1157,2712
20170.63,20,1157,2712
20170.75,20,1157,2712
20170.88,20,1157,2712
20180.08,20,1157,2712
20180.20,20,1157,2712
20180.33,20,1157,2712
20180.46,20,1157,2712
20180.58,20,1157,2712
20180.71,20,1157,2712
20180.83,20,1157,2712
20180.96,20,1157,2712
20190.01,20,1157,2712
20190.14,20,1157,2712
20190.27,20,1157,2712
20190.39,20,1157,2712
20190.52,20,1157,2712
20190.65,20,1157,2712
20190.77,20,1157,2712
20190.90,20,1157,2712
20200.10,20,1157,2712
20200.22,20,1157,2712
20200.35,20,1157,2712
20200.48,20,1157,2712
20200.60,20,1157,2712
20200.73,20,1157,2712
20200.85,20,1157,2712
20200.98,20,1157,2712
20210.03,20,1157,2712
20210.16,20,1157,2712
20210.29,20,1157,2712
20210.41,20,1157,2712
20210.53,20,1157,2712
20210.66,20,1157,2712
20210.79,20,1157,2712
20210.91,20,1157,2712
20220.10,20,1157,2712
20220.23,20,1157,2712
20220.35,19,1157,2713
20220.48,19,1157,2713
20220.61,19,1157,2713
20220.73,19,1157,2713
20220.86,19,1157,2713
20220.98,19,1157,2713
20230.07,19,1157,2713
20230.19,19,1157,2713
20230.32,19,1157,2713
20230.45,19,1157,2713
20230.57,19,1157,2713
20230.70,19,1157,2713
20230.82,19,1157,2713
20230.95,19,1157,2713
20240.06,6,1157,2726
20240.19,6,1157,2726
20240.32,6,1157,2726
20240.43,6,1157,2726
20240.55,6,1157,2726
20240.67,6,1157,2726
20240.79,6,1157,2726
20240.92,6,1157,2726
20250.11,17,1160,2729
20250.23,17,1160,2729
20250.36,17,1160,2729
20250.49,17,1160,2729
20250.61,17,1160,2729
20250.74,17,1160,2729
20250.87,17,1160,2729
20250.99,17,1160,2729
20260.06,20,1163,2729
20260.19,20,1163,2729
20260.31,20,1163,2729
20260.44,20,1163,2729
20260.57,20,1163,2729
20260.69,20,1163,2729
20260.82,20,1163,2729
20260.95,20,1163,2729
20270.03,21,1164,2729
20270.16,21,1164,2729
20270.28,21,1164,2729
20270.41,21,1164,2729
20270.54,21,1164,2729
20270.66,21,1164,2729
20270.79,21,1164,2729
20270.91,21,1164,2729
20280.11,21,1164,2729
20280.24,21,1164,2729
20280.36,21,1164,2729
20280.49,21,1164,2729
20280.61,21,1164,2729
20280.74,21,1164,2729
20280.87,21,1164,2729
20280.99,21,1164,2729
20290.07,22,1165,2729
20290.19,22,1165,2729
20290.32,22,1165,2729
20290.45,22,1165,2729
20290.57,22,1165,2729
20290.70,22,1165,2729
20290.82,22,1165,2729
20290.95,22,1165,2729
20300.02,22,1165,2729
20300.15,22,1165,2729
20300.27,22,1165,2729
20300.40,22,1165,2729
20300.53,22,1165,2729
20300.65,22,1165,2729
20300.78,22,1165,2729
20300.90,22,1165,2729
20310.11,22,1165,2729
20310.24,22,1165,2729
20310.36,22,1165,2729
20310.49,22,1165,2729
20310.61,22,1165,2729
20310.74,22,1165,2729
20310.86,22,1165,2729
20310.99,22,1165,2729
20320.10,22,1165,2729
20320.23,22,1165,2729
20320.35,22,1165,2729
20320.48,22,1165,2729
20320.61,22,1165,2729
20320.73,22,1165,2729
20320.86,22,1165,2729
20320.98,22,1165,2729
20330.05,22,1165,2729
20330.18,22,1165,2729
20330.30,22,1165,2729
20330.43,22,1165,2729
20330.56,22,1165,2729
20330.68,22,1165,2729
20330.81,22,1165,2729
20330.94,22,1165,2729
20340.01,20,1165,2731
20340.13,20,1165,2731
20340.26,20,1165,2731
20340.39,20,1165,2731
20340.51,20,1165,2731
20340.64,20,1165,2731
20340.76,20,1165,2731
20340.89,20,1165,2731
20350.09,20,1165,2731
20350.22,20,1165,2731
20350.35,20,1165,2731
20350.47,20,1165,2731
20350.60,20,1165,2731
20350.73,20,1165,2731
20350.85,20,1165,2731
20350.98,20,1165,2731
20360.07,19,1165,2732
20360.20,19,1165,2732
20360.33,19,1165,2732
20360.45,19,1165,2732
20360.58,19,1165,2732
20360.70,19,1165,2732
20360.83,19,1165,2732
20360.95,19,1165,2732
20370.03,19,1165,2732
20370.15,19,1165,2732
20370.31,19,1165,2732
20370.43,19,1165,2732
20370.56,19,1165,2732
20370.68,19,1165,2732
20370.81,19,1165,2732
20370.93,19,1165,2732
20380.12,19,1165,2732
20380.24,19,1165,2732
20380.37,19,1165,2732
20380.50,19,1165,2732
20380.62,19,1165,2732
20380.75,19,1165,2732
20380.87,19,1165,2732
20381.00,19,1165,2732
20390.09,19,1165,2732
20390.21,19,1165,2732
20390.34,19,1165,2732
20390.47,19,1165,2732
20390.59,19,1165,2732
20390.72,19,1165,2732
20390.84,19,1165,2732
20390.96,19,1165,2732
20400.11,7,1165,2744
20400.24,6,1165,2745
20400.36,6,1165,2745
20400.49,6,1165,2745
20400.61,6,1165,2745
20400.74,6,1165,2745
20400.87,6,1165,2745
20400.99,6,1165,2745
20410.03,16,1166,2747
20410.16,16,1166,2747
20410.28,16,1166,2747
20410.41,16,1166,2747
20410.53,16,1166,2747
20410.66,16,1166,2747
20410.79,16,1166,2747
20410.91,16,1166,2747
20420.12,17,1168,2748
20420.24,18,1169,2748
20420.37,18,1169,2748
20420.51,18,1169,2748
20420.64,18,1169,2748
20420.76,18,1169,2748
20420.89,18,1169,2748
20430.08,19,1170,2748
20430.21,19,1170,2748
20430.33,19,1170,2748
20430.46,19,1170,2748
20430.58,19,1170,2748
20430.71,19,1170,2748
20430.84,19,1170,2748
20430.96,19,1170,2748
20440.07,19,1170,2748
20440.22,19,1170,2748
20440.37,20,1171,2748
20440.52,20,1171,2748
20440.68,20,1171,2748
20440.80,20,1171,2748
20440.93,20,1171,2748
20450.04,21,1172,2748
20450.17,21,1172,2748
20450.30,21,1172,2748
20450.42,21,1172,2748
20450.55,21,1172,2748
20450.67,21,1172,2748
20450.80,21,1172,2748
20450.93,21,1172,2748
20460.07,22,1173,2748
20460.18,22,1173,2748
20460.29,22,1173,2748
20460.40,22,1173,2748
20460.51,22,1173,2748
20460.62,22,1173,2748
20460.73,22,1173,2748
20460.85,22,1173,2748
20460.96,22,1173,2748
20470.09,22,1173,2748
20470.20,22,1173,2748
20470.32,22,1173,2748
20470.43,22,1173,2748
20470.54,22,1173,2748
20470.65,22,1173,2748
20470.76,22,1173,2748
20470.87,22,1173,2748
20470.98,22,1173,2748
20480.09,22,1173,2748
20480.20,22,1173,2748
20480.31,22,1173,2748
20480.44,22,1173,2748
20480.56,22,1173,2748
20480.67,22,1173,2748
20480.78,22,1173,2748
20480.89,22,1173,2748
20481.00,22,1173,2748
20490.03,22,1173,2748
20490.14,22,1173,2748
20490.25,22,1173,2748
20490.36,22,1173,2748
20490.47,22,1173,2748
20490.60,22,1173,2748
20490.72,22,1173,2748
20490.84,22,1173,2748
20490.95,22,1173,2748
20500.02,21,1173,2749
20500.13,21,1173,2749
20500.24,21,1173,2749
20500.35,21,1173,2749
20500.46,21,1173,2749
20500.57,21,1173,2749
20500.68,21,1173,2749
20500.80,21,1173,2749
20500.91,21,1173,2749
20510.08,20,1173,2750
20510.19,20,1173,2750
20510.30,20,1173,2750
20510.43,20,1173,2750
20510.54,20,1173,2750
20510.65,20,1173,2750
20510.76,20,1173,2750
20510.88,20,1173,2750
20510.99,20,1173,2750
20520.09,20,1173,2750
20520.20,20,1173,2750
20520.31,20,1173,2750
20520.42,20,1173,2750
20520.53,20,1173,2750
20520.64,20,1173,2750
20520.75,20,1173,2750
20520.87,20,1173,2750
20521.00,20,1173,2750
20530.01,19,1173,2751
20530.16,19,1173,2751
20530.27,19,1173,2751
20530.38,19,1173,2751
20530.49,19,1173,2751
20530.60,19,1173,2751
20530.71,19,1173,2751
20530.82,19,1173,2751
20530.93,19,1173,2751
20540.04,19,1173,2751
20540.15,19,1173,2751
20540.28,19,1173,2751
20540.38,19,1173,2751
20540.50,19,1173,2751
20540.61,19,1173,2751
20540.72,19,1173,2751
20540.84,19,1173,2751
20540.95,19,1173,2751
20550.10,8,1173,2762
20550.21,8,1173,2762
20550.32,8,1173,2762
20550.45,8,1173,2762
20550.56,8,1173,2762
20550.67,8,1173,2762
20550.78,8,1173,2762
20550.89,8,1173,2762
20551.00,8,1173,2762
20560.11,5,1173,2765
20560.22,5,1173,2765
20560.33,5,1173,2765
20560.44,5,1173,2765
20560.55,5,1173,2765
20560.66,5,1173,2765
20560.78,5,1173,2765
20560.89,5,1173,2765
20561.00,5,1173,2765
20570.10,17,1175,2766
20570.21,18,1176,2766
20570.32,18,1176,2766
20570.43,19,1177,2766
20570.54,19,1177,2766
20570.65,19,1177,2766
20570.77,19,1177,2766
20570.88,19,1177,2766
20570.99,19,1177,2766
20580.04,22,1181,2767
20580.17,22,1181,2767
20580.28,22,1181,2767
20580.39,22,1181,2767
20580.50,22,1181,2767
20580.61,22,1181,2767
20580.72,22,1181,2767
20580.83,22,1181,2767
20580.95,22,1181,2767
20590.01,22,1181,2767
20590.12,22,1181,2767
20590.23,22,1181,2767
20590.35,22,1181,2767
20590.46,22,1181,2767
20590.57,22,1181,2767
20590.68,22,1181,2767
20590.80,22,1181,2767
20590.91,22,1181,2767
20600.07,23,1182,2767
20600.18,23,1182,2767
20600.30,23,1182,2767
20600.42,23,1182,2767
20600.53,23,1182,2767
20600.66,23,1182,2767
20600.77,23,1182,2767
20600.88,23,1182,2767
20600.99,23,1182,2767
20610.02,23,1182,2767
20610.13,23,1182,2767
20610.24,23,1182,2767
20610.35,23,1182,2767
20610.48,23,1182,2767
20610.59,23,1182,2767
20610.71,23,1182,2767
20610.82,23,1182,2767
20610.95,23,1182,2767
20620.03,23,1182,2767
20620.14,23,1182,2767
20620.25,23,1182,2767
20620.36,23,1182,2767
20620.48,23,1182,2767
20620.59,23,1182,2767
20620.71,23,1182,2767
20620.82,23,1182,2767
20620.93,23,1182,2767
20630.01,23,1182,2767
20630.14,23,1182,2767
20630.26,23,1182,2767
20630.37,23,1182,2767
20630.48,23,1182,2767
20630.59,23,1182,2767
20630.70,23,1182,2767
20630.81,23,1182,2767
20630.94,23,1182,2767
20640.04,22,1182,2768
20640.15,22,1182,2768
20640.26,22,1182,2768
20640.37,22,1182,2768
20640.48,22,1182,2768
20640.59,22,1182,2768
20640.70,22,1182,2768
20640.81,22,1182,2768
20640.94,22,1182,2768
20650.12,22,1182,2768
20650.25,22,1182,2768
20650.37,22,1182,2768
20650.48,22,1182,2768
20650.59,22,1182,2768
20650.70,22,1182,2768
20650.81,22,1182,2768
20650.92,22,1182,2768
20660.10,22,1182,2768
20660.21,22,1182,2768
20660.34,22,1182,2768
20660.47,22,1182,2768
20660.58,22,1182,2768
20660.69,22,1182,2768
20660.80,22,1182,2768
20660.92,22,1182,2768
20670.04,22,1182,2768
20670.15,21,1182,2769
20670.26,21,1182,2769
20670.37,21,1182,2769
20670.50,21,1182,2769
20670.62,21,1182,2769
20670.74,21,1182,2769
20670.85,21,1182,2769
20670.96,21,1182,2769
20680.09,20,1182,2770
20680.20,20,1182,2770
20680.31,20,1182,2770
20680.42,20,1182,2770
20680.53,20,1182,2770
20680.65,20,1182,2770
20680.76,20,1182,2770
20680.87,20,1182,2770
20680.98,20,1182,2770
20690.08,20,1182,2770
20690.19,20,1182,2770
20690.30,20,1182,2770
20690.41,20,1182,2770
20690.52,20,1182,2770
20690.63,20,1182,2770
20690.75,20,1182,2770
20690.86,20,1182,2770
20690.97,20,1182,2770
20700.09,20,1182,2770
20700.20,20,1182,2770
20700.31,20,1182,2770
20700.42,20,1182,2770
20700.55,20,1182,2770
20700.66,20,1182,2770
20700.77,20,1182,2770
20700.88,20,1182,2770
20701.00,20,1182,2770
20710.03,15,1182,2786
20710.16,15,1182,2786
20710.27,15,1182,2786
20710.38,15,1182,2786
20710.49,15,1182,2786
20710.60,15,1182,2786
20710.71,15,1182,2786
20710.82,15,1182,2786
20710.93,16,1183,2786
20720.04,18,1187,2788
20720.15,18,1187,2788
20720.28,18,1187,2788
20720.39,18,1187,2788
20720.50,18,1187,2788
20720.63,18,1187,2788
20720.75,18,1187,2788
20720.86,18,1187,2788
20720.97,19,1188,2788
20730.11,20,1189,2788
20730.22,20,1189,2788
20730.33,20,1189,2788
20730.45,20,1189,2788
20730.56,20,1189,2788
20730.68,20,1189,2788
20730.79,20,1189,2788
20730.90,20,1189,2788
20740.10,21,1190,2788
20740.21,21,1190,2788
20740.32,21,1190,2788
20740.43,21,1190,2788
20740.55,21,1190,2788
20740.68,21,1190,2788
20740.79,21,1190,2788
20740.90,21,1190,2788
20750.02,21,1190,2788
20750.13,21,1190,2788
20750.24,21,1190,2788
20750.35,21,1190,2788
20750.46,21,1190,2788
20750.57,21,1190,2788
20750.69,21,1190,2788
20750.80,21,1190,2788
20750.93,21,1190,2788
20760.10,22,1191,2788
20760.21,22,1191,2788
20760.32,22,1191,2788
20760.43,22,1191,2788
20760.54,22,1191,2788
20760.65,22,1191,2788
20760.77,22,1191,2788
20760.88,22,1191,2788
20760.99,22,1191,2788
20770.03,22,1191,2788
20770.15,22,1191,2788
20770.26,22,1191,2788
20770.37,22,1191,2788
20770.50,22,1191,2788
20770.61,22,1191,2788
20770.74,22,1191,2788
20770.85,22,1191,2788
20770.96,22,1191,2788
20780.09,22,1191,2788
20780.22,22,1191,2788
20780.33,22,1191,2788
20780.45,22,1191,2788
20780.56,22,1191,2788
20780.69,22,1191,2788
20780.80,22,1191,2788
20780.92,22,1191,2788
20790.03,22,1191,2788
20790.16,22,1191,2788
20790.27,22,1191,2788
20790.40,22,1191,2788
20790.51,22,1191,2788
20790.62,22,1191,2788
20790.74,22,1191,2788
20790.85,22,1191,2788
20790.96,22,1191,2788
20800.10,22,1191,2788
20800.21,22,1191,2788
20800.32,22,1191,2788
20800.43,22,1191,2788
20800.55,22,1191,2788
20800.68,22,1191,2788
20800.79,22,1191,2788
20800.90,22,1191,2788
20810.07,21,1191,2789
20810.18,21,1191,2789
20810.30,21,1191,2789
20810.41,21,1191,2789
20810.52,21,1191,2789
20810.63,21,1191,2789
20810.75,21,1191,2789
20810.86,21,1191,2789
20810.99,21,1191,2789
20820.08,21,1191,2789
20820.19,21,1191,2789
20820.30,21,1191,2789
20820.42,21,1191,2789
20820.53,21,1191,2789
20820.66,20,1191,2790
20820.77,20,1191,2790
20820.88,20,1191,2790
20820.99,20,1191,2790
20830.12,20,1191,2790
20830.23,20,1191,2790
20830.34,20,1191,2790
20830.45,20,1191,2790
20830.56,20,1191,2790
20830.67,20,1191,2790
20830.80,20,1191,2790
20830.93,20,1191,2790
20840.09,20,1191,2790
20840.20,20,1191,2790
20840.33,20,1191,2790
20840.45,20,1191,2790
20840.58,20,1191,2790
20840.69,20,1191,2790
20840.80,20,1191,2790
20840.91,20,1191,2790
20850.09,7,1191,2803
20850.20,7,1191,2803
20850.31,7,1191,2803
20850.43,7,1191,2803
20850.54,7,1191,2803
20850.65,7,1191,2803
20850.76,6,1191,2804
20850.87,6,1191,2804
20850.98,6,1191,2804
20860.05,18,1195,2807
20860.16,18,1195,2807
20860.27,18,1195,2807
20860.38,18,1195,2807
20860.49,18,1195,2807
20860.60,18,1195,2807
20860.71,18,1195,2807
20860.82,18,1195,2807
20860.93,18,1195,2807
20870.01,19,1196,2807
20870.14,19,1196,2807
20870.25,19,1196,2807
20870.36,19,1196,2807
20870.48,19,1196,2807
20870.59,19,1196,2807
20870.72,19,1196,2807
20870.83,19,1196,2807
20870.94,19,1196,2807
20880.10,18,1196,2808
20880.23,18,1196,2808
20880.34,18,1196,2808
20880.45,18,1196,2808
20880.56,18,1196,2808
20880.67,18,1196,2808
20880.78,18,1196,2808
20880.90,18,1196,2808
20890.10,19,1197,2808
20890.23,19,1197,2808
20890.34,19,1197,2808
20890.45,19,1197,2808
20890.56,19,1197,2808
20890.67,19,1197,2808
20890.78,19,1197,2808
20890.90,19,1197,2808
20900.08,20,1198,2808
20900.20,20,1198,2808
20900.31,20,1198,2808
20900.44,21,1199,2808
20900.55,21,1199,2808
20900.66,21,1199,2808
20900.77,21,1199,2808
20900.88,21,1199,2808
20910.04,21,1199,2808
20910.17,21,1199,2808
20910.29,21,1199,2808
20910.42,21,1199,2808
20910.53,21,1199,2808
20910.64,21,1199,2808
20910.75,21,1199,2808
20910.86,21,1199,2808
20910.98,21,1199,2808
20920.03,21,1199,2808
20920.14,21,1199,2808
20920.26,21,1199,2808
20920.38,21,1199,2808
20920.49,21,1199,2808
20920.60,21,1199,2808
20920.73,21,1199,2808
20920.84,21,1199,2808
20920.95,22,1200,2808
20930.04,22,1200,2808
20930.17,22,1200,2808
20930.28,22,1200,2808
20930.42,22,1200,2808
20930.54,22,1200,2808
20930.66,22,1200,2808
20930.78,22,1200,2808
20930.89,22,1200,2808
20931.00,22,1200,2808
20940.10,21,1200,2809
20940.23,21,1200,2809
20940.34,21,1200,2809
20940.48,21,1200,2809
20940.59,21,1200,2809
20940.70,21,1200,2809
20940.81,21,1200,2809
20940.93,21,1200,2809
20950.07,21,1200,2809
20950.20,21,1200,2809
20950.31,21,1200,2809
20950.43,21,1200,2809
20950.55,21,1200,2809
20950.66,21,1200,2809
20950.77,21,1200,2809
20950.90,21,1200,2809
20960.05,21,1200,2809
20960.16,21,1200,2809
20960.27,21,1200,2809
20960.39,21,1200,2809
20960.51,21,1200,2809
20960.64,21,1200,2809
20960.76,21,1200,2809
20960.89,21,1200,2809
20961.00,21,1200,2809
20970.02,21,1200,2809
20970.13,21,1200,2809
20970.26,21,1200,2809
20970.37,21,1200,2809
20970.48,21,1200,2809
20970.60,21,1200,2809
20970.72,21,1200,2809
20970.83,21,1200,2809
20970.95,21,1200,2809
20980.08,21,1200,2809
20980.19,21,1200,2809
20980.31,21,1200,2809
20980.42,21,1200,2809
20980.53,21,1200,2809
20980.65,21,1200,2809
20980.78,21,1200,2809
20980.90,21,1200,2809
20990.02,20,1200,2810
20990.13,20,1200,2810
20990.24,20,1200,2810
20990.35,20,1200,2810
20990.46,20,1200,2810
20990.59,20,1200,2810
20990.71,20,1200,2810
20990.82,20,1200,2810
20990.95,20,1200,2810
21000.01,5,1200,2825
21000.12,5,1200,2825
21000.23,5,1200,2825
21000.34,5,1200,2825
21000.45,5,1200,2825
21000.56,5,1200,2825
21000.67,5,1200,2825
21000.79,5,1200,2825
21000.91,5,1200,2825
21010.01,5,1200,2825
21010.12,5,1200,2825
21010.25,5,1200,2825
21010.36,5,1200,2825
21010.47,5,1200,2825
21010.58,5,1200,2825
21010.69,5,1200,2825
21010.81,5,1200,2825
21010.92,5,1200,2825
21020.02,16,1201,2826
21020.13,16,1201,2826
21020.24,16,1201,2826
21020.37,16,1201,2826
21020.48,16,1201,2826
21020.59,16,1201,2826
21020.70,16,1201,2826
21020.83,16,1201,2826
21020.94,16,1201,2826
21030.02,21,1206,2826
21030.14,21,1206,2826
21030.27,21,1206,2826
21030.39,21,1206,2826
21030.52,20,1206,2827
21030.64,20,1206,2827
21030.77,20,1206,2827
21030.89,20,1206,2827
21031.00,20,1206,2827
21040.06,20,1207,2828
21040.20,20,1207,2828
21040.31,20,1207,2828
21040.44,20,1207,2828
21040.55,20,1207,2828
21040.66,20,1207,2828
21040.78,20,1207,2828
21040.90,20,1207,2828
21050.10,20,1207,2828
21050.23,20,1207,2828
21050.34,20,1207,2828
21050.46,20,1207,2828
21050.57,20,1207,2828
21050.68,20,1207,2828
21050.80,20,1207,2828
21050.92,20,1207,2828
21060.07,22,1209,2828
21060.20,22,1209,2828
21060.31,22,1209,2828
21060.42,22,1209,2828
21060.54,22,1209,2828
21060.65,22,1209,2828
21060.78,22,1209,2828
21060.90,22,1209,2828
21070.01,22,1209,2828
21070.12,22,1209,2828
21070.24,22,1209,2828
21070.37,22,1209,2828
21070.50,22,1209,2828
21070.62,22,1209,2828
21070.73,22,1209,2828
21070.84,22,1209,2828
21070.95,22,1209,2828
21080.08,22,1209,2828
21080.19,22,1209,2828
21080.30,22,1209,2828
21080.43,22,1209,2828
21080.56,22,1209,2828
21080.68,22,1209,2828
21080.79,22,1209,2828
21080.92,22,1209,2828
21090.09,21,1209,2829
21090.21,21,1209,2829
21090.33,21,1209,2829
21090.44,21,1209,2829
21090.57,21,1209,2829
21090.69,21,1209,2829
21090.80,21,1209,2829
21100.04,21,1209,2829
21100.17,21,1209,2829
21100.28,21,1209,2829
21100.40,21,1209,2829
21100.52,21,1209,2829
21100.64,21,1209,2829
21100.75,21,1209,2829
21100.88,21,1209,2829
21100.99,21,1209,2829
21110.08,21,1209,2829
21110.19,21,1209,2829
21110.31,21,1209,2829
21110.42,21,1209,2829
21110.55,21,1209,2829
21110.66,21,1209,2829
21110.79,21,1209,2829
21110.90,21,1209,2829
21120.09,21,1209,2829
21120.21,21,1209,2829
21120.34,21,1209,2829
21120.45,21,1209,2829
21120.57,21,1209,2829
21120.68,21,1209,2829
21120.81,21,1209,2829
21120.93,21,1209,2829
21130.07,21,1209,2829
21130.19,21,1209,2829
21130.30,21,1209,2829
21130.43,21,1209,2829
21130.54,21,1209,2829
21130.66,21,1209,2829
21130.78,21,1209,2829
21130.89,21,1209,2829
21140.03,21,1209,2829
21140.15,21,1209,2829
21140.26,21,1209,2829
21140.39,21,1209,2829
21140.51,21,1209,2829
21140.64,21,1209,2829
21140.76,21,1209,2829
21140.87,21,1209,2829
21141.00,21,1209,2829
21150.01,21,1209,2829
21150.12,21,1209,2829
21150.23,21,1209,2829
21150.35,21,1209,2829
21150.46,21,1209,2829
21150.59,21,1209,2829
21150.70,21,1209,2829
21150.82,21,1209,2829
21150.95,21,1209,2829
21160.02,8,1209,2842
21160.13,8,1209,2842
21160.24,8,1209,2842
21160.35,8,1209,2842
21160.46,8,1209,2842
21160.57,8,1209,2842
21160.68,8,1209,2842
21160.79,8,1209,2842
21160.91,8,1209,2842
21170.03,18,1212,2846
21170.16,18,1212,2846
21170.27,18,1212,2846
21170.38,18,1212,2846
21170.51,18,1212,2846
21170.62,18,1212,2846
21170.73,18,1212,2846
21170.85,18,1212,2846
21170.96,18,1212,2846
21180.08,19,1214,2847
21180.21,19,1214,2847
21180.33,19,1214,2847
21180.46,19,1214,2847
21180.59,19,1214,2847
21180.70,19,1214,2847
21180.82,19,1214,2847
21180.93,19,1214,2847
21190.09,19,1214,2847
21190.20,19,1214,2847
21190.33,19,1214,2847
21190.44,19,1214,2847
21190.56,19,1214,2847
21190.69,19,1214,2847
21190.80,19,1214,2847
21190.91,19,1214,2847
21200.09,19,1215,2848
21200.20,19,1215,2848
21200.31,19,1215,2848
21200.43,19,1215,2848
21200.54,19,1215,2848
21200.67,19,1215,2848
21200.79,19,1215,2848
21200.91,19,1215,2848
21210.01,19,1215,2848
21210.14,19,1215,2848
21210.25,19,1215,2848
21210.36,19,1215,2848
21210.49,19,1215,2848
21210.60,19,1215,2848
21210.72,19,1215,2848
21210.85,19,1215,2848
21210.97,19,1215,2848
21220.03,19,1215,2848
21220.16,19,1215,2848
21220.27,19,1215,2848
21220.39,19,1215,2848
21220.51,19,1215,2848
21220.62,19,1215,2848
21220.73,19,1215,2848
21220.85,19,1215,2848
21220.98,19,1215,2848
21230.02,19,1215,2848
21230.14,19,1215,2848
21230.27,19,1215,2848
21230.39,19,1215,2848
21230.52,19,1215,2848
21230.63,19,1215,2848
21230.74,19,1215,2848
21230.87,19,1215,2848
21230.98,19,1215,2848
21240.12,19,1215,2848
21240.23,19,1215,2848
21240.36,19,1215,2848
21240.47,19,1215,2848
21240.59,19,1215,2848
21240.70,19,1215,2848
21240.83,19,1215,2848
21240.97,19,1215,2848
21250.02,19,1215,2848
21250.15,19,1215,2848
21250.26,19,1215,2848
21250.39,19,1215,2848
21250.51,19,1215,2848
21250.62,19,1215,2848
21250.73,19,1215,2848
21250.86,19,1215,2848
21250.97,19,1215,2848
21260.05,19,1215,2848
21260.17,19,1215,2848
21260.28,19,1215,2848
21260.39,19,1215,2848
21260.52,19,1215,2848
21260.63,19,1215,2848
21260.74,19,1215,2848
21260.85,19,1215,2848
21260.96,19,1215,2848
21270.09,18,1215,2849
21270.21,18,1215,2849
21270.33,18,1215,2849
21270.45,18,1215,2849
21270.57,18,1215,2849
21270.68,18,1215,2849
21270.79,18,1215,2849
21270.90,18,1215,2849
21280.03,18,1215,2849
21280.15,18,1215,2849
21280.27,18,1215,2849
21280.40,18,1215,2849
21280.51,18,1215,2849
21280.62,18,1215,2849
21280.73,18,1215,2849
21280.84,18,1215,2849
21280.95,18,1215,2849
21290.06,17,1215,2850
21290.17,17,1215,2850
21290.30,17,1215,2850
21290.41,17,1215,2850
21290.52,17,1215,2850
21290.64,17,1215,2850
21290.75,17,1215,2850
21290.88,17,1215,2850
21290.99,17,1215,2850
21300.04,17,1215,2850
21300.15,17,1215,2850
21300.27,17,1215,2850
21300.38,17,1215,2850
21300.50,17,1215,2850
21300.61,17,1215,2850
21300.72,17,1215,2850
21300.84,17,1215,2850
21300.97,17,1215,2850
21310.07,5,1215,2862
21310.18,5,1215,2862
21310.30,5,1215,2862
21310.41,5,1215,2862
21310.52,5,1215,2862
21310.63,5,1215,2862
21310.74,5,1215,2862
21310.85,5,1215,2862
21310.97,5,1215,2862
21320.01,5,1215,2862
21320.14,5,1215,2862
21320.25,5,1215,2862
21320.36,5,1215,2862
21320.47,5,1215,2862
21320.58,5,1215,2862
21320.69,5,1215,2862
21320.80,5,1215,2862
21320.91,5,1215,2862
21330.01,5,1215,2862
21330.12,5,1215,2862
21330.24,5,1215,2862
21330.35,5,1215,2862
21330.46,5,1215,2862
21330.57,5,1215,2862
21330.68,5,1215,2862
21330.79,5,1215,2862
21330.90,5,1215,2862
21340.03,5,1215,2862
21340.14,5,1215,2862
21340.25,5,1215,2862
21340.36,5,1215,2862
21340.48,5,1215,2862
21340.59,5,1215,2862
21340.70,5,1215,2862
21340.81,5,1215,2862
21340.92,5,1215,2862
21350.10,5,1215,2862
21350.21,5,1215,2862
21350.33,5,1215,2862
21350.45,5,1215,2862
21350.56,5,1215,2862
21350.67,5,1215,2862
21350.78,5,1215,2862
21350.89,5,1215,2862
21351.00,5,1215,2862
21360.11,5,1215,2862
21360.22,5,1215,2862
21360.33,5,1215,2862
21360.44,5,1215,2862
21360.57,5,1215,2862
21360.68,5,1215,2862
21360.79,5,1215,2862
21360.90,5,1215,2862
21370.07,5,1215,2862
21370.18,5,1215,2862
21370.29,5,1215,2862
21370.40,5,1215,2862
21370.51,5,1215,2862
21370.62,5,1215,2862
21370.73,5,1215,2862
21370.84,5,1215,2862
21370.97,5,1215,2862
21380.11,5,1215,2862
21380.22,5,1215,2862
21380.33,5,1215,2862
21380.44,5,1215,2862
21380.55,5,1215,2862
21380.66,5,1215,2862
21380.77,5,1215,2862
21380.88,5,1215,2862
21380.99,5,1215,2862
21390.06,5,1215,2862
21390.17,5,1215,2862
21390.30,5,1215,2862
21390.41,5,1215,2862
21390.52,5,1215,2862
21390.63,5,1215,2862
21390.74,5,1215,2862
21390.85,5,1215,2862
21390.96,5,1215,2862
21400.05,20,1220,2864
21400.16,20,1220,2864
21400.29,20,1220,2864
21400.42,20,1220,2864
21400.54,20,1220,2864
21400.65,20,1220,2864
21400.78,20,1220,2864
21400.90,20,1220,2864
21410.04,20,1222,2866
21410.15,21,1223,2866
21410.27,21,1223,2866
21410.39,21,1223,2866
21410.50,21,1223,2866
21410.62,21,1223,2866
21410.75,21,1223,2866
21410.87,21,1223,2866
21410.99,21,1223,2866
21420.12,22,1224,2866
21420.24,22,1224,2866
21420.37,22,1224,2866
21420.49,22,1224,2866
21420.62,22,1224,2866
21420.73,22,1224,2866
21420.86,22,1224,2866
21420.98,22,1224,2866
21430.11,21,1224,2867
21430.23,21,1224,2867
21430.34,21,1224,2867
21430.47,21,1224,2867
21430.59,21,1224,2867
21430.72,21,1224,2867
21430.84,21,1224,2867
21430.97,21,1224,2867
21440.04,22,1225,2867
21440.16,22,1225,2867
21440.29,22,1225,2867
21440.41,22,1225,2867
21440.52,22,1225,2867
21440.65,22,1225,2867
21440.77,22,1225,2867
21440.90,22,1225,2867
21450.06,22,1225,2867
21450.19,22,1225,2867
21450.31,22,1225,2867
21450.44,22,1225,2867
21450.57,22,1225,2867
21450.69,22,1225,2867
21450.80,22,1225,2867
21450.93,22,1225,2867
21460.13,22,1225,2867
21460.25,22,1225,2867
21460.38,22,1225,2867
21460.51,22,1225,2867
21460.63,22,1225,2867
21460.76,22,1225,2867
21460.87,22,1225,2867
21460.99,22,1225,2867
21470.04,22,1225,2867
21470.16,22,1225,2867
21470.28,22,1225,2867
21470.41,22,1225,2867
21470.52,22,1225,2867
21470.64,22,1225,2867
21470.78,22,1225,2867
21470.91,22,1225,2867
21480.02,22,1225,2867
21480.15,22,1225,2867
21480.27,22,1225,2867
21480.40,22,1225,2867
21480.51,22,1225,2867
21480.64,22,1225,2867
21480.76,22,1225,2867
21480.87,22,1225,2867
21481.00,22,1225,2867
21490.02,22,1225,2867
21490.15,22,1225,2867
21490.28,22,1225,2867
21490.40,22,1225,2867
21490.51,22,1225,2867
21490.64,22,1225,2867
21490.76,22,1225,2867
21490.89,22,1225,2867
21500.08,22,1225,2867
21500.20,22,1225,2867
21500.33,22,1225,2867
21500.45,22,1225,2867
21500.58,22,1225,2867
21500.69,22,1225,2867
21500.81,22,1225,2867
21500.94,22,1225,2867
21510.06,22,1225,2867
21510.19,22,1225,2867
21510.31,22,1225,2867
21510.42,22,1225,2867
21510.55,22,1225,2867
21510.68,22,1225,2867
21510.80,22,1225,2867
21510.93,22,1225,2867
21520.06,22,1225,2867
21520.18,22,1225,2867
21520.31,22,1225,2867
21520.43,22,1225,2867
21520.56,22,1225,2867
21520.67,22,1225,2867
21520.80,22,1225,2867
21520.92,22,1225,2867
21530.01,22,1225,2867
21530.14,22,1225,2867
21530.26,22,1225,2867
21530.39,22,1225,2867
21530.50,22,1225,2867
21530.61,22,1225,2867
21530.74,22,1225,2867
21530.86,22,1225,2867
21530.97,22,1225,2867
21540.11,5,1225,2884
21540.23,5,1225,2884
21540.34,5,1225,2884
21540.45,5,1225,2884
21540.56,5,1225,2884
21540.67,5,1225,2884
21540.78,5,1225,2884
21540.89,5,1225,2884
21541.00,5,1225,2884
21550.01,16,1227,2886
21550.12,16,1227,2886
21550.24,16,1227,2886
21550.37,16,1227,2886
21550.49,16,1227,2886
21550.62,16,1227,2886
21550.73,16,1227,2886
21550.86,16,1227,2886
21550.97,16,1227,2886
21560.08,16,1228,2887
21560.20,16,1228,2887
21560.32,16,1228,2887
21560.45,16,1228,2887
21560.56,16,1228,2887
21560.68,16,1228,2887
21560.81,16,1228,2887
21560.92,16,1228,2887
21570.06,17,1229,2887
21570.18,17,1229,2887
21570.31,17,1229,2887
21570.42,17,1229,2887
21570.53,17,1229,2887
21570.66,17,1229,2887
21570.77,17,1229,2887
21570.89,17,1229,2887
21580.08,19,1231,2887
21580.21,19,1231,2887
21580.33,19,1231,2887
21580.45,19,1231,2887
21580.57,19,1231,2887
21580.70,19,1231,2887
21580.82,19,1231,2887
21580.93,19,1231,2887
21590.04,20,1232,2887
21590.16,20,1232,2887
21590.27,20,1232,2887
21590.40,20,1232,2887
21590.51,20,1232,2887
21590.64,20,1232,2887
21590.75,20,1232,2887
21590.87,20,1232,2887
21591.00,20,1232,2887
21600.03,20,1232,2887
21600.16,20,1232,2887
21600.27,20,1232,2887
21600.39,20,1232,2887
21600.52,20,1232,2887
21600.65,20,1232,2887
21600.76,20,1232,2887
21600.88,20,1232,2887
21600.99,20,1232,2887
21610.01,20,1232,2887
21610.12,20,1232,2887
21610.25,20,1232,2887
21610.36,20,1232,2887
21610.48,20,1232,2887
21610.61,20,1232,2887
21610.72,20,1232,2887
21610.85,20,1232,2887
21610.97,20,1232,2887
21620.07,20,1232,2887
21620.20,20,1232,2887
21620.32,20,1232,2887
21620.43,20,1232,2887
21620.56,20,1232,2887
21620.67,20,1232,2887
21620.80,20,1232,2887
21620.92,20,1232,2887
21630.01,20,1232,2887
21630.13,20,1232,2887
21630.26,20,1232,2887
21630.38,20,1232,2887
21630.51,20,1232,2887
21630.63,20,1232,2887
21630.76,20,1232,2887
21630.87,20,1232,2887
21631.00,20,1232,2887
21640.09,20,1232,2887
21640.20,20,1232,2887
21640.33,20,1232,2887
21640.45,20,1232,2887
21640.58,20,1232,2887
21640.70,20,1232,2887
21640.83,20,1232,2887
21640.96,20,1232,2887
21650.10,20,1232,2887
21650.23,20,1232,2887
21650.35,20,1232,2887
21650.48,20,1232,2887
21650.60,20,1232,2887
21650.72,20,1232,2887
21650.83,20,1232,2887
21650.95,20,1232,2887
21660.04,19,1232,2888
21660.16,19,1232,2888
21660.29,19,1232,2888
21660.40,19,1232,2888
21660.51,19,1232,2888
21660.63,19,1232,2888
21660.75,19,1232,2888
21660.87,19,1232,2888
21660.99,19,1232,2888
21670.10,19,1232,2888
21670.23,19,1232,2888
21670.36,19,1232,2888
21670.48,19,1232,2888
21670.61,19,1232,2888
21670.73,19,1232,2888
21670.86,19,1232,2888
21670.98,19,1232,2888
21680.03,18,1232,2889
21680.14,18,1232,2889
21680.27,18,1232,2889
21680.39,18,1232,2889
21680.52,18,1232,2889
21680.64,18,1232,2889
21680.75,18,1232,2889
21680.88,18,1232,2889
21690.13,8,1232,2899
21690.25,8,1232,2899
21690.36,8,1232,2899
21690.47,8,1232,2899
21690.60,8,1232,2899
21690.71,8,1232,2899
21690.82,8,1232,2899
21690.93,8,1232,2899
21700.09,5,1232,2902
21700.22,5,1232,2902
21700.33,5,1232,2902
21700.45,5,1232,2902
21700.56,5,1232,2902
21700.68,5,1232,2902
21700.80,5,1232,2902
21700.91,5,1232,2902
21710.12,17,1234,2903
21710.23,17,1234,2903
21710.35,17,1234,2903
21710.46,17,1234,2903
21710.59,17,1234,2903
21710.71,17,1234,2903
21710.84,17,1234,2903
21710.95,17,1234,2903
21720.01,19,1236,2903
21720.13,19,1236,2903
21720.25,19,1236,2903
21720.38,19,1236,2903
21720.50,19,1236,2903
21720.63,19,1236,2903
21720.76,19,1236,2903
21720.88,19,1236,2903
21721.00,19,1236,2903
21730.12,19,1236,2903
21730.25,19,1236,2903
21730.37,19,1236,2903
21730.50,19,1236,2903
21730.63,19,1236,2903
21730.75,19,1236,2903
21730.88,19,1236,2903
21731.00,19,1236,2903
21740.11,21,1238,2903
21740.23,21,1238,2903
21740.36,21,1238,2903
21740.48,21,1238,2903
21740.61,21,1238,2903
21740.73,21,1238,2903
21740.84,21,1238,2903
21740.97,21,1238,2903
21750.03,21,1238,2903
21750.15,21,1238,2903
21750.28,21,1238,2903
21750.40,21,1238,2903
21750.53,21,1238,2903
21750.66,21,1238,2903
21750.78,21,1238,2903
21750.91,21,1238,2903
21760.10,21,1238,2903
21760.22,21,1238,2903
21760.33,21,1238,2903
21760.46,21,1238,2903
21760.59,21,1238,2903
21760.71,21,1238,2903
21760.84,21,1238,2903
21760.96,21,1238,2903
21770.08,21,1238,2903
21770.20,21,1238,2903
21770.33,21,1238,2903
21770.44,21,1238,2903
21770.57,21,1238,2903
21770.68,21,1238,2903
21770.80,21,1238,2903
21770.93,21,1238,2903
21780.04,21,1238,2903
21780.17,21,1238,2903
21780.29,21,1238,2903
21780.41,21,1238,2903
21780.53,21,1238,2903
21780.64,21,1238,2903
21780.77,21,1238,2903
21780.89,21,1238,2903
21790.13,20,1238,2904
21790.25,20,1238,2904
21790.38,20,1238,2904
21790.50,20,1238,2904
21790.63,20,1238,2904
21790.74,20,1238,2904
21790.86,20,1238,2904
21790.98,20,1238,2904
21800.06,20,1238,2904
21800.18,20,1238,2904
21800.31,20,1238,2904
21800.44,20,1238,2904
21800.56,20,1238,2904
21800.67,20,1238,2904
21800.80,20,1238,2904
21800.92,20,1238,2904
21810.03,20,1238,2904
21810.16,20,1238,2904
21810.28,20,1238,2904
21810.41,20,1238,2904
21810.54,20,1238,2904
21810.66,20,1238,2904
21810.79,20,1238,2904
21810.91,20,1238,2904
21820.05,18,1238,2906
21820.17,18,1238,2906
21820.30,18,1238,2906
21820.43,18,1238,2906
21820.55,18,1238,2906
21820.69,18,1238,2906
21820.82,18,1238,2906
21820.95,18,1238,2906
21830.04,17,1238,2907
21830.17,17,1238,2907
21830.29,17,1238,2907
21830.42,17,1238,2907
21830.53,17,1238,2907
21830.66,17,1238,2907
21830.77,17,1238,2907
21830.88,17,1238,2907
21840.09,17,1238,2907
21840.21,17,1238,2907
21840.34,17,1238,2907
21840.46,17,1238,2907
21840.59,17,1238,2907
21840.71,17,1238,2907
21840.84,17,1238,2907
21840.97,17,1238,2907
21850.08,17,1238,2907
21850.19,17,1238,2907
21850.32,17,1238,2907
21850.44,17,1238,2907
21850.57,17,1238,2907
21850.68,17,1238,2907
21850.81,17,1238,2907
21850.93,17,1238,2907
21860.09,6,1238,2918
21860.20,6,1238,2918
21860.31,6,1238,2918
21860.42,6,1238,2918
21860.54,6,1238,2918
21860.67,6,1238,2918
21860.79,6,1238,2918
21860.90,6,1238,2918
21870.00,5,1238,2919
21870.12,5,1238,2919
21870.24,5,1238,2919
21870.35,5,1238,2919
21870.46,5,1238,2919
21870.57,5,1238,2919
21870.68,5,1238,2919
21870.79,5,1238,2919
21870.92,5,1238,2919
21880.03,5,1238,2919
21880.14,5,1238,2919
21880.25,5,1238,2919
21880.36,5,1238,2919
21880.49,5,1238,2919
21880.60,5,1238,2919
21880.72,5,1238,2919
21880.84,5,1238,2919
21880.96,5,1238,2919
21890.11,5,1238,2919
21890.22,5,1238,2919
21890.34,5,1238,2919
21890.45,5,1238,2919
21890.56,5,1238,2919
21890.67,5,1238,2919
21890.78,5,1238,2919
21890.90,5,1238,2919
21900.04,5,1238,2919
21900.15,5,1238,2919
21900.26,5,1238,2919
21900.39,5,1238,2919
21900.50,5,1238,2919
21900.61,5,1238,2919
21900.72,5,1238,2919
21900.83,5,1238,2919
21900.94,5,1238,2919
21910.11,5,1238,2919
21910.22,5,1238,2919
21910.33,5,1238,2919
21910.44,5,1238,2919
21910.57,5,1238,2919
21910.68,5,1238,2919
21910.79,5,1238,2919
21910.90,5,1238,2919
21920.01,5,1238,2919
21920.12,5,1238,2919
21920.23,5,1238,2919
21920.36,5,1238,2919
21920.47,5,1238,2919
21920.60,5,1238,2919
21920.71,5,1238,2919
21920.82,5,1238,2919
21920.94,5,1238,2919
21930.09,5,1238,2919
21930.21,5,1238,2919
21930.34,5,1238,2919
21930.45,5,1238,2919
21930.57,5,1238,2919
21930.68,5,1238,2919
21930.81,5,1238,2919
21930.92,5,1238,2919
21940.01,5,1238,2919
21940.12,5,1238,2919
21940.24,5,1238,2919
21940.35,5,1238,2919
21940.48,5,1238,2919
21940.59,5,1238,2919
21940.70,5,1238,2919
21940.83,5,1238,2919
21940.94,5,1238,2919
21950.04,15,1239,2922
21950.17,15,1239,2922
21950.29,15,1239,2922
21950.42,15,1239,2922
21950.53,15,1239,2922
21950.66,15,1239,2922
21950.78,15,1239,2922
21950.89,15,1239,2922
21960.13,15,1239,2922
21960.26,15,1239,2922
21960.38,15,1239,2922
21960.51,15,1239,2922
21960.67,15,1239,2922
21960.81,15,1239,2922
21960.97,15,1239,2922
21970.07,17,1243,2924
21970.20,17,1243,2924
21970.33,17,1243,2924
21970.45,17,1243,2924
21970.58,17,1243,2924
21970.70,17,1243,2924
21970.83,17,1243,2924
21980.08,18,1244,2924
21980.20,18,1244,2924
21980.33,18,1244,2924
21980.45,18,1244,2924
21980.58,18,1244,2924
21980.70,18,1244,2924
21980.83,18,1244,2924
21980.96,18,1244,2924
21990.12,19,1245,2924
21990.24,19,1245,2924
21990.37,19,1245,2924
21990.50,19,1245,2924
21990.62,19,1245,2924
21990.75,19,1245,2924
21990.87,19,1245,2924
21991.00,19,1245,2924
22000.04,19,1245,2924
22000.17,19,1245,2924
22000.29,19,1245,2924
22000.42,19,1245,2924
22000.54,19,1245,2924
22000.67,19,1245,2924
22000.79,19,1245,2924
22000.92,19,1245,2924
22010.08,20,1246,2924
22010.23,20,1246,2924
22010.35,20,1246,2924
22010.48,20,1246,2924
22010.61,20,1246,2924
22010.73,20,1246,2924
22010.86,20,1246,2924
22010.98,20,1246,2924
22020.02,20,1246,2924
22020.14,20,1246,2924
22020.27,20,1246,2924
22020.40,20,1246,2924
22020.52,20,1246,2924
22020.65,20,1246,2924
22020.77,20,1246,2924
22020.90,20,1246,2924
22030.09,20,1246,2924
22030.22,20,1246,2924
22030.34,20,1246,2924
22030.47,20,1246,2924
22030.59,20,1246,2924
22030.72,20,1246,2924
22030.85,20,1246,2924
22030.97,20,1246,2924
22040.12,20,1246,2924
22040.24,20,1246,2924
22040.37,20,1246,2924
22040.50,20,1246,2924
22040.62,20,1246,2924
22040.75,20,1246,2924
22040.87,20,1246,2924
22041.00,20,1246,2924
22050.12,20,1246,2924
22050.25,20,1246,2924
22050.37,20,1246,2924
22050.50,20,1246,2924
22050.62,20,1246,2924
22050.74,20,1246,2924
22050.86,20,1246,2924
22050.99,20,1246,2924
22060.12,20,1246,2924
22060.27,20,1246,2924
22060.39,20,1246,2924
22060.52,20,1246,2924
22060.64,20,1246,2924
22060.77,20,1246,2924
22060.90,20,1246,2924
22070.03,20,1246,2924
22070.16,20,1246,2924
22070.29,20,1246,2924
22070.41,20,1246,2924
22070.54,20,1246,2924
22070.67,20,1246,2924
22070.79,20,1246,2924
22070.92,20,1246,2924
22080.05,20,1246,2924
22080.18,20,1246,2924
22080.31,20,1246,2924
22080.43,20,1246,2924
22080.56,20,1246,2924
22080.69,20,1246,2924
22080.81,20,1246,2924
22080.94,20,1246,2924
22090.08,20,1246,2924
22090.21,20,1246,2924
22090.33,20,1246,2924
22090.46,20,1246,2924
22090.58,20,1246,2924
22090.71,20,1246,2924
22090.84,20,1246,2924
22090.96,20,1246,2924
22100.02,10,1246,2934
22100.14,10,1246,2934
22100.27,10,1246,2934
22100.39,10,1246,2934
22100.50,10,1246,2934
22100.63,10,1246,2934
22100.75,10,1246,2934
22100.88,10,1246,2934
22101.00,10,1246,2934
22110.02,10,1246,2934
22110.13,10,1246,2934
22110.24,10,1246,2934
22110.36,10,1246,2934
22110.49,10,1246,2934
22110.62,10,1246,2934
22110.73,10,1246,2934
22110.85,10,1246,2934
22110.96,10,1246,2934
22120.09,6,1246,2938
22120.22,6,1246,2938
22120.34,6,1246,2938
22120.45,6,1246,2938
22120.58,6,1246,2938
22120.69,6,1246,2938
22120.81,6,1246,2938
22120.94,6,1246,2938
22130.11,5,1246,2939
22130.22,5,1246,2939
22130.33,5,1246,2939
22130.45,5,1246,2939
22130.56,5,1246,2939
22130.68,5,1246,2939
22130.80,5,1246,2939
22130.91,5,1246,2939
22140.01,18,1249,2940
22140.14,18,1249,2940
22140.27,18,1249,2940
22140.41,18,1249,2940
22140.54,18,1249,2940
22140.66,18,1249,2940
22140.79,18,1249,2940
22140.91,18,1249,2940
22150.03,20,1251,2940
22150.16,20,1251,2940
22150.28,20,1251,2940
22150.41,20,1251,2940
22150.53,20,1251,2940
22150.66,20,1251,2940
22150.79,20,1251,2940
22150.91,20,1251,2940
22160.05,20,1251,2940
22160.18,20,1251,2940
22160.30,20,1251,2940
22160.43,20,1251,2940
22160.56,20,1251,2940
22160.68,20,1251,2940
22160.81,20,1251,2940
22160.93,20,1251,2940
22170.03,22,1253,2940
22170.16,22,1253,2940
22170.29,22,1253,2940
22170.41,22,1253,2940
22170.54,22,1253,2940
22170.66,22,1253,2940
22170.79,22,1253,2940
22170.92,22,1253,2940
22180.12,24,1255,2940
22180.25,24,1255,2940
22180.38,24,1255,2940
22180.50,24,1255,2940
22180.63,24,1255,2940
22180.75,24,1255,2940
22180.88,24,1255,2940
22181.00,24,1255,2940
22190.05,24,1255,2940
22190.18,24,1255,2940
22190.32,24,1255,2940
22190.44,24,1255,2940
22190.57,24,1255,2940
22190.69,24,1255,2940
22190.82,24,1255,2940
22190.95,24,1255,2940
22200.07,21,1255,2943
22200.20,21,1255,2943
22200.33,21,1255,2943
22200.45,21,1255,2943
22200.58,21,1255,2943
22200.70,21,1255,2943
22200.83,21,1255,2943
22200.95,21,1255,2943
22210.02,21,1255,2943
22210.15,21,1255,2943
22210.27,21,1255,2943
22210.40,21,1255,2943
22210.53,21,1255,2943
22210.65,21,1255,2943
22210.76,21,1255,2943
22210.89,21,1255,2943
22220.13,21,1255,2943
22220.26,21,1255,2943
22220.38,21,1255,2943
22220.51,21,1255,2943
22220.63,21,1255,2943
22220.76,21,1255,2943
22220.88,21,1255,2943
22230.08,21,1255,2943
22230.21,21,1255,2943
22230.33,21,1255,2943
22230.46,21,1255,2943
22230.58,21,1255,2943
22230.70,21,1255,2943
22230.82,21,1255,2943
22230.95,21,1255,2943
22240.07,21,1255,2943
22240.21,21,1255,2943
22240.33,21,1255,2943
22240.44,21,1255,2943
22240.57,21,1255,2943
22240.69,21,1255,2943
22240.82,21,1255,2943
22240.95,21,1255,2943
22250.02,21,1255,2943
22250.15,21,1255,2943
22250.27,21,1255,2943
22250.40,21,1255,2943
22250.53,21,1255,2943
22250.65,21,1255,2943
22250.78,21,1255,2943
22250.90,21,1255,2943
22260.08,20,1255,2944
22260.21,20,1255,2944
22260.33,20,1255,2944
22260.46,20,1255,2944
22260.58,20,1255,2944
22260.71,20,1255,2944
22260.83,20,1255,2944
22260.96,20,1255,2944
22270.07,20,1255,2944
22270.20,20,1255,2944
22270.32,20,1255,2944
22270.45,20,1255,2944
22270.58,20,1255,2944
22270.70,20,1255,2944
22270.83,20,1255,2944
22270.95,20,1255,2944
22280.07,20,1255,2944
22280.20,20,1255,2944
22280.33,20,1255,2944
22280.45,20,1255,2944
22280.58,20,1255,2944
22280.71,20,1255,2944
22280.83,20,1255,2944
22280.96,20,1255,2944
22290.06,6,1255,2958
22290.19,6,1255,2958
22290.30,6,1255,2958
22290.43,6,1255,2958
22290.54,6,1255,2958
22290.66,6,1255,2958
22290.77,6,1255,2958
22290.90,6,1255,2958
22300.13,19,1259,2960
22300.26,19,1259,2960
22300.38,19,1259,2960
22300.51,19,1259,2960
22300.64,19,1259,2960
22300.76,19,1259,2960
22300.89,19,1259,2960
22310.13,20,1260,2960
22310.26,20,1260,2960
22310.38,20,1260,2960
22310.51,20,1260,2960
22310.63,20,1260,2960
22310.76,20,1260,2960
22310.88,20,1260,2960
22320.09,20,1261,2961
22320.21,20,1261,2961
22320.34,20,1261,2961
22320.47,20,1261,2961
22320.59,20,1261,2961
22320.72,20,1261,2961
22320.85,20,1261,2961
22320.97,20,1261,2961
22330.11,19,1261,2962
22330.23,19,1261,2962
22330.36,19,1261,2962
22330.49,19,1261,2962
22330.61,19,1261,2962
22330.74,19,1261,2962
22330.86,19,1261,2962
22330.99,19,1261,2962
22340.02,20,1262,2962
22340.15,20,1262,2962
22340.27,20,1262,2962
22340.40,20,1262,2962
22340.52,20,1262,2962
22340.65,20,1262,2962
22340.78,20,1262,2962
22340.90,20,1262,2962
22350.04,20,1262,2962
22350.17,20,1262,2962
22350.30,20,1262,2962
22350.42,20,1262,2962
22350.55,20,1262,2962
22350.67,20,1262,2962
22350.80,20,1262,2962
22350.92,20,1262,2962
22360.07,20,1262,2962
22360.20,20,1262,2962
22360.33,20,1262,2962
22360.45,20,1262,2962
22360.58,20,1262,2962
22360.70,20,1262,2962
22360.83,20,1262,2962
22360.96,20,1262,2962
22370.06,20,1262,2962
22370.19,20,1262,2962
22370.31,20,1262,2962
22370.44,20,1262,2962
22370.57,20,1262,2962
22370.69,20,1262,2962
22370.82,20,1262,2962
22370.94,20,1262,2962
22380.05,20,1262,2962
22380.18,20,1262,2962
22380.31,20,1262,2962
22380.43,20,1262,2962
22380.56,20,1262,2962
22380.69,20,1262,2962
22380.81,20,1262,2962
22380.94,20,1262,2962
22390.09,20,1262,2962
22390.21,20,1262,2962
22390.34,20,1262,2962
22390.46,20,1262,2962
22390.59,20,1262,2962
22390.71,20,1262,2962
22390.84,20,1262,2962
22390.97,20,1262,2962
22400.11,20,1262,2962
22400.23,20,1262,2962
22400.36,20,1262,2962
22400.49,20,1262,2962
22400.61,20,1262,2962
22400.74,20,1262,2962
22400.86,20,1262,2962
22400.99,20,1262,2962
22410.10,20,1262,2962
22410.22,20,1262,2962
22410.35,20,1262,2962
22410.48,20,1262,2962
22410.60,20,1262,2962
22410.73,20,1262,2962
22410.85,20,1262,2962
22410.98,20,1262,2962
22420.08,19,1262,2963
22420.21,19,1262,2963
22420.34,19,1262,2963
22420.46,19,1262,2963
22420.59,19,1262,2963
22420.71,19,1262,2963
22420.84,19,1262,2963
22420.96,19,1262,2963
22430.09,18,1262,2964
22430.22,18,1262,2964
22430.34,18,1262,2964
22430.47,18,1262,2964
22430.59,18,1262,2964
22430.72,18,1262,2964
22430.84,18,1262,2964
22430.97,18,1262,2964
22440.06,18,1262,2964
22440.18,18,1262,2964
22440.31,18,1262,2964
22440.44,18,1262,2964
22440.56,18,1262,2964
22440.69,18,1262,2964
22440.81,18,1262,2964
22440.94,18,1262,2964
22450.13,5,1262,2977
22450.25,5,1262,2977
22450.38,5,1262,2977
22450.50,5,1262,2977
22450.61,5,1262,2977
22450.74,5,1262,2977
22450.87,5,1262,2977
22450.98,5,1262,2977
22460.08,18,1265,2978
22460.21,18,1265,2978
22460.34,18,1265,2978
22460.46,18,1265,2978
22460.59,18,1265,2978
22460.72,18,1265,2978
22460.84,18,1265,2978
22460.97,18,1265,2978
22470.10,20,1267,2978
22470.23,20,1267,2978
22470.36,20,1267,2978
22470.48,20,1267,2978
22470.61,20,1267,2978
22470.73,20,1267,2978
22470.87,20,1267,2978
22471.00,20,1267,2978
22480.05,21,1268,2978
22480.18,21,1268,2978
22480.31,21,1268,2978
22480.43,21,1268,2978
22480.56,21,1268,2978
22480.68,21,1268,2978
22480.81,21,1268,2978
22480.93,21,1268,2978
22490.10,22,1269,2978
22490.23,22,1269,2978
22490.35,22,1269,2978
22490.48,22,1269,2978
22490.61,22,1269,2978
22490.73,22,1269,2978
22490.86,22,1269,2978
22490.98,22,1269,2978
22500.04,23,1270,2978
22500.16,23,1270,2978
22500.29,23,1270,2978
22500.42,23,1270,2978
22500.54,23,1270,2978
22500.67,23,1270,2978
22500.79,23,1270,2978
22500.92,23,1270,2978
22510.12,23,1270,2978
22510.25,23,1270,2978
22510.37,23,1270,2978
22510.50,23,1270,2978
22510.62,23,1270,2978
22510.75,23,1270,2978
22510.87,23,1270,2978
22511.00,23,1270,2978
22520.05,23,1270,2978
22520.17,23,1270,2978
22520.30,23,1270,2978
22520.43,23,1270,2978
22520.60,23,1270,2978
22520.72,23,1270,2978
22520.85,23,1270,2978
22520.97,23,1270,2978
22530.03,23,1270,2978
22530.15,23,1270,2978
22530.28,23,1270,2978
22530.40,23,1270,2978
22530.53,23,1270,2978
22530.65,23,1270,2978
22530.78,23,1270,2978
22530.90,23,1270,2978
22540.05,23,1270,2978
22540.18,23,1270,2978
22540.30,23,1270,2978
22540.43,23,1270,2978
22540.56,23,1270,2978
22540.68,23,1270,2978
22540.81,23,1270,2978
22550.05,21,1270,2980
22550.18,21,1270,2980
22550.30,21,1270,2980
22550.43,21,1270,2980
22550.56,21,1270,2980
22550.68,21,1270,2980
22550.81,21,1270,2980
22550.93,21,1270,2980
22560.13,21,1270,2980
22560.26,21,1270,2980
22560.38,21,1270,2980
22560.51,21,1270,2980
22560.64,21,1270,2980
22560.76,21,1270,2980
22560.89,21,1270,2980
22570.06,20,1270,2981
22570.18,20,1270,2981
22570.31,20,1270,2981
22570.44,20,1270,2981
22570.56,20,1270,2981
22570.69,20,1270,2981
22570.81,20,1270,2981
22570.94,20,1270,2981
22580.01,20,1270,2981
22580.14,20,1270,2981
22580.26,20,1270,2981
22580.39,20,1270,2981
22580.51,20,1270,2981
22580.64,20,1270,2981
22580.76,20,1270,2981
22580.89,20,1270,2981
22590.08,19,1270,2982
22590.20,19,1270,2982
22590.33,19,1270,2982
22590.45,19,1270,2982
22590.58,19,1270,2982
22590.70,19,1270,2982
22590.83,19,1270,2982
22590.96,19,1270,2982
22600.01,19,1270,2982
22600.14,19,1270,2982
22600.26,19,1270,2982
22600.39,19,1270,2982
22600.51,19,1270,2982
22600.64,19,1270,2982
22600.77,19,1270,2982
22600.89,19,1270,2982
22610.05,6,1270,2995
22610.18,6,1270,2995
22610.31,6,1270,2995
22610.43,6,1270,2995
22610.56,6,1270,2995
22610.68,6,1270,2995
22610.79,6,1270,2995
22610.92,6,1270,2995
22620.05,18,1273,2997
22620.18,19,1274,2997
22620.30,19,1274,2997
22620.43,19,1274,2997
22620.56,19,1274,2997
22620.68,19,1274,2997
22620.81,19,1274,2997
22620.93,19,1274,2997
22630.12,21,1276,2997
22630.24,21,1276,2997
22630.37,21,1276,2997
22630.49,21,1276,2997
22630.62,21,1276,2997
22630.75,21,1276,2997
22630.87,21,1276,2997
22631.00,21,1276,2997
22640.08,21,1277,2998
22640.21,21,1277,2998
22640.33,21,1277,2998
22640.46,21,1277,2998
22640.59,21,1277,2998
22640.71,21,1277,2998
22640.84,21,1277,2998
22640.96,21,1277,2998
22650.01,22,1278,2998
22650.13,22,1278,2998
22650.26,22,1278,2998
22650.39,22,1278,2998
22650.51,22,1278,2998
22650.64,22,1278,2998
22650.77,22,1278,2998
22650.89,22,1278,2998
22660.07,23,1279,2998
22660.20,23,1279,2998
22660.32,23,1279,2998
22660.45,23,1279,2998
22660.58,23,1279,2998
22660.70,23,1279,2998
22660.83,23,1279,2998
22660.96,23,1279,2998
22670.03,23,1279,2998
22670.15,23,1279,2998
22670.28,23,1279,2998
22670.40,23,1279,2998
22670.53,23,1279,2998
22670.65,23,1279,2998
22670.78,23,1279,2998
22670.91,23,1279,2998
22680.10,23,1279,2998
22680.23,23,1279,2998
22680.35,23,1279,2998
22680.48,23,1279,2998
22680.60,23,1279,2998
22680.73,23,1279,2998
22680.86,23,1279,2998
22680.98,23,1279,2998
22690.06,23,1279,2998
22690.18,23,1279,2998
22690.31,23,1279,2998
22690.43,23,1279,2998
22690.56,23,1279,2998
22690.68,23,1279,2998
22690.81,23,1279,2998
22690.94,23,1279,2998
22700.12,23,1279,2998
22700.25,23,1279,2998
22700.37,23,1279,2998
22700.50,23,1279,2998
22700.63,23,1279,2998
22700.75,23,1279,2998
22700.88,23,1279,2998
22701.00,23,1279,2998
22710.08,22,1279,2999
22710.21,22,1279,2999
22710.33,22,1279,2999
22710.46,22,1279,2999
22710.58,22,1279,2999
22710.71,22,1279,2999
22710.84,22,1279,2999
22710.96,22,1279,2999
22720.05,22,1279,2999
22720.18,22,1279,2999
22720.30,22,1279,2999
22720.43,22,1279,2999
22720.56,22,1279,2999
22720.68,22,1279,2999
22720.81,22,1279,2999
22720.93,22,1279,2999
22730.12,21,1279,3000
22730.25,21,1279,3000
22730.37,21,1279,3000
22730.50,21,1279,3000
22730.62,21,1279,3000
22730.75,21,1279,3000
22730.87,21,1279,3000
22731.00,21,1279,3000
22740.12,21,1279,3000
22740.24,21,1279,3000
22740.37,21,1279,3000
22740.50,21,1279,3000
22740.62,21,1279,3000
22740.75,21,1279,3000
22740.87,21,1279,3000
22741.00,21,1279,3000
22750.06,21,1279,3000
22750.19,21,1279,3000
22750.32,20,1279,3001
22750.44,20,1279,3001
22750.57,20,1279,3001
22750.69,20,1279,3001
22750.82,20,1279,3001
22750.94,20,1279,3001
22760.01,20,1279,3001
22760.14,20,1279,3001
22760.26,20,1279,3001
22760.39,20,1279,3001
22760.52,20,1279,3001
22760.64,20,1279,3001
22760.77,20,1279,3001
22760.89,20,1279,3001
22770.11,6,1279,3015
22770.23,6,1279,3015
22770.36,6,1279,3015
22770.47,6,1279,3015
22770.59,6,1279,3015
22770.72,6,1279,3015
22770.84,6,1279,3015
22770.97,6,1279,3015
22780.08,17,1282,3018
22780.20,17,1282,3018
22780.33,17,1282,3018
22780.46,17,1282,3018
22780.58,17,1282,3018
22780.71,17,1282,3018
22780.84,17,1282,3018
22780.96,17,1282,3018
22790.01,19,1285,3019
22790.14,19,1285,3019
22790.26,19,1285,3019
22790.39,19,1285,3019
22790.51,19,1285,3019
22790.64,19,1285,3019
22790.76,19,1285,3019
22790.89,19,1285,3019
22800.08,20,1286,3019
22800.20,20,1286,3019
22800.33,20,1286,3019
22800.45,20,1286,3019
22800.58,20,1286,3019
22800.71,20,1286,3019
22800.83,20,1286,3019
22800.96,20,1286,3019
22810.02,21,1287,3019
22810.14,21,1287,3019
22810.27,21,1287,3019
22810.40,21,1287,3019
22810.52,21,1287,3019
22810.65,21,1287,3019
22810.77,21,1287,3019
22810.90,21,1287,3019
22820.07,21,1287,3019
22820.20,21,1287,3019
22820.32,21,1287,3019
22820.45,21,1287,3019
22820.57,21,1287,3019
22820.70,21,1287,3019
22820.82,21,1287,3019
22820.95,21,1287,3019
22830.04,22,1288,3019
22830.17,22,1288,3019
22830.29,22,1288,3019
22830.42,22,1288,3019
22830.55,22,1288,3019
22830.67,22,1288,3019
22830.80,22,1288,3019
22830.92,22,1288,3019
22840.12,22,1288,3019
22840.25,22,1288,3019
22840.37,22,1288,3019
22840.50,22,1288,3019
22840.63,22,1288,3019
22840.75,22,1288,3019
22840.88,22,1288,3019
22841.00,22,1288,3019
22850.07,22,1288,3019
22850.19,22,1288,3019
22850.32,22,1288,3019
22850.45,22,1288,3019
22850.57,22,1288,3019
22850.70,22,1288,3019
22850.83,22,1288,3019
22850.95,22,1288,3019
22860.03,22,1288,3019
22860.16,22,1288,3019
22860.28,22,1288,3019
22860.41,22,1288,3019
22860.54,22,1288,3019
22860.66,22,1288,3019
22860.79,22,1288,3019
22860.92,22,1288,3019
22870.11,22,1288,3019
22870.23,22,1288,3019
22870.36,22,1288,3019
22870.48,22,1288,3019
22870.61,22,1288,3019
22870.74,22,1288,3019
22870.86,22,1288,3019
22870.99,22,1288,3019
22880.08,22,1288,3019
22880.20,22,1288,3019
22880.33,22,1288,3019
22880.45,22,1288,3019
22880.58,22,1288,3019
22880.71,22,1288,3019
22880.83,22,1288,3019
22880.96,22,1288,3019
22890.05,22,1288,3019
22890.18,22,1288,3019
22890.30,22,1288,3019
22890.43,22,1288,3019
22890.55,22,1288,3019
22890.68,22,1288,3019
22890.81,22,1288,3019
22890.93,22,1288,3019
22900.01,21,1288,3020
22900.14,21,1288,3020
22900.27,21,1288,3020
22900.40,21,1288,3020
22900.53,21,1288,3020
22900.65,21,1288,3020
22900.78,21,1288,3020
22900.90,21,1288,3020
22910.12,20,1288,3021
22910.24,20,1288,3021
22910.37,20,1288,3021
22910.50,20,1288,3021
22910.62,20,1288,3021
22910.75,20,1288,3021
22910.87,20,1288,3021
22911.00,20,1288,3021
22920.07,20,1288,3021
22920.20,20,1288,3021
22920.32,20,1288,3021
22920.45,20,1288,3021
22920.58,20,1288,3021
22920.70,20,1288,3021
22920.83,20,1288,3021
22920.95,20,1288,3021
22930.06,7,1288,3034
22930.24,7,1288,3034
22930.36,7,1288,3034
22930.48,7,1288,3034
22930.61,7,1288,3034
22930.73,7,1288,3034
22930.86,7,1288,3034
22930.99,7,1288,3034
22940.03,15,1288,3037
22940.16,15,1288,3037
22940.28,15,1288,3037
22940.43,15,1288,3037
22940.55,16,1289,3037
22940.68,16,1289,3037
22940.81,16,1289,3037
22940.93,16,1289,3037
22950.10,18,1292,3038
22950.23,18,1292,3038
22950.36,18,1292,3038
22950.48,18,1292,3038
22950.61,18,1292,3038
22950.73,18,1292,3038
22950.86,18,1292,3038
22950.99,18,1292,3038
22960.06,19,1294,3039
22960.19,19,1294,3039
22960.31,19,1294,3039
22960.44,19,1294,3039
22960.56,19,1294,3039
22960.69,19,1294,3039
22960.82,19,1294,3039
22960.94,19,1294,3039
22970.13,20,1295,3039
22970.26,20,1295,3039
22970.38,20,1295,3039
22970.51,20,1295,3039
22970.64,20,1295,3039
22970.76,20,1295,3039
22970.89,20,1295,3039
22980.08,21,1296,3039
22980.20,21,1296,3039
22980.33,21,1296,3039
22980.46,21,1296,3039
22980.60,21,1296,3039
22980.72,21,1296,3039
22980.85,21,1296,3039
22980.97,21,1296,3039
22990.05,21,1296,3039
22990.19,21,1296,3039
22990.32,21,1296,3039
22990.44,21,1296,3039
22990.57,21,1296,3039
22990.70,21,1296,3039
22990.82,21,1296,3039
22990.95,21,1296,3039
23000.12,21,1296,3039
23000.25,21,1296,3039
23000.38,21,1296,3039
23000.50,21,1296,3039
23000.63,21,1296,3039
23000.75,21,1296,3039
23000.88,21,1296,3039
23010.08,21,1296,3039
23010.21,21,1296,3039
23010.34,21,1296,3039
23010.46,21,1296,3039
23010.59,21,1296,3039
23010.71,21,1296,3039
23010.84,21,1296,3039
23010.97,21,1296,3039
23020.03,22,1297,3039
23020.15,22,1297,3039
23020.28,22,1297,3039
23020.40,22,1297,3039
23020.53,22,1297,3039
23020.66,22,1297,3039
23020.80,22,1297,3039
23020.92,22,1297,3039
23030.01,21,1297,3040
23030.14,21,1297,3040
23030.27,21,1297,3040
23030.39,21,1297,3040
23030.52,21,1297,3040
23030.64,21,1297,3040
23030.77,21,1297,3040
23030.90,21,1297,3040
23040.09,21,1297,3040
23040.21,21,1297,3040
23040.34,21,1297,3040
23040.48,21,1297,3040
23040.61,21,1297,3040
23040.73,21,1297,3040
23040.86,21,1297,3040
23040.98,21,1297,3040
23050.08,21,1297,3040
23050.20,21,1297,3040
23050.33,21,1297,3040
23050.45,21,1297,3040
23050.58,21,1297,3040
23050.71,21,1297,3040
23050.83,21,1297,3040
23050.96,21,1297,3040
23060.03,21,1297,3040
23060.16,21,1297,3040
23060.28,21,1297,3040
23060.41,21,1297,3040
23060.54,21,1297,3040
23060.66,21,1297,3040
23060.79,21,1297,3040
23060.92,21,1297,3040
23070.10,21,1297,3040
23070.23,21,1297,3040
23070.36,21,1297,3040
23070.48,21,1297,3040
23070.61,21,1297,3040
23070.73,21,1297,3040
23070.86,21,1297,3040
23070.99,21,1297,3040
23080.07,20,1297,3041
23080.20,20,1297,3041
23080.32,20,1297,3041
23080.45,20,1297,3041
23080.58,20,1297,3041
23080.70,20,1297,3041
23080.83,20,1297,3041
23080.96,20,1297,3041
23090.02,20,1297,3041
23090.15,20,1297,3041
23090.27,20,1297,3041
23090.40,20,1297,3041
23090.52,20,1297,3041
23090.65,20,1297,3041
23090.79,10,1297,3051
23090.92,10,1297,3051
23100.11,6,1297,3055
23100.24,6,1297,3055
23100.36,6,1297,3055
23100.49,6,1297,3055
23100.61,6,1297,3055
23100.74,6,1297,3055
23100.85,6,1297,3055
23100.98,6,1297,3055
23110.10,15,1297,3057
23110.23,15,1297,3057
23110.35,15,1297,3057
23110.48,15,1297,3057
23110.60,15,1297,3057
23110.73,15,1297,3057
23110.85,15,1297,3057
23110.98,15,1297,3057
23120.04,19,1302,3058
23120.17,19,1302,3058
23120.29,19,1302,3058
23120.42,19,1302,3058
23120.55,19,1302,3058
23120.67,19,1302,3058
23120.80,19,1302,3058
23120.93,19,1302,3058
23130.02,19,1303,3059
23130.14,19,1303,3059
23130.27,19,1303,3059
23130.39,19,1303,3059
23130.52,19,1303,3059
23130.65,19,1303,3059
23130.78,19,1303,3059
23130.90,19,1303,3059
23140.10,20,1304,3059
23140.23,20,1304,3059
23140.35,20,1304,3059
23140.48,20,1304,3059
23140.60,20,1304,3059
23140.73,20,1304,3059
23140.87,20,1304,3059
23141.00,20,1304,3059
23150.09,21,1305,3059
23150.22,21,1305,3059
23150.34,21,1305,3059
23150.47,21,1305,3059
23150.59,21,1305,3059
23150.72,21,1305,3059
23150.84,21,1305,3059
23150.97,21,1305,3059
23160.05,21,1305,3059
23160.18,21,1305,3059
23160.30,21,1305,3059
23160.43,21,1305,3059
23160.55,21,1305,3059
23160.68,21,1305,3059
23160.80,21,1305,3059
23160.93,21,1305,3059
23170.02,21,1305,3059
23170.14,21,1305,3059
23170.27,21,1305,3059
23170.39,21,1305,3059
23170.52,21,1305,3059
23170.65,21,1305,3059
23170.77,21,1305,3059
23170.90,21,1305,3059
23180.09,21,1305,3059
23180.21,21,1305,3059
23180.34,21,1305,3059
23180.47,21,1305,3059
23180.59,21,1305,3059
23180.72,21,1305,3059
23180.84,21,1305,3059
23180.97,21,1305,3059
23190.04,21,1305,3059
23190.16,21,1305,3059
23190.29,21,1305,3059
23190.42,21,1305,3059
23190.54,21,1305,3059
23190.67,21,1305,3059
23190.79,21,1305,3059
23190.92,21,1305,3059
23200.01,20,1305,3060
23200.14,20,1305,3060
23200.26,20,1305,3060
23200.39,20,1305,3060
23200.51,20,1305,3060
23200.64,20,1305,3060
23200.76,20,1305,3060
23200.89,20,1305,3060
23210.11,20,1305,3060
23210.23,20,1305,3060
23210.36,20,1305,3060
23210.48,20,1305,3060
23210.61,20,1305,3060
23210.74,20,1305,3060
23210.86,20,1305,3060
23210.99,20,1305,3060
23220.05,20,1305,3060
23220.17,20,1305,3060
23220.30,20,1305,3060
23220.42,20,1305,3060
23220.55,20,1305,3060
23220.68,20,1305,3060
23220.80,20,1305,3060
23220.93,20,1305,3060
23230.02,20,1305,3060
23230.14,20,1305,3060
23230.27,20,1305,3060
23230.39,20,1305,3060
23230.52,20,1305,3060
23230.64,20,1305,3060
23230.77,20,1305,3060
23230.90,20,1305,3060
23240.10,20,1305,3060
23240.23,20,1305,3060
23240.36,20,1305,3060
23240.48,20,1305,3060
23240.61,20,1305,3060
23240.74,20,1305,3060
23240.86,20,1305,3060
23240.99,20,1305,3060
23250.07,20,1305,3060
23250.19,20,1305,3060
23250.32,20,1305,3060
23250.45,20,1305,3060
23250.57,20,1305,3060
23250.70,20,1305,3060
23250.82,20,1305,3060
23250.95,20,1305,3060
23260.13,10,1305,3070
23260.25,10,1305,3070
23260.38,10,1305,3070
23260.51,10,1305,3070
23260.63,10,1305,3070
23260.76,10,1305,3070
23260.89,10,1305,3070
23270.03,5,1305,3075
23270.15,5,1305,3075
23270.28,5,1305,3075
23270.40,5,1305,3075
23270.53,5,1305,3075
23270.64,5,1305,3075
23270.76,5,1305,3075
23270.89,15,1305,3076
23280.08,17,1307,3076
23280.21,17,1307,3076
23280.33,17,1307,3076
23280.46,17,1307,3076
23280.59,17,1307,3076
23280.71,17,1307,3076
23280.84,17,1307,3076
23280.96,17,1307,3076
23290.04,18,1309,3077
23290.16,18,1309,3077
23290.29,18,1309,3077
23290.41,18,1309,3077
23290.54,18,1309,3077
23290.67,18,1309,3077
23290.79,18,1309,3077
23290.92,18,1309,3077
23300.02,18,1309,3077
23300.14,18,1309,3077
23300.27,18,1309,3077
23300.39,18,1309,3077
23300.52,18,1309,3077
23300.65,18,1309,3077
23300.77,18,1309,3077
23300.90,18,1309,3077
23310.01,21,1312,3077
23310.14,21,1312,3077
23310.26,21,1312,3077
23310.39,21,1312,3077
23310.51,21,1312,3077
23310.64,21,1312,3077
23310.77,21,1312,3077
23310.89,21,1312,3077
23320.09,21,1312,3077
23320.22,21,1312,3077
23320.35,21,1312,3077
23320.47,21,1312,3077
23320.60,21,1312,3077
23320.72,21,1312,3077
23320.85,21,1312,3077
23320.98,21,1312,3077
23330.06,22,1313,3077
23330.19,22,1313,3077
23330.31,22,1313,3077
23330.44,22,1313,3077
23330.56,22,1313,3077
23330.69,22,1313,3077
23330.81,22,1313,3077
23330.94,22,1313,3077
23340.01,22,1313,3077
23340.14,22,1313,3077
23340.27,22,1313,3077
23340.39,22,1313,3077
23340.52,22,1313,3077
23340.64,22,1313,3077
23340.77,22,1313,3077
23340.90,22,1313,3077
23350.11,22,1313,3077
23350.23,22,1313,3077
23350.36,22,1313,3077
23350.48,22,1313,3077
23350.61,22,1313,3077
23350.74,22,1313,3077
23350.87,22,1313,3077
23350.99,22,1313,3077
23360.08,21,1313,3078
23360.20,21,1313,3078
23360.33,21,1313,3078
23360.45,21,1313,3078
23360.58,21,1313,3078
23360.71,21,1313,3078
23360.84,21,1313,3078
23360.96,21,1313,3078
23370.05,21,1313,3078
23370.17,21,1313,3078
23370.30,21,1313,3078
23370.42,21,1313,3078
23370.55,21,1313,3078
23370.68,21,1313,3078
23370.80,21,1313,3078
23370.93,21,1313,3078
23380.01,20,1313,3079
23380.14,20,1313,3079
23380.26,20,1313,3079
23380.39,20,1313,3079
23380.52,20,1313,3079
23380.64,20,1313,3079
23380.77,20,1313,3079
23380.89,20,1313,3079
23390.09,20,1313,3079
23390.22,20,1313,3079
23390.34,20,1313,3079
23390.47,20,1313,3079
23390.60,20,1313,3079
23390.72,20,1313,3079
23390.85,20,1313,3079
23390.97,20,1313,3079
23400.09,19,1313,3080
23400.21,19,1313,3080
23400.34,19,1313,3080
23400.46,19,1313,3080
23400.59,19,1313,3080
23400.72,19,1313,3080
23400.84,19,1313,3080
23400.97,19,1313,3080
23410.07,19,1313,3080
23410.20,19,1313,3080
23410.32,19,1313,3080
23410.45,19,1313,3080
23410.57,19,1313,3080
23410.70,19,1313,3080
23410.83,19,1313,3080
23410.95,19,1313,3080
23420.02,19,1313,3080
23420.15,19,1313,3080
23420.27,19,1313,3080
23420.40,19,1313,3080
23420.53,19,1313,3080
23420.65,19,1313,3080
23420.78,19,1313,3080
23420.90,19,1313,3080
23430.10,7,1313,3092
23430.22,7,1313,3092
23430.35,7,1313,3092
23430.48,7,1313,3092
23430.60,7,1313,3092
23430.73,7,1313,3092
23430.85,7,1313,3092
23430.98,7,1313,3092
23440.11,5,1313,3094
23440.23,5,1313,3094
23440.36,5,1313,3094
23440.48,5,1313,3094
23440.61,5,1313,3094
23440.73,5,1313,3094
23440.86,5,1313,3094
23440.99,5,1313,3094
23450.01,5,1313,3094
23450.14,5,1313,3094
23450.27,5,1313,3094
23450.39,5,1313,3094
23450.52,5,1313,3094
23450.65,5,1313,3094
23450.77,5,1313,3094
23450.90,5,1313,3094
23460.10,18,1317,3096
23460.22,18,1317,3096
23460.35,18,1317,3096
23460.48,18,1317,3096
23460.61,18,1317,3096
23460.73,18,1317,3096
23460.86,18,1317,3096
23460.98,18,1317,3096
23470.06,19,1318,3096
23470.18,19,1318,3096
23470.31,19,1318,3096
23470.43,19,1318,3096
23470.56,19,1318,3096
23470.69,19,1318,3096
23470.81,19,1318,3096
23470.94,19,1318,3096
23480.01,20,1319,3096
23480.14,20,1319,3096
23480.26,20,1319,3096
23480.39,20,1319,3096
23480.52,20,1319,3096
23480.64,20,1319,3096
23480.77,20,1319,3096
23480.89,20,1319,3096
23490.10,21,1320,3096
23490.23,21,1320,3096
23490.35,21,1320,3096
23490.48,21,1320,3096
23490.61,21,1320,3096
23490.73,21,1320,3096
23490.86,21,1320,3096
23500.10,21,1320,3096
23500.22,21,1320,3096
23500.35,21,1320,3096
23500.47,21,1320,3096
23500.60,21,1320,3096
23500.73,21,1320,3096
23500.85,21,1320,3096
23500.98,21,1320,3096
23510.07,21,1320,3096
23510.20,21,1320,3096
23510.32,21,1320,3096
23510.45,21,1320,3096
23510.58,21,1320,3096
23510.70,21,1320,3096
23510.83,21,1320,3096
23510.95,21,1320,3096
23520.03,21,1320,3096
23520.15,21,1320,3096
23520.28,21,1320,3096
23520.40,21,1320,3096
23520.53,21,1320,3096
23520.66,21,1320,3096
23520.78,21,1320,3096
23520.91,21,1320,3096
23530.01,20,1320,3097
23530.14,20,1320,3097
23530.26,20,1320,3097
23530.39,20,1320,3097
23530.51,20,1320,3097
23530.64,20,1320,3097
23530.77,20,1320,3097
23530.89,20,1320,3097
23540.09,20,1320,3097
23540.22,20,1320,3097
23540.34,20,1320,3097
23540.47,20,1320,3097
23540.59,20,1320,3097
23540.72,20,1320,3097
23540.85,20,1320,3097
23540.97,20,1320,3097
23550.07,20,1320,3097
23550.20,20,1320,3097
23550.32,20,1320,3097
23550.45,20,1320,3097
23550.58,20,1320,3097
23550.70,20,1320,3097
23550.83,20,1320,3097
23550.95,20,1320,3097
23560.05,20,1320,3097
23560.17,20,1320,3097
23560.32,20,1320,3097
23560.44,20,1320,3097
23560.57,20,1320,3097
23560.69,20,1320,3097
23560.82,20,1320,3097
23560.95,20,1320,3097
23570.02,19,1320,3098
23570.14,19,1320,3098
23570.27,19,1320,3098
23570.39,19,1320,3098
23570.52,19,1320,3098
23570.65,19,1320,3098
23570.77,19,1320,3098
23570.90,19,1320,3098
23580.12,18,1320,3099
23580.25,18,1320,3099
23580.37,18,1320,3099
23580.50,18,1320,3099
23580.63,18,1320,3099
23580.75,18,1320,3099
23580.88,18,1320,3099
23581.00,18,1320,3099
23590.07,18,1320,3099
23590.20,18,1320,3099
23590.33,18,1320,3099
23590.45,18,1320,3099
23590.58,18,1320,3099
23590.70,18,1320,3099
23590.83,18,1320,3099
23590.96,18,1320,3099
23600.04,18,1320,3099
23600.17,18,1320,3099
23600.30,18,1320,3099
23600.42,18,1320,3099
23600.55,18,1320,3099
23600.68,18,1320,3099
23600.80,18,1320,3099
23600.93,18,1320,3099
23610.13,15,1320,3113
23610.26,15,1320,3113
23610.38,15,1320,3113
23610.51,15,1320,3113
23610.65,15,1320,3113
23610.78,15,1320,3113
23610.90,15,1320,3113
23620.10,17,1322,3113
23620.23,17,1322,3113
23620.36,17,1322,3113
23620.48,17,1322,3113
23620.60,17,1322,3113
23620.73,17,1322,3113
23620.86,17,1322,3113
23620.98,17,1322,3113
23630.07,18,1323,3113
23630.20,19,1324,3113
23630.32,19,1324,3113
23630.45,19,1324,3113
23630.58,19,1324,3113
23630.70,19,1324,3113
23630.83,19,1324,3113
23630.95,19,1324,3113
23640.03,22,1327,3113
23640.15,22,1327,3113
23640.28,22,1327,3113
23640.40,22,1327,3113
23640.53,22,1327,3113
23640.65,22,1327,3113
23640.78,22,1327,3113
23640.91,22,1327,3113
23650.12,23,1328,3113
23650.25,23,1328,3113
23650.37,23,1328,3113
23650.50,23,1328,3113
23650.63,23,1328,3113
23650.75,23,1328,3113
23650.88,23,1328,3113
23660.08,23,1328,3113
23660.20,23,1328,3113
23660.33,23,1328,3113
23660.48,23,1328,3113
23660.65,23,1328,3113
23660.77,23,1328,3113
23660.90,23,1328,3113
23670.11,23,1328,3113
23670.23,23,1328,3113
23670.36,23,1328,3113
23670.49,23,1328,3113
23670.61,23,1328,3113
23670.74,23,1328,3113
23670.86,23,1328,3113
23670.99,23,1328,3113
23680.08,23,1328,3113
23680.20,23,1328,3113
23680.33,23,1328,3113
23680.45,23,1328,3113
23680.58,23,1328,3113
23680.70,23,1328,3113
23680.83,23,1328,3113
23680.96,23,1328,3113
23690.03,23,1328,3113
23690.15,23,1328,3113
23690.28,23,1328,3113
23690.41,23,1328,3113
23690.54,23,1328,3113
23690.66,23,1328,3113
23690.79,23,1328,3113
23690.91,23,1328,3113
23700.13,23,1328,3113
23700.26,23,1328,3113
23700.38,23,1328,3113
23700.51,23,1328,3113
23700.63,23,1328,3113
23700.76,23,1328,3113
23700.89,23,1328,3113
23710.10,22,1328,3114
23710.22,22,1328,3114
23710.35,22,1328,3114
23710.48,22,1328,3114
23710.60,22,1328,3114
23710.73,22,1328,3114
23710.86,22,1328,3114
23710.98,22,1328,3114
23720.06,21,1328,3115
23720.18,21,1328,3115
23720.31,21,1328,3115
23720.44,21,1328,3115
23720.56,21,1328,3115
23720.69,21,1328,3115
23720.82,21,1328,3115
23720.94,21,1328,3115
23730.05,20,1328,3116
23730.17,20,1328,3116
23730.30,20,1328,3116
23730.42,20,1328,3116
23730.55,20,1328,3116
23730.67,20,1328,3116
23730.80,20,1328,3116
23730.93,20,1328,3116
23740.01,20,1328,3116
23740.13,20,1328,3116
23740.26,20,1328,3116
23740.39,20,1328,3116
23740.51,20,1328,3116
23740.64,20,1328,3116
23740.76,20,1328,3116
23740.89,20,1328,3116
23750.10,19,1328,3117
23750.23,19,1328,3117
23750.35,19,1328,3117
23750.48,19,1328,3117
23750.60,19,1328,3117
23750.73,19,1328,3117
23750.85,19,1328,3117
23750.98,19,1328,3117
23760.05,9,1328,3127
23760.18,9,1328,3127
23760.30,9,1328,3127
23760.43,9,1328,3127
23760.56,9,1328,3127
23760.68,9,1328,3127
23760.81,9,1328,3127
23760.93,9,1328,3127
23770.04,7,1328,3129
23770.17,7,1328,3129
23770.29,7,1328,3129
23770.42,7,1328,3129
23770.54,7,1328,3129
23770.67,7,1328,3129
23770.80,7,1328,3129
23770.92,7,1328,3129
23780.11,6,1328,3130
23780.23,6,1328,3130
23780.36,6,1328,3130
23780.48,6,1328,3130
23780.61,6,1328,3130
23780.73,6,1328,3130
23780.86,6,1328,3130
23780.99,6,1328,3130
23790.06,17,1331,3133
23790.18,17,1331,3133
23790.31,17,1331,3133
23790.44,17,1331,3133
23790.56,17,1331,3133
23790.69,17,1331,3133
23790.81,17,1331,3133
23790.94,18,1332,3133
23800.02,20,1334,3133
23800.15,20,1334,3133
23800.27,20,1334,3133
23800.40,20,1334,3133
23800.53,20,1334,3133
23800.65,20,1334,3133
23800.78,20,1334,3133
23800.90,20,1334,3133
23810.10,22,1336,3133
23810.23,22,1336,3133
23810.36,22,1336,3133
23810.48,22,1336,3133
23810.61,22,1336,3133
23810.73,22,1336,3133
23810.86,22,1336,3133
23810.99,22,1336,3133
23820.09,22,1336,3133
23820.22,22,1336,3133
23820.35,22,1336,3133
23820.47,22,1336,3133
23820.60,22,1336,3133
23820.72,22,1336,3133
23820.85,22,1336,3133
23820.98,22,1336,3133
23830.10,23,1337,3133
23830.22,23,1337,3133
23830.35,23,1337,3133
23830.47,23,1337,3133
23830.60,23,1337,3133
23830.73,23,1337,3133
23830.85,23,1337,3133
23830.98,23,1337,3133
23840.06,23,1337,3133
23840.19,23,1337,3133
23840.31,23,1337,3133
23840.44,23,1337,3133
23840.56,23,1337,3133
23840.69,23,1337,3133
23840.82,23,1337,3133
23840.94,23,1337,3133
23850.06,23,1337,3133
23850.19,23,1337,3133
23850.31,23,1337,3133
23850.44,23,1337,3133
23850.56,23,1337,3133
23850.69,23,1337,3133
23850.82,23,1337,3133
23850.94,23,1337,3133
23860.02,23,1337,3133
23860.15,23,1337,3133
23860.27,23,1337,3133
23860.40,23,1337,3133
23860.53,23,1337,3133
23860.65,23,1337,3133
23860.78,23,1337,3133
23860.90,22,1337,3134
23870.02,22,1337,3134
23870.15,22,1337,3134
23870.27,22,1337,3134
23870.40,22,1337,3134
23870.52,22,1337,3134
23870.65,22,1337,3134
23870.77,22,1337,3134
23870.90,22,1337,3134
23880.03,22,1337,3134
23880.16,22,1337,3134
23880.28,22,1337,3134
23880.41,22,1337,3134
23880.53,22,1337,3134
23880.66,22,1337,3134
23880.79,22,1337,3134
23880.91,22,1337,3134
23890.01,22,1337,3134
23890.14,22,1337,3134
23890.27,22,1337,3134
23890.39,21,1337,3135
23890.52,21,1337,3135
23890.64,21,1337,3135
23890.77,21,1337,3135
23890.89,21,1337,3135
23900.12,20,1337,3136
23900.24,20,1337,3136
23900.37,20,1337,3136
23900.50,20,1337,3136
23900.62,20,1337,3136
23900.75,20,1337,3136
23900.88,20,1337,3136
23901.00,20,1337,3136
23910.09,20,1337,3136
23910.22,20,1337,3136
23910.34,20,1337,3136
23910.47,20,1337,3136
23910.60,20,1337,3136
23910.72,20,1337,3136
23910.85,20,1337,3136
23910.98,20,1337,3136
23920.07,20,1337,3136
23920.20,20,1337,3136
23920.32,20,1337,3136
23920.45,20,1337,3136
23920.58,20,1337,3136
23920.71,20,1337,3136
23920.83,20,1337,3136
23920.96,20,1337,3136
23930.06,20,1337,3136
23930.19,20,1337,3136
23930.32,20,1337,3136
23930.44,20,1337,3136
23930.57,20,1337,3136
23930.70,20,1337,3136
23930.82,20,1337,3136
23930.95,20,1337,3136
23940.03,6,1337,3150
23940.16,6,1337,3150
23940.28,6,1337,3150
23940.41,6,1337,3150
23940.54,6,1337,3150
23940.66,6,1337,3150
23940.79,6,1337,3150
23940.92,6,1337,3150
23950.01,16,1339,3153
23950.14,16,1339,3153
23950.26,16,1339,3153
23950.39,16,1339,3153
23950.51,17,1340,3153
23950.64,17,1340,3153
23950.77,17,1340,3153
23950.89,17,1340,3153
23960.10,18,1342,3154
23960.23,18,1342,3154
23960.36,18,1342,3154
23960.48,18,1342,3154
23960.61,18,1342,3154
23960.73,18,1342,3154
23960.86,18,1342,3154
23960.98,18,1342,3154
23970.10,19,1343,3154
23970.23,19,1343,3154
23970.35,19,1343,3154
23970.48,19,1343,3154
23970.61,19,1343,3154
23970.73,19,1343,3154
23970.86,19,1343,3154
23970.98,19,1343,3154
23980.10,20,1344,3154
23980.23,20,1344,3154
23980.36,20,1344,3154
23980.48,20,1344,3154
23980.61,20,1344,3154
23980.73,20,1344,3154
23980.86,20,1344,3154
23980.99,20,1344,3154
23990.07,20,1344,3154
23990.19,20,1344,3154
23990.32,20,1344,3154
23990.45,20,1344,3154
23990.57,20,1344,3154
23990.70,20,1344,3154
23990.83,20,1344,3154
23990.95,20,1344,3154
24000.05,20,1344,3154
24000.18,20,1344,3154
24000.30,20,1344,3154
24000.43,20,1344,3154
24000.56,20,1344,3154
24000.68,20,1344,3154
24000.81,20,1344,3154
24000.93,20,1344,3154
24010.03,20,1344,3154
24010.15,20,1344,3154
24010.28,20,1344,3154
24010.40,20,1344,3154
24010.53,20,1344,3154
24010.66,20,1344,3154
24010.79,20,1344,3154
24010.91,20,1344,3154
24020.02,20,1344,3154
24020.15,20,1344,3154
24020.27,20,1344,3154
24020.40,20,1344,3154
24020.52,20,1344,3154
24020.65,20,1344,3154
24020.77,20,1344,3154
24020.90,20,1344,3154
24030.10,20,1344,3154
24030.23,20,1344,3154
24030.36,20,1344,3154
24030.50,20,1344,3154
24030.63,20,1344,3154
24030.75,20,1344,3154
24030.88,20,1344,3154
24040.10,20,1344,3154
24040.22,20,1344,3154
24040.35,20,1344,3154
24040.47,20,1344,3154
24040.60,20,1344,3154
24040.73,20,1344,3154
24040.85,20,1344,3154
24040.98,20,1344,3154
24050.11,20,1344,3154
24050.23,20,1344,3154
24050.36,20,1344,3154
24050.48,20,1344,3154
24050.61,20,1344,3154
24050.73,20,1344,3154
24050.86,20,1344,3154
24050.99,20,1344,3154
24060.07,20,1344,3154
24060.20,20,1344,3154
24060.32,20,1344,3154
24060.45,20,1344,3154
24060.57,20,1344,3154
24060.70,20,1344,3154
24060.83,20,1344,3154
24060.95,20,1344,3154
24070.05,19,1344,3155
24070.18,19,1344,3155
24070.31,19,1344,3155
24070.43,19,1344,3155
24070.56,19,1344,3155
24070.68,19,1344,3155
24070.81,19,1344,3155
24070.93,19,1344,3155
24080.02,18,1344,3156
24080.14,18,1344,3156
24080.27,18,1344,3156
24080.40,18,1344,3156
24080.52,18,1344,3156
24080.65,18,1344,3156
24080.77,18,1344,3156
24080.90,18,1344,3156
24090.12,18,1344,3156
24090.25,18,1344,3156
24090.37,18,1344,3156
24090.50,18,1344,3156
24090.63,18,1344,3156
24090.75,18,1344,3156
24090.88,18,1344,3156
24100.11,8,1344,3166
24100.24,8,1344,3166
24100.36,8,1344,3166
24100.49,7,1344,3167
24100.62,7,1344,3167
24100.74,7,1344,3167
24100.87,7,1344,3167
24100.99,7,1344,3167
24110.05,5,1344,3169
24110.18,5,1344,3169
24110.31,5,1344,3169
24110.44,5,1344,3169
24110.56,5,1344,3169
24110.69,5,1344,3169
24110.81,5,1344,3169
24110.94,5,1344,3169
24120.05,17,1346,3170
24120.17,17,1346,3170
24120.30,17,1346,3170
24120.42,17,1346,3170
24120.55,17,1346,3170
24120.68,17,1346,3170
24120.80,17,1346,3170
24120.93,17,1346,3170
24130.13,19,1348,3170
24130.25,19,1348,3170
24130.38,19,1348,3170
24130.51,19,1348,3170
24130.63,19,1348,3170
24130.76,19,1348,3170
24130.89,19,1348,3170
24140.11,19,1348,3170
24140.24,19,1348,3170
24140.37,19,1348,3170
24140.49,19,1348,3170
24140.62,19,1348,3170
24140.76,19,1348,3170
24140.89,19,1348,3170
24150.01,21,1350,3170
24150.13,21,1350,3170
24150.26,21,1350,3170
24150.38,21,1350,3170
24150.51,21,1350,3170
24150.64,21,1350,3170
24150.76,22,1351,3170
24150.89,22,1351,3170
24160.11,22,1351,3170
24160.23,22,1351,3170
24160.36,22,1351,3170
24160.48,22,1351,3170
24160.61,22,1351,3170
24160.74,22,1351,3170
24160.86,22,1351,3170
24160.99,22,1351,3170
24170.10,23,1352,3170
24170.23,23,1352,3170
24170.35,23,1352,3170
24170.48,23,1352,3170
24170.60,23,1352,3170
24170.73,23,1352,3170
24170.86,23,1352,3170
24170.98,23,1352,3170
24180.08,23,1352,3170
24180.21,23,1352,3170
24180.34,23,1352,3170
24180.46,23,1352,3170
24180.59,23,1352,3170
24180.71,23,1352,3170
24180.84,23,1352,3170
24180.97,23,1352,3170
24190.06,23,1352,3170
24190.19,23,1352,3170
24190.32,23,1352,3170
24190.44,23,1352,3170
24190.57,23,1352,3170
24190.69,23,1352,3170
24190.82,23,1352,3170
24190.94,23,1352,3170
24200.07,21,1352,3172
24200.20,21,1352,3172
24200.32,21,1352,3172
24200.45,21,1352,3172
24200.57,21,1352,3172
24200.70,21,1352,3172
24200.83,21,1352,3172
24200.95,21,1352,3172
24210.04,21,1352,3172
24210.17,21,1352,3172
24210.30,21,1352,3172
24210.42,21,1352,3172
24210.55,21,1352,3172
24210.68,21,1352,3172
24210.80,21,1352,3172
24210.93,21,1352,3172
24220.03,20,1352,3173
24220.16,20,1352,3173
24220.29,20,1352,3173
24220.41,20,1352,3173
24220.54,20,1352,3173
24220.67,20,1352,3173
24220.79,20,1352,3173
24220.92,20,1352,3173
24230.12,20,1352,3173
24230.25,20,1352,3173
24230.38,20,1352,3173
24230.51,20,1352,3173
24230.63,20,1352,3173
24230.76,19,1352,3174
24230.88,19,1352,3174
24240.11,19,1352,3174
24240.24,19,1352,3174
24240.36,19,1352,3174
24240.49,19,1352,3174
24240.61,19,1352,3174
24240.74,19,1352,3174
24240.87,19,1352,3174
24240.99,19,1352,3174
24250.09,19,1352,3174
24250.22,19,1352,3174
24250.35,19,1352,3174
24250.47,19,1352,3174
24250.60,19,1352,3174
24250.72,19,1352,3174
24250.85,19,1352,3174
24250.97,19,1352,3174
24260.07,19,1352,3174
24260.19,19,1352,3174
24260.32,19,1352,3174
24260.45,19,1352,3174
24260.57,19,1352,3174
24260.70,19,1352,3174
24260.82,19,1352,3174
24260.95,19,1352,3174
24270.06,9,1352,3184
24270.19,8,1352,3185
24270.32,8,1352,3185
24270.44,7,1352,3186
24270.57,7,1352,3186
24270.69,7,1352,3186
24270.82,7,1352,3186
24270.95,7,1352,3186
24280.02,5,1352,3188
24280.15,5,1352,3188
24280.27,5,1352,3188
24280.40,5,1352,3188
24280.52,5,1352,3188
24280.65,5,1352,3188
24280.77,5,1352,3188
24280.90,5,1352,3188
24290.12,5,1352,3188
24290.24,5,1352,3188
24290.37,5,1352,3188
24290.50,5,1352,3188
24290.62,5,1352,3188
24290.75,5,1352,3188
24290.88,5,1352,3188
24291.00,5,1352,3188
24300.10,16,1354,3190
24300.22,16,1354,3190
24300.35,16,1354,3190
24300.48,16,1354,3190
24300.60,16,1354,3190
24300.73,16,1354,3190
24300.85,16,1354,3190
24300.98,16,1354,3190
24310.07,18,1356,3190
24310.20,18,1356,3190
24310.33,18,1356,3190
24310.45,18,1356,3190
24310.58,18,1356,3190
24310.71,18,1356,3190
24310.83,18,1356,3190
24310.96,18,1356,3190
24320.07,20,1358,3190
24320.19,20,1358,3190
24320.32,20,1358,3190
24320.45,20,1358,3190
24320.57,20,1358,3190
24320.70,20,1358,3190
24320.82,20,1358,3190
24320.95,20,1358,3190
24330.06,21,1359,3190
24330.18,21,1359,3190
24330.31,21,1359,3190
24330.43,21,1359,3190
24330.56,21,1359,3190
24330.69,21,1359,3190
24330.81,21,1359,3190
24330.94,21,1359,3190
24340.06,21,1359,3190
24340.19,21,1359,3190
24340.31,21,1359,3190
24340.44,21,1359,3190
24340.57,21,1359,3190
24340.69,21,1359,3190
24340.82,21,1359,3190
24340.94,21,1359,3190
24350.05,21,1359,3190
24350.18,21,1359,3190
24350.30,21,1359,3190
24350.43,21,1359,3190
24350.56,21,1359,3190
24350.68,21,1359,3190
24350.81,21,1359,3190
24350.94,21,1359,3190
24360.03,21,1359,3190
24360.16,21,1359,3190
24360.28,21,1359,3190
24360.41,21,1359,3190
24360.54,21,1359,3190
24360.66,21,1359,3190
24360.79,21,1359,3190
24360.92,21,1359,3190
24370.03,20,1359,3191
24370.15,20,1359,3191
24370.28,20,1359,3191
24370.40,20,1359,3191
24370.53,20,1359,3191
24370.66,20,1359,3191
24370.78,20,1359,3191
24370.91,20,1359,3191
24380.02,20,1359,3191
24380.15,20,1359,3191
24380.27,20,1359,3191
24380.40,20,1359,3191
24380.53,20,1359,3191
24380.65,20,1359,3191
24380.78,20,1359,3191
24380.90,20,1359,3191
24390.02,20,1359,3191
24390.14,20,1359,3191
24390.27,20,1359,3191
24390.40,20,1359,3191
24390.52,20,1359,3191
24390.65,20,1359,3191
24390.77,20,1359,3191
24390.90,20,1359,3191
24400.06,20,1359,3191
24400.18,20,1359,3191
24400.31,20,1359,3191
24400.44,20,1359,3191
24400.59,20,1359,3191
24400.72,20,1359,3191
24400.85,20,1359,3191
24400.97,20,1359,3191
24410.06,19,1359,3192
24410.19,19,1359,3192
24410.31,19,1359,3192
24410.44,19,1359,3192
24410.57,19,1359,3192
24410.69,19,1359,3192
24410.82,19,1359,3192
24410.94,19,1359,3192
24420.05,19,1359,3192
24420.18,19,1359,3192
24420.30,19,1359,3192
24420.43,19,1359,3192
24420.56,19,1359,3192
24420.68,19,1359,3192
24420.81,19,1359,3192
24420.94,19,1359,3192
24430.03,18,1359,3193
24430.16,18,1359,3193
24430.29,18,1359,3193
24430.41,18,1359,3193
24430.54,18,1359,3193
24430.67,18,1359,3193
24430.79,18,1359,3193
24430.92,18,1359,3193
24440.04,18,1359,3193
24440.16,18,1359,3193
24440.29,18,1359,3193
24440.42,18,1359,3193
24440.54,18,1359,3193
24440.67,18,1359,3193
24440.80,18,1359,3193
24440.92,18,1359,3193
24450.01,7,1359,3204
24450.14,7,1359,3204
24450.26,7,1359,3204
24450.39,7,1359,3204
24450.51,7,1359,3204
24450.64,7,1359,3204
24450.77,7,1359,3204
24450.89,7,1359,3204
24460.12,5,1359,3206
24460.24,5,1359,3206
24460.37,5,1359,3206
24460.49,5,1359,3206
24460.62,5,1359,3206
24460.75,5,1359,3206
24460.87,5,1359,3206
24461.00,5,1359,3206
24470.11,16,1360,3207
24470.24,16,1360,3207
24470.37,16,1360,3207
24470.49,16,1360,3207
24470.62,16,1360,3207
24470.75,16,1360,3207
24470.87,16,1360,3207
24471.00,16,1360,3207
24480.11,16,1360,3207
24480.24,16,1360,3207
24480.36,16,1360,3207
24480.49,16,1360,3207
24480.62,16,1360,3207
24480.74,16,1360,3207
24480.87,16,1360,3207
24481.00,16,1360,3207
24490.01,20,1364,3207
24490.14,20,1364,3207
24490.26,20,1364,3207
24490.39,20,1364,3207
24490.52,20,1364,3207
24490.64,20,1364,3207
24490.77,20,1364,3207
24490.89,20,1364,3207
24500.11,21,1365,3207
24500.24,21,1365,3207
24500.36,21,1365,3207
24500.49,21,1365,3207
24500.62,21,1365,3207
24500.74,21,1365,3207
24500.87,21,1365,3207
24501.00,21,1365,3207
24510.01,21,1365,3207
24510.14,21,1365,3207
24510.26,21,1365,3207
24510.39,21,1365,3207
24510.52,21,1365,3207
24510.64,21,1365,3207
24510.77,21,1365,3207
24510.89,22,1366,3207
24520.03,22,1366,3207
24520.15,22,1366,3207
24520.28,22,1366,3207
24520.40,22,1366,3207
24520.53,22,1366,3207
24520.66,22,1366,3207
24520.78,22,1366,3207
24520.91,23,1367,3207
24530.01,23,1367,3207
24530.14,23,1367,3207
24530.27,23,1367,3207
24530.39,23,1367,3207
24530.52,23,1367,3207
24530.64,23,1367,3207
24530.77,23,1367,3207
24530.89,23,1367,3207
24540.01,23,1367,3207
24540.14,23,1367,3207
24540.27,23,1367,3207
24540.39,23,1367,3207
24540.52,23,1367,3207
24540.65,23,1367,3207
24540.77,23,1367,3207
24540.90,23,1367,3207
24550.11,22,1367,3208
24550.23,22,1367,3208
24550.36,22,1367,3208
24550.49,21,1367,3209
24550.61,21,1367,3209
24550.74,21,1367,3209
24550.86,21,1367,3209
24550.99,21,1367,3209
24560.01,21,1367,3209
24560.13,21,1367,3209
24560.26,21,1367,3209
24560.38,21,1367,3209
24560.51,21,1367,3209
24560.63,21,1367,3209
24560.76,21,1367,3209
24560.89,21,1367,3209
24570.02,21,1367,3209
24570.15,21,1367,3209
24570.28,21,1367,3209
24570.40,21,1367,3209
24570.53,21,1367,3209
24570.66,21,1367,3209
24570.78,21,1367,3209
24570.91,21,1367,3209
24580.12,19,1367,3211
24580.25,19,1367,3211
24580.37,19,1367,3211
24580.50,19,1367,3211
24580.63,19,1367,3211
24580.75,19,1367,3211
24580.88,19,1367,3211
24590.11,19,1367,3211
24590.24,19,1367,3211
24590.36,19,1367,3211
24590.49,19,1367,3211
24590.62,19,1367,3211
24590.74,19,1367,3211
24590.87,19,1367,3211
24600.11,19,1367,3211
24600.24,19,1367,3211
24600.37,19,1367,3211
24600.49,19,1367,3211
24600.62,19,1367,3211
24600.74,19,1367,3211
24600.87,19,1367,3211
24600.99,19,1367,3211
24610.10,19,1367,3211
24610.22,19,1367,3211
24610.35,19,1367,3211
24610.47,19,1367,3211
24610.60,19,1367,3211
24610.73,19,1367,3211
24610.85,19,1367,3211
24610.98,19,1367,3211
24620.10,10,1367,3220
24620.23,10,1367,3220
24620.36,10,1367,3220
24620.48,10,1367,3220
24620.61,10,1367,3220
24620.73,10,1367,3220
24620.86,10,1367,3220
24620.99,9,1367,3221
24630.06,9,1367,3221
24630.18,9,1367,3221
24630.31,9,1367,3221
24630.44,9,1367,3221
24630.56,9,1367,3221
24630.69,9,1367,3221
24630.81,9,1367,3221
24630.94,9,1367,3221
24640.04,5,1367,3225
24640.16,5,1367,3225
24640.29,5,1367,3225
24640.42,5,1367,3225
24640.54,5,1367,3225
24640.67,5,1367,3225
24640.80,5,1367,3225
24640.92,5,1367,3225
24650.02,18,1370,3226
24650.15,18,1370,3226
24650.27,18,1370,3226
24650.40,18,1370,3226
24650.53,18,1370,3226
24650.65,18,1370,3226
24650.78,18,1370,3226
24650.90,18,1370,3226
24660.02,20,1372,3226
24660.15,20,1372,3226
24660.28,20,1372,3226
24660.40,20,1372,3226
24660.53,20,1372,3226
24660.66,20,1372,3226
24660.78,20,1372,3226
24660.91,20,1372,3226
24670.02,21,1374,3227
24670.15,21,1374,3227
24670.28,21,1374,3227
24670.40,21,1374,3227
24670.53,21,1374,3227
24670.65,21,1374,3227
24670.78,21,1374,3227
24670.91,21,1374,3227
24680.13,21,1374,3227
24680.25,21,1374,3227
24680.38,21,1374,3227
24680.51,21,1374,3227
24680.63,21,1374,3227
24680.76,21,1374,3227
24680.89,21,1374,3227
24690.01,21,1374,3227
24690.13,21,1374,3227
24690.26,21,1374,3227
24690.38,21,1374,3227
24690.51,21,1374,3227
24690.64,21,1374,3227
24690.76,21,1374,3227
24690.89,21,1374,3227
24700.12,22,1375,3227
24700.24,22,1375,3227
24700.37,22,1375,3227
24700.50,22,1375,3227
24700.62,22,1375,3227
24700.75,22,1375,3227
24700.88,22,1375,3227
24701.00,22,1375,3227
24710.02,23,1376,3227
24710.15,23,1376,3227
24710.27,23,1376,3227
24710.40,23,1376,3227
24710.53,23,1376,3227
24710.65,23,1376,3227
24710.78,23,1376,3227
24710.91,23,1376,3227
24720.13,23,1376,3227
24720.26,23,1376,3227
24720.41,23,1376,3227
24720.54,23,1376,3227
24720.67,23,1376,3227
24720.79,23,1376,3227
24720.92,23,1376,3227
24730.01,21,1376,3229
24730.14,21,1376,3229
24730.26,21,1376,3229
24730.39,21,1376,3229
24730.51,21,1376,3229
24730.64,21,1376,3229
24730.77,21,1376,3229
24730.89,21,1376,3229
24740.02,21,1376,3229
24740.14,21,1376,3229
24740.27,21,1376,3229
24740.39,21,1376,3229
24740.52,21,1376,3229
24740.65,21,1376,3229
24740.77,21,1376,3229
24740.90,21,1376,3229
24750.13,21,1376,3229
24750.25,21,1376,3229
24750.38,21,1376,3229
24750.50,21,1376,3229
24750.63,21,1376,3229
24750.76,21,1376,3229
24750.88,21,1376,3229
24760.01,21,1376,3229
24760.14,21,1376,3229
24760.26,21,1376,3229
24760.39,21,1376,3229
24760.52,21,1376,3229
24760.64,21,1376,3229
24760.77,21,1376,3229
24760.89,21,1376,3229
24770.12,21,1376,3229
24770.25,21,1376,3229
24770.37,21,1376,3229
24770.50,21,1376,3229
24770.63,21,1376,3229
24770.75,21,1376,3229
24770.90,21,1376,3229
24780.01,20,1376,3230
24780.13,20,1376,3230
24780.26,20,1376,3230
24780.39,20,1376,3230
24780.51,20,1376,3230
24780.64,20,1376,3230
24780.77,20,1376,3230
24780.89,20,1376,3230
24790.02,20,1376,3230
24790.14,20,1376,3230
24790.27,20,1376,3230
24790.40,20,1376,3230
24790.53,20,1376,3230
24790.65,20,1376,3230
24790.77,20,1376,3230
24790.90,20,1376,3230
24800.11,9,1376,3241
24800.23,9,1376,3241
24800.36,8,1376,3242
24800.49,8,1376,3242
24800.61,8,1376,3242
24800.74,8,1376,3242
24800.87,8,1376,3242
24800.99,8,1376,3242
24810.09,5,1376,3245
24810.22,5,1376,3245
24810.35,5,1376,3245
24810.47,5,1376,3245
24810.60,5,1376,3245
24810.73,5,1376,3245
24810.85,5,1376,3245
24810.98,5,1376,3245
24820.09,17,1379,3247
24820.21,17,1379,3247
24820.34,18,1380,3247
24820.47,18,1380,3247
24820.59,19,1381,3247
24820.72,19,1381,3247
24820.85,19,1381,3247
24820.97,19,1381,3247
24830.10,20,1382,3247
24830.23,20,1382,3247
24830.35,20,1382,3247
24830.48,20,1382,3247
24830.61,20,1382,3247
24830.73,20,1382,3247
24830.86,20,1382,3247
24830.99,20,1382,3247
24840.11,21,1383,3247
24840.23,21,1383,3247
24840.36,21,1383,3247
24840.49,21,1383,3247
24840.61,21,1383,3247
24840.74,21,1383,3247
24840.86,21,1383,3247
24840.99,21,1383,3247
24850.08,20,1383,3248
24850.21,20,1383,3248
24850.34,20,1383,3248
24850.46,20,1383,3248
24850.59,20,1383,3248
24850.71,20,1383,3248
24850.84,20,1383,3248
24850.96,20,1383,3248
24860.08,21,1384,3248
24860.21,21,1384,3248
24860.34,21,1384,3248
24860.46,21,1384,3248
24860.59,21,1384,3248
24860.71,21,1384,3248
24860.84,21,1384,3248
24860.97,21,1384,3248
24870.08,21,1384,3248
24870.21,21,1384,3248
24870.34,21,1384,3248
24870.46,21,1384,3248
24870.59,21,1384,3248
24870.72,21,1384,3248
24870.84,21,1384,3248
24870.97,21,1384,3248
24880.08,22,1385,3248
24880.21,22,1385,3248
24880.33,22,1385,3248
24880.46,22,1385,3248
24880.59,22,1385,3248
24880.71,22,1385,3248
24880.84,22,1385,3248
24880.96,22,1385,3248
24890.10,22,1385,3248
24890.22,22,1385,3248
24890.35,22,1385,3248
24890.49,22,1385,3248
24890.62,22,1385,3248
24890.75,22,1385,3248
24890.87,22,1385,3248
24891.00,22,1385,3248
24900.09,21,1385,3249
24900.22,21,1385,3249
24900.34,21,1385,3249
24900.47,21,1385,3249
24900.59,21,1385,3249
24900.72,21,1385,3249
24900.85,21,1385,3249
24900.97,21,1385,3249
24910.10,21,1385,3249
24910.22,21,1385,3249
24910.35,21,1385,3249
24910.48,21,1385,3249
24910.60,21,1385,3249
24910.73,21,1385,3249
24910.86,21,1385,3249
24910.98,21,1385,3249
24920.08,21,1385,3249
24920.20,21,1385,3249
24920.33,21,1385,3249
24920.46,21,1385,3249
24920.58,21,1385,3249
24920.71,21,1385,3249
24920.83,21,1385,3249
24920.96,21,1385,3249
24930.09,21,1385,3249
24930.22,21,1385,3249
24930.35,21,1385,3249
24930.47,21,1385,3249
24930.60,21,1385,3249
24930.73,21,1385,3249
24930.85,21,1385,3249
24930.98,21,1385,3249
24940.11,21,1385,3249
24940.23,21,1385,3249
24940.36,21,1385,3249
24940.48,21,1385,3249
24940.61,21,1385,3249
24940.73,21,1385,3249
24940.86,21,1385,3249
24940.99,21,1385,3249
24950.05,21,1385,3249
24950.17,21,1385,3249
24950.32,21,1385,3249
24950.49,21,1385,3249
24950.62,21,1385,3249
24950.77,21,1385,3249
24950.90,21,1385,3249
24960.06,20,1385,3250
24960.18,20,1385,3250
24960.31,20,1385,3250
24960.44,20,1385,3250
24960.56,20,1385,3250
24960.69,20,1385,3250
24960.82,20,1385,3250
24960.94,20,1385,3250
24970.04,7,1385,3263
24970.16,7,1385,3263
24970.29,7,1385,3263
24970.42,6,1385,3264
24970.54,6,1385,3264
24970.67,6,1385,3264
24970.80,6,1385,3264
24970.92,6,1385,3264
24980.04,18,1389,3267
24980.21,18,1389,3267
24980.33,18,1389,3267
24980.46,18,1389,3267
24980.59,18,1389,3267
24980.71,18,1389,3267
24980.84,18,1389,3267
24980.97,18,1389,3267
24990.09,20,1392,3268
24990.22,20,1392,3268
24990.34,20,1392,3268
24990.47,20,1392,3268
24990.60,20,1392,3268
24990.72,20,1392,3268
24990.85,20,1392,3268
24990.98,20,1392,3268
25000.07,23,1395,3268
25000.19,23,1395,3268
25000.32,23,1395,3268
25000.44,23,1395,3268
25000.57,23,1395,3268
25000.70,23,1395,3268
25000.82,23,1395,3268
25000.95,23,1395,3268
25010.08,23,1395,3268
25010.20,23,1395,3268
25010.33,23,1395,3268
25010.46,23,1395,3268
25010.58,23,1395,3268
25010.71,23,1395,3268
25010.83,23,1395,3268
25010.96,23,1395,3268
25020.06,23,1395,3268
25020.19,23,1395,3268
25020.31,23,1395,3268
25020.44,23,1395,3268
25020.57,23,1395,3268
25020.69,23,1395,3268
25020.82,23,1395,3268
25020.95,23,1395,3268
25030.07,23,1395,3268
25030.19,23,1395,3268
25030.32,23,1395,3268
25030.45,23,1395,3268
25030.57,23,1395,3268
25030.70,23,1395,3268
25030.82,23,1395,3268
25030.95,23,1395,3268
25040.05,23,1395,3268
25040.17,23,1395,3268
25040.30,23,1395,3268
25040.46,23,1395,3268
25040.58,23,1395,3268
25040.71,23,1395,3268
25040.84,23,1395,3268
25040.96,23,1395,3268
25050.04,23,1395,3268
25050.17,23,1395,3268
25050.29,23,1395,3268
25050.42,23,1395,3268
25050.55,23,1395,3268
25050.68,23,1395,3268
25050.80,23,1395,3268
25050.93,23,1395,3268
25060.05,23,1395,3268
25060.18,23,1395,3268
25060.31,23,1395,3268
25060.43,23,1395,3268
25060.56,23,1395,3268
25060.69,23,1395,3268
25060.81,23,1395,3268
25060.94,23,1395,3268
25070.04,23,1395,3268
25070.16,23,1395,3268
25070.29,23,1395,3268
25070.42,23,1395,3268
25070.54,23,1395,3268
25070.67,23,1395,3268
25070.80,23,1395,3268
25070.92,23,1395,3268
25080.04,23,1395,3268
25080.17,23,1395,3268
25080.29,23,1395,3268
25080.44,23,1395,3268
25080.56,23,1395,3268
25080.69,23,1395,3268
25080.82,23,1395,3268
25080.94,23,1395,3268
25090.03,23,1395,3268
25090.16,23,1395,3268
25090.29,23,1395,3268
25090.41,23,1395,3268
25090.54,23,1395,3268
25090.67,23,1395,3268
25090.79,23,1395,3268
25090.95,23,1395,3268
25100.04,23,1395,3268
25100.16,23,1395,3268
25100.29,23,1395,3268
25100.41,23,1395,3268
25100.54,23,1395,3268
25100.67,23,1395,3268
25100.80,23,1395,3268
25100.92,23,1395,3268
25110.05,22,1395,3269
25110.18,22,1395,3269
25110.30,22,1395,3269
25110.43,22,1395,3269
25110.57,22,1395,3269
25110.70,22,1395,3269
25110.82,22,1395,3269
25110.95,22,1395,3269
25120.04,22,1395,3269
25120.17,22,1395,3269
25120.29,22,1395,3269
25120.42,22,1395,3269
25120.55,22,1395,3269
25120.67,22,1395,3269
25120.80,22,1395,3269
25120.92,22,1395,3269
25130.03,7,1395,3284
25130.16,7,1395,3284
25130.29,7,1395,3284
25130.42,7,1395,3284
25130.55,7,1395,3284
25130.67,7,1395,3284
25130.79,7,1395,3284
25130.92,7,1395,3284
25140.01,14,1395,3288
25140.14,14,1395,3288
25140.26,14,1395,3288
25140.39,14,1395,3288
25140.52,14,1395,3288
25140.65,14,1395,3288
25140.77,14,1395,3288
25140.89,14,1395,3288
25150.03,14,1397,3290
25150.15,15,1398,3290
25150.28,15,1398,3290
25150.40,15,1398,3290
25150.53,15,1398,3290
25150.66,15,1398,3290
25150.78,15,1398,3290
25150.91,15,1398,3290
25160.04,18,1401,3290
25160.16,18,1401,3290
25160.29,18,1401,3290
25160.42,18,1401,3290
25160.54,18,1401,3290
25160.67,18,1401,3290
25160.81,18,1401,3290
25160.94,18,1401,3290
25170.03,19,1402,3290
25170.16,19,1402,3290
25170.28,19,1402,3290
25170.41,19,1402,3290
25170.54,19,1402,3290
25170.66,19,1402,3290
25170.80,19,1402,3290
25170.93,19,1402,3290
25180.04,19,1402,3290
25180.16,19,1402,3290
25180.29,19,1402,3290
25180.41,19,1402,3290
25180.54,19,1402,3290
25180.67,19,1402,3290
25180.80,19,1402,3290
25180.92,19,1402,3290
25190.01,19,1402,3290
25190.14,19,1402,3290
25190.27,19,1402,3290
25190.39,19,1402,3290
25190.52,19,1402,3290
25190.65,19,1402,3290
25190.77,19,1402,3290
25190.90,19,1402,3290
25200.02,20,1403,3290
25200.15,20,1403,3290
25200.28,20,1403,3290
25200.40,20,1403,3290
25200.53,20,1403,3290
25200.65,20,1403,3290
25200.78,20,1403,3290
25200.91,20,1403,3290
25210.04,20,1403,3290
25210.16,20,1403,3290
25210.29,20,1403,3290
25210.42,20,1403,3290
25210.54,20,1403,3290
25210.67,20,1403,3290
25210.80,20,1403,3290
25210.93,20,1403,3290
25220.02,20,1403,3290
25220.14,20,1403,3290
25220.27,20,1403,3290
25220.39,20,1403,3290
25220.52,20,1403,3290
25220.65,20,1403,3290
25220.78,20,1403,3290
25220.90,20,1403,3290
25230.04,20,1403,3290
25230.17,20,1403,3290
25230.29,20,1403,3290
25230.42,20,1403,3290
25230.55,20,1403,3290
25230.67,20,1403,3290
25230.80,20,1403,3290
25230.93,20,1403,3290
25240.09,20,1403,3290
25240.22,20,1403,3290
25240.34,20,1403,3290
25240.47,20,1403,3290
25240.59,20,1403,3290
25240.72,20,1403,3290
25240.85,20,1403,3290
25240.97,20,1403,3290
25250.08,20,1403,3290
25250.21,20,1403,3290
25250.34,20,1403,3290
25250.46,20,1403,3290
25250.59,20,1403,3290
25250.72,20,1403,3290
25250.84,20,1403,3290
25250.97,19,1403,3291
25260.08,19,1403,3291
25260.21,19,1403,3291
25260.34,19,1403,3291
25260.46,19,1403,3291
25260.59,19,1403,3291
25260.71,19,1403,3291
25260.84,19,1403,3291
25260.97,19,1403,3291
25270.08,19,1403,3291
25270.21,19,1403,3291
25270.34,19,1403,3291
25270.46,19,1403,3291
25270.59,19,1403,3291
25270.72,19,1403,3291
25270.84,19,1403,3291
25270.97,19,1403,3291
25280.09,19,1403,3291
25280.22,19,1403,3291
25280.34,19,1403,3291
25280.47,19,1403,3291
25280.60,19,1403,3291
25280.72,19,1403,3291
25280.85,19,1403,3291
25280.98,19,1403,3291
25290.08,9,1403,3301
25290.20,9,1403,3301
25290.33,9,1403,3301
25290.46,9,1403,3301
25290.58,9,1403,3301
25290.71,9,1403,3301
25290.84,9,1403,3301
25290.96,9,1403,3301
25300.08,7,1403,3303
25300.21,7,1403,3303
25300.33,7,1403,3303
25300.46,7,1403,3303
25300.58,7,1403,3303
25300.71,7,1403,3303
25300.84,7,1403,3303
25300.96,7,1403,3303
25310.07,17,1406,3307
25310.19,17,1406,3307
25310.32,17,1406,3307
25310.44,17,1406,3307
25310.57,17,1406,3307
25310.70,17,1406,3307
25310.82,17,1406,3307
25310.95,17,1406,3307
25320.04,19,1408,3307
25320.17,19,1408,3307
25320.30,19,1408,3307
25320.42,19,1408,3307
25320.55,19,1408,3307
25320.67,19,1408,3307
25320.80,19,1408,3307
25320.93,19,1408,3307
25330.06,20,1409,3307
25330.18,20,1409,3307
25330.31,20,1409,3307
25330.44,20,1409,3307
25330.56,20,1409,3307
25330.69,20,1409,3307
25330.82,20,1409,3307
25330.94,20,1409,3307
25340.05,20,1409,3307
25340.17,20,1409,3307
25340.30,20,1409,3307
25340.43,20,1409,3307
25340.55,20,1409,3307
25340.68,20,1409,3307
25340.80,20,1409,3307
25340.93,20,1409,3307
25350.05,20,1409,3307
25350.17,20,1409,3307
25350.30,20,1409,3307
25350.42,20,1409,3307
25350.55,20,1409,3307
25350.68,20,1409,3307
25350.80,20,1409,3307
25350.93,20,1409,3307
25360.03,21,1410,3307
25360.16,21,1410,3307
25360.31,21,1410,3307
25360.44,21,1410,3307
25360.57,21,1410,3307
25360.69,21,1410,3307
25360.82,21,1410,3307
25360.94,21,1410,3307
25370.04,21,1410,3307
25370.17,21,1410,3307
25370.30,21,1410,3307
25370.42,21,1410,3307
25370.55,21,1410,3307
25370.68,21,1410,3307
25370.80,21,1410,3307
25370.93,21,1410,3307
25380.06,21,1410,3307
25380.19,21,1410,3307
25380.31,21,1410,3307
25380.44,21,1410,3307
25380.56,21,1410,3307
25380.69,21,1410,3307
25380.82,21,1410,3307
25380.94,21,1410,3307
25390.05,21,1410,3307
25390.18,21,1410,3307
25390.30,21,1410,3307
25390.43,21,1410,3307
25390.55,21,1410,3307
25390.68,21,1410,3307
25390.81,21,1410,3307
25390.93,21,1410,3307
25400.05,20,1410,3308
25400.17,20,1410,3308
25400.30,20,1410,3308
25400.43,20,1410,3308
25400.55,20,1410,3308
25400.68,20,1410,3308
25400.80,20,1410,3308
25400.93,20,1410,3308
25410.02,20,1410,3308
25410.15,20,1410,3308
25410.27,20,1410,3308
25410.40,20,1410,3308
25410.52,20,1410,3308
25410.65,20,1410,3308
25410.81,20,1410,3308
25410.93,20,1410,3308
25420.03,19,1410,3309
25420.16,19,1410,3309
25420.29,19,1410,3309
25420.41,19,1410,3309
25420.54,19,1410,3309
25420.66,19,1410,3309
25420.79,19,1410,3309
25420.92,19,1410,3309
25430.06,19,1410,3309
25430.19,19,1410,3309
25430.31,19,1410,3309
25430.44,19,1410,3309
25430.57,19,1410,3309
25430.69,19,1410,3309
25430.82,19,1410,3309
25430.94,19,1410,3309
25440.04,19,1410,3309
25440.17,19,1410,3309
25440.29,19,1410,3309
25440.42,19,1410,3309
25440.55,19,1410,3309
25440.67,19,1410,3309
25440.80,19,1410,3309
25440.93,19,1410,3309
25450.05,19,1410,3309
25450.17,19,1410,3309
25450.30,19,1410,3309
25450.43,19,1410,3309
25450.55,19,1410,3309
25450.68,19,1410,3309
25450.81,18,1410,3310
25450.93,18,1410,3310
25460.03,6,1410,3322
25460.16,5,1410,3323
25460.29,5,1410,3323
25460.41,5,1410,3323
25460.54,5,1410,3323
25460.67,5,1410,3323
25460.79,5,1410,3323
25460.92,5,1410,3323
25470.05,16,1411,3324
25470.18,16,1411,3324
25470.30,17,1412,3324
25470.43,17,1412,3324
25470.56,17,1412,3324
25470.69,17,1412,3324
25470.81,17,1412,3324
25470.94,17,1412,3324
25480.07,21,1416,3324
25480.19,21,1416,3324
25480.32,21,1416,3324
25480.44,21,1416,3324
25480.57,21,1416,3324
25480.70,21,1416,3324
25480.83,21,1416,3324
25480.95,21,1416,3324
25490.04,22,1417,3324
25490.17,22,1417,3324
25490.30,22,1417,3324
25490.42,22,1417,3324
25490.55,22,1417,3324
25490.67,22,1417,3324
25490.80,22,1417,3324
25490.93,22,1417,3324
25500.05,23,1418,3324
25500.17,23,1418,3324
25500.30,23,1418,3324
25500.43,23,1418,3324
25500.55,23,1418,3324
25500.68,23,1418,3324
25500.81,23,1418,3324
25500.93,23,1418,3324
25510.02,24,1419,3324
25510.15,24,1419,3324
25510.28,24,1419,3324
25510.40,24,1419,3324
25510.53,24,1419,3324
25510.65,24,1419,3324
25510.78,24,1419,3324
25510.91,24,1419,3324
25520.02,24,1419,3324
25520.15,24,1419,3324
25520.27,24,1419,3324
25520.40,24,1419,3324
25520.53,24,1419,3324
25520.65,24,1419,3324
25520.78,24,1419,3324
25520.90,24,1419,3324
25530.04,24,1419,3324
25530.16,24,1419,3324
25530.29,24,1419,3324
25530.42,24,1419,3324
25530.54,24,1419,3324
25530.67,24,1419,3324
25530.79,24,1419,3324
25530.92,24,1419,3324
25540.02,24,1419,3324
25540.14,24,1419,3324
25540.27,24,1419,3324
25540.39,24,1419,3324
25540.52,24,1419,3324
25540.65,24,1419,3324
25540.77,24,1419,3324
25540.90,24,1419,3324
25550.03,24,1419,3324
25550.15,24,1419,3324
25550.28,24,1419,3324
25550.40,24,1419,3324
25550.53,24,1419,3324
25550.65,24,1419,3324
25550.78,24,1419,3324
25550.91,24,1419,3324
25560.13,23,1419,3325
25560.26,23,1419,3325
25560.38,23,1419,3325
25560.51,23,1419,3325
25560.64,23,1419,3325
25560.76,23,1419,3325
25560.89,23,1419,3325
25570.01,22,1419,3326
25570.14,22,1419,3326
25570.26,22,1419,3326
25570.39,22,1419,3326
25570.52,22,1419,3326
25570.64,22,1419,3326
25570.77,22,1419,3326
25570.89,22,1419,3326
25580.01,21,1419,3327
25580.14,21,1419,3327
25580.27,21,1419,3327
25580.39,21,1419,3327
25580.52,21,1419,3327
25580.64,21,1419,3327
25580.77,21,1419,3327
25580.90,21,1419,3327
25590.11,21,1419,3327
25590.24,21,1419,3327
25590.37,21,1419,3327
25590.50,21,1419,3327
25590.62,21,1419,3327
25590.75,21,1419,3327
25590.87,21,1419,3327
25591.00,21,1419,3327
25600.12,21,1419,3327
25600.24,21,1419,3327
25600.37,21,1419,3327
25600.49,21,1419,3327
25600.62,21,1419,3327
25600.75,21,1419,3327
25600.87,21,1419,3327
25601.00,21,1419,3327
25610.10,20,1419,3328
25610.22,20,1419,3328
25610.35,20,1419,3328
25610.47,20,1419,3328
25610.60,20,1419,3328
25610.73,20,1419,3328
25610.85,20,1419,3328
25610.98,20,1419,3328
25620.12,20,1419,3328
25620.24,20,1419,3328
25620.37,20,1419,3328
25620.49,20,1419,3328
25620.62,20,1419,3328
25620.75,20,1419,3328
25620.87,20,1419,3328
25621.00,9,1419,3339
25630.10,16,1420,3344
25630.23,16,1420,3344
25630.36,16,1420,3344
25630.48,16,1420,3344
25630.61,16,1420,3344
25630.73,16,1420,3344
25630.86,16,1420,3344
25630.99,16,1420,3344
25640.08,17,1422,3345
25640.21,17,1422,3345
25640.34,17,1422,3345
25640.46,17,1422,3345
25640.59,18,1423,3345
25640.72,18,1423,3345
25640.84,19,1424,3345
25640.97,19,1424,3345
25650.09,19,1425,3346
25650.22,19,1425,3346
25650.34,19,1425,3346
25650.47,19,1425,3346
25650.60,19,1425,3346
25650.72,19,1425,3346
25650.85,19,1425,3346
25650.97,19,1425,3346
25660.07,20,1426,3346
25660.20,20,1426,3346
25660.32,20,1426,3346
25660.45,20,1426,3346
25660.58,20,1426,3346
25660.70,20,1426,3346
25660.83,20,1426,3346
25660.95,20,1426,3346
25670.08,21,1427,3346
25670.21,21,1427,3346
25670.33,21,1427,3346
25670.46,21,1427,3346
25670.59,21,1427,3346
25670.71,21,1427,3346
25670.84,21,1427,3346
25670.96,21,1427,3346
25680.10,21,1427,3346
25680.23,21,1427,3346
25680.35,21,1427,3346
25680.48,21,1427,3346
25680.60,21,1427,3346
25680.73,21,1427,3346
25680.86,21,1427,3346
25680.98,21,1427,3346
25690.07,21,1427,3346
25690.20,21,1427,3346
25690.32,21,1427,3346
25690.45,21,1427,3346
25690.58,21,1427,3346
25690.71,21,1427,3346
25690.83,21,1427,3346
25690.96,21,1427,3346
25700.09,21,1427,3346
25700.21,21,1427,3346
25700.34,21,1427,3346
25700.47,21,1427,3346
25700.59,21,1427,3346
25700.72,21,1427,3346
25700.85,21,1427,3346
25700.97,21,1427,3346
25710.06,21,1427,3346
25710.19,21,1427,3346
25710.32,21,1427,3346
25710.44,21,1427,3346
25710.57,21,1427,3346
25710.70,21,1427,3346
25710.82,21,1427,3346
25710.95,21,1427,3346
25720.10,21,1427,3346
25720.22,21,1427,3346
25720.35,21,1427,3346
25720.47,21,1427,3346
25720.60,21,1427,3346
25720.73,21,1427,3346
25720.85,21,1427,3346
25720.98,21,1427,3346
25730.07,20,1427,3347
25730.20,20,1427,3347
25730.32,20,1427,3347
25730.45,20,1427,3347
25730.61,20,1427,3347
25730.73,20,1427,3347
25730.86,20,1427,3347
25730.99,20,1427,3347
25740.07,20,1427,3347
25740.20,20,1427,3347
25740.33,20,1427,3347
25740.45,20,1427,3347
25740.58,20,1427,3347
25740.70,20,1427,3347
25740.83,20,1427,3347
25740.96,20,1427,3347
25750.08,20,1427,3347
25750.21,20,1427,3347
25750.34,20,1427,3347
25750.46,20,1427,3347
25750.59,20,1427,3347
25750.71,20,1427,3347
25750.84,20,1427,3347
25750.97,20,1427,3347
25760.09,19,1427,3348
25760.21,19,1427,3348
25760.34,19,1427,3348
25760.46,19,1427,3348
25760.59,19,1427,3348
25760.72,19,1427,3348
25760.84,19,1427,3348
25760.97,19,1427,3348
25770.10,19,1427,3348
25770.23,19,1427,3348
25770.35,19,1427,3348
25770.48,19,1427,3348
25770.60,19,1427,3348
25770.73,19,1427,3348
25770.86,19,1427,3348
25770.98,19,1427,3348
25780.08,19,1427,3348
25780.21,10,1427,3357
25780.34,9,1427,3358
25780.46,9,1427,3358
25780.59,9,1427,3358
25780.71,9,1427,3358
25780.84,9,1427,3358
25780.97,9,1427,3358
25790.09,7,1427,3360
25790.22,7,1427,3360
25790.35,7,1427,3360
25790.47,7,1427,3360
25790.60,7,1427,3360
25790.73,7,1427,3360
25790.85,7,1427,3360
25790.98,7,1427,3360
25800.09,17,1429,3363
25800.22,17,1429,3363
25800.35,17,1429,3363
25800.47,17,1429,3363
25800.60,17,1429,3363
25800.72,17,1429,3363
25800.85,17,1429,3363
25800.98,17,1429,3363
25810.01,19,1432,3364
25810.14,19,1432,3364
25810.27,19,1432,3364
25810.40,19,1432,3364
25810.52,19,1432,3364
25810.65,19,1432,3364
25810.77,19,1432,3364
25810.90,19,1432,3364
25820.02,22,1435,3364
25820.15,22,1435,3364
25820.28,22,1435,3364
25820.40,22,1435,3364
25820.53,22,1435,3364
25820.65,22,1435,3364
25820.78,22,1435,3364
25820.91,22,1435,3364
25830.02,22,1435,3364
25830.15,22,1435,3364
25830.28,22,1435,3364
25830.40,22,1435,3364
25830.53,22,1435,3364
25830.66,22,1435,3364
25830.78,22,1435,3364
25830.91,22,1435,3364
25840.05,23,1436,3364
25840.18,23,1436,3364
25840.30,23,1436,3364
25840.43,23,1436,3364
25840.56,23,1436,3364
25840.68,23,1436,3364
25840.81,23,1436,3364
25840.94,23,1436,3364
25850.07,23,1436,3364
25850.19,23,1436,3364
25850.32,23,1436,3364
25850.45,23,1436,3364
25850.57,23,1436,3364
25850.70,23,1436,3364
25850.82,23,1436,3364
25850.95,23,1436,3364
25860.08,23,1436,3364
25860.20,23,1436,3364
25860.33,23,1436,3364
25860.46,23,1436,3364
25860.58,23,1436,3364
25860.71,23,1436,3364
25860.84,23,1436,3364
25860.96,23,1436,3364
25870.10,23,1436,3364
25870.23,23,1436,3364
25870.35,23,1436,3364
25870.48,23,1436,3364
25870.61,23,1436,3364
25870.73,23,1436,3364
25870.86,23,1436,3364
25870.99,23,1436,3364
25880.08,23,1436,3364
25880.20,23,1436,3364
25880.33,23,1436,3364
25880.46,23,1436,3364
25880.58,23,1436,3364
25880.71,23,1436,3364
25880.84,23,1436,3364
25880.96,23,1436,3364
25890.09,21,1436,3366
25890.21,21,1436,3366
25890.34,21,1436,3366
25890.47,21,1436,3366
25890.59,21,1436,3366
25890.72,21,1436,3366
25890.85,21,1436,3366
25890.97,21,1436,3366
25900.11,21,1436,3366
25900.24,21,1436,3366
25900.36,21,1436,3366
25900.49,21,1436,3366
25900.62,21,1436,3366
25900.74,21,1436,3366
25900.87,21,1436,3366
25900.99,21,1436,3366
25910.08,21,1436,3366
25910.21,21,1436,3366
25910.33,21,1436,3366
25910.46,21,1436,3366
25910.58,21,1436,3366
25910.71,21,1436,3366
25910.84,21,1436,3366
25910.96,21,1436,3366
25920.08,20,1436,3367
25920.20,20,1436,3367
25920.33,20,1436,3367
25920.46,20,1436,3367
25920.58,20,1436,3367
25920.71,20,1436,3367
25920.84,20,1436,3367
25920.96,20,1436,3367
25930.05,20,1436,3367
25930.18,20,1436,3367
25930.30,20,1436,3367
25930.43,20,1436,3367
25930.56,20,1436,3367
25930.68,20,1436,3367
25930.81,20,1436,3367
25930.93,20,1436,3367
25940.05,20,1436,3367
25940.18,20,1436,3367
25940.31,20,1436,3367
25940.43,20,1436,3367
25940.56,20,1436,3367
25940.68,20,1436,3367
25940.81,20,1436,3367
25940.94,20,1436,3367
25950.06,8,1436,3379
25950.19,8,1436,3379
25950.32,8,1436,3379
25950.45,8,1436,3379
25950.57,8,1436,3379
25950.70,8,1436,3379
25950.82,8,1436,3379
25950.95,8,1436,3379
25960.05,5,1436,3382
25960.17,5,1436,3382
25960.30,5,1436,3382
25960.42,5,1436,3382
25960.55,5,1436,3382
25960.68,5,1436,3382
25960.80,5,1436,3382
25960.93,5,1436,3382
25970.05,16,1439,3385
25970.18,16,1439,3385
25970.30,16,1439,3385
25970.43,16,1439,3385
25970.56,16,1439,3385
25970.68,16,1439,3385
25970.81,16,1439,3385
25970.94,16,1439,3385
25980.04,16,1439,3385
25980.16,16,1439,3385
25980.29,16,1439,3385
25980.42,16,1439,3385
25980.54,16,1439,3385
25980.67,16,1439,3385
25980.79,16,1439,3385
25980.92,16,1439,3385
25990.04,18,1441,3385
25990.17,18,1441,3385
25990.29,18,1441,3385
25990.42,18,1441,3385
25990.54,18,1441,3385
25990.67,18,1441,3385
25990.79,18,1441,3385
25990.92,18,1441,3385
26000.02,20,1443,3385
26000.14,20,1443,3385
26000.27,20,1443,3385
26000.43,20,1443,3385
26000.55,20,1443,3385
26000.68,20,1443,3385
26000.81,20,1443,3385
26000.93,20,1443,3385
26010.03,21,1444,3385
26010.15,21,1444,3385
26010.28,21,1444,3385
26010.41,21,1444,3385
26010.53,21,1444,3385
26010.66,21,1444,3385
26010.78,21,1444,3385
26010.91,21,1444,3385
26020.03,21,1444,3385
26020.16,21,1444,3385
26020.28,21,1444,3385
26020.41,21,1444,3385
26020.54,21,1444,3385
26020.66,21,1444,3385
26020.79,21,1444,3385
26020.92,21,1444,3385
26030.02,21,1444,3385
26030.15,21,1444,3385
26030.28,21,1444,3385
26030.40,21,1444,3385
26030.53,21,1444,3385
26030.66,21,1444,3385
26030.78,21,1444,3385
26030.91,21,1444,3385
26040.05,21,1444,3385
26040.18,21,1444,3385
26040.31,21,1444,3385
26040.43,21,1444,3385
26040.56,21,1444,3385
26040.69,21,1444,3385
26040.81,21,1444,3385
26040.94,21,1444,3385
26050.04,20,1444,3386
26050.17,20,1444,3386
26050.30,20,1444,3386
26050.42,20,1444,3386
26050.55,20,1444,3386
26050.68,20,1444,3386
26050.80,20,1444,3386
26050.96,20,1444,3386
26060.06,20,1444,3386
26060.18,20,1444,3386
26060.31,20,1444,3386
26060.43,20,1444,3386
26060.56,20,1444,3386
26060.69,20,1444,3386
26060.81,20,1444,3386
26060.94,20,1444,3386
26070.07,20,1444,3386
26070.19,20,1444,3386
26070.32,20,1444,3386
26070.45,20,1444,3386
26070.57,20,1444,3386
26070.70,20,1444,3386
26070.84,20,1444,3386
26071.00,20,1444,3386
26080.08,20,1444,3386
26080.21,20,1444,3386
26080.34,20,1444,3386
26080.46,20,1444,3386
26080.59,20,1444,3386
26080.72,20,1444,3386
26080.84,20,1444,3386
26080.97,20,1444,3386
26090.10,19,1444,3387
26090.23,19,1444,3387
26090.36,19,1444,3387
26090.48,19,1444,3387
26090.61,19,1444,3387
26090.74,19,1444,3387
26090.86,19,1444,3387
26090.99,19,1444,3387
26100.08,19,1444,3387
26100.21,19,1444,3387
26100.33,19,1444,3387
26100.46,19,1444,3387
26100.58,19,1444,3387
26100.71,19,1444,3387
26100.84,19,1444,3387
26100.96,19,1444,3387
26110.09,19,1444,3387
26110.21,19,1444,3387
26110.34,19,1444,3387
26110.47,19,1444,3387
26110.59,19,1444,3387
26110.72,19,1444,3387
26110.85,19,1444,3387
26110.97,19,1444,3387
26120.10,6,1444,3400
26120.22,6,1444,3400
26120.35,6,1444,3400
26120.48,6,1444,3400
26120.60,6,1444,3400
26120.73,6,1444,3400
26120.86,6,1444,3400
26120.98,6,1444,3400
26130.09,5,1444,3401
26130.22,5,1444,3401
26130.34,5,1444,3401
26130.47,5,1444,3401
26130.60,5,1444,3401
26130.72,5,1444,3401
26130.85,5,1444,3401
26130.97,5,1444,3401
26140.09,18,1447,3402
26140.22,18,1447,3402
26140.35,18,1447,3402
26140.47,18,1447,3402
26140.60,18,1447,3402
26140.73,18,1447,3402
26140.85,18,1447,3402
26140.98,18,1447,3402
26150.07,18,1448,3403
26150.20,18,1448,3403
26150.32,18,1448,3403
26150.45,18,1448,3403
26150.57,18,1448,3403
26150.70,18,1448,3403
26150.83,18,1448,3403
26150.95,18,1448,3403
26160.07,19,1449,3403
26160.19,19,1449,3403
26160.32,19,1449,3403
26160.45,19,1449,3403
26160.57,19,1449,3403
26160.70,19,1449,3403
26160.82,19,1449,3403
26160.95,19,1449,3403
26170.08,19,1449,3403
26170.21,19,1449,3403
26170.33,19,1449,3403
26170.46,19,1449,3403
26170.59,19,1449,3403
26170.71,19,1449,3403
26170.84,19,1449,3403
26170.96,19,1449,3403
26180.06,19,1449,3403
26180.19,19,1449,3403
26180.31,19,1449,3403
26180.44,19,1449,3403
26180.56,19,1449,3403
26180.69,19,1449,3403
26180.82,19,1449,3403
26180.94,19,1449,3403
26190.07,19,1449,3403
26190.19,19,1449,3403
26190.32,19,1449,3403
26190.45,19,1449,3403
26190.57,19,1449,3403
26190.70,19,1449,3403
26190.82,19,1449,3403
26190.95,19,1449,3403
26200.04,19,1449,3403
26200.17,19,1449,3403
26200.30,19,1449,3403
26200.42,19,1449,3403
26200.55,19,1449,3403
26200.68,19,1449,3403
26200.80,19,1449,3403
26200.93,19,1449,3403
26210.06,19,1449,3403
26210.18,19,1449,3403
26210.31,19,1449,3403
26210.43,19,1449,3403
26210.56,19,1449,3403
26210.68,19,1449,3403
26210.81,19,1449,3403
26210.94,19,1449,3403
26220.06,19,1449,3403
26220.19,19,1449,3403
26220.32,19,1449,3403
26220.44,19,1449,3403
26220.57,19,1449,3403
26220.69,19,1449,3403
26220.82,19,1449,3403
26220.95,19,1449,3403
26230.03,19,1449,3403
26230.15,19,1449,3403
26230.28,19,1449,3403
26230.41,19,1449,3403
26230.53,19,1449,3403
26230.66,19,1449,3403
26230.79,19,1449,3403
26230.91,19,1449,3403
26240.03,19,1449,3403
26240.15,19,1449,3403
26240.28,19,1449,3403
26240.41,19,1449,3403
26240.53,19,1449,3403
26240.66,19,1449,3403
26240.78,19,1449,3403
26240.91,19,1449,3403
26250.01,18,1449,3404
26250.13,18,1449,3404
26250.26,18,1449,3404
26250.38,18,1449,3404
26250.51,18,1449,3404
26250.63,18,1449,3404
26250.76,18,1449,3404
26250.89,18,1449,3404
26260.01,16,1449,3406
26260.14,16,1449,3406
26260.27,16,1449,3406
26260.39,16,1449,3406
26260.52,16,1449,3406
26260.64,16,1449,3406
26260.77,16,1449,3406
26260.90,16,1449,3406
26270.02,16,1449,3406
26270.15,16,1449,3406
26270.28,16,1449,3406
26270.40,16,1449,3406
26270.53,16,1449,3406
26270.65,16,1449,3406
26270.78,16,1449,3406
26270.91,16,1449,3406
26280.12,16,1449,3406
26280.25,16,1449,3406
26280.38,16,1449,3406
26280.50,16,1449,3406
26280.63,16,1449,3406
26280.76,16,1449,3406
26280.88,16,1449,3406
26290.02,6,1449,3416
26290.15,6,1449,3416
26290.28,6,1449,3416
26290.40,6,1449,3416
26290.53,6,1449,3416
26290.66,6,1449,3416
26290.78,6,1449,3416
26290.91,6,1449,3416
26300.13,6,1449,3416
26300.26,6,1449,3416
26300.38,6,1449,3416
26300.51,6,1449,3416
26300.63,6,1449,3416
26300.76,6,1449,3416
26300.89,6,1449,3416
26310.02,6,1449,3416
26310.15,6,1449,3416
26310.27,6,1449,3416
26310.40,6,1449,3416
26310.53,6,1449,3416
26310.65,6,1449,3416
26310.78,6,1449,3416
26310.91,6,1449,3416
26320.12,6,1449,3416
26320.28,6,1449,3416
26320.40,6,1449,3416
26320.53,6,1449,3416
26320.66,6,1449,3416
26320.78,6,1449,3416
26320.91,6,1449,3416
26330.12,6,1449,3416
26330.25,6,1449,3416
26330.38,6,1449,3416
26330.50,6,1449,3416
26330.63,6,1449,3416
26330.76,6,1449,3416
26330.88,6,1449,3416
26340.13,6,1449,3416
26340.25,6,1449,3416
26340.38,6,1449,3416
26340.51,6,1449,3416
26340.63,6,1449,3416
26340.76,6,1449,3416
26340.88,6,1449,3416
26350.10,6,1449,3416
26350.23,6,1449,3416
26350.36,6,1449,3416
26350.48,6,1449,3416
26350.61,6,1449,3416
26350.73,6,1449,3416
26350.86,6,1449,3416
26350.99,6,1449,3416
26360.12,6,1449,3416
26360.24,6,1449,3416
26360.37,6,1449,3416
26360.50,6,1449,3416
26360.62,6,1449,3416
26360.75,6,1449,3416
26360.87,6,1449,3416
26361.00,6,1449,3416
26370.08,6,1449,3416
26370.21,6,1449,3416
26370.33,6,1449,3416
26370.46,6,1449,3416
26370.59,6,1449,3416
26370.75,6,1449,3416
26370.87,6,1449,3416
26371.00,6,1449,3416
26380.10,6,1449,3416
26380.23,6,1449,3416
26380.36,6,1449,3416
26380.48,6,1449,3416
26380.61,6,1449,3416
26380.73,6,1449,3416
26380.86,6,1449,3416
26380.99,6,1449,3416
26390.11,16,1451,3420
26390.24,16,1451,3420
26390.36,17,1452,3420
26390.49,17,1452,3420
26390.62,17,1452,3420
26390.74,17,1452,3420
26390.87,17,1452,3420
26390.99,17,1452,3420
26400.08,19,1455,3421
26400.20,19,1455,3421
26400.33,19,1455,3421
26400.45,19,1455,3421
26400.58,19,1455,3421
26400.71,19,1455,3421
26400.83,19,1455,3421
26400.96,19,1455,3421
26410.07,21,1457,3421
26410.20,21,1457,3421
26410.32,21,1457,3421
26410.45,21,1457,3421
26410.58,21,1457,3421
26410.70,21,1457,3421
26410.83,21,1457,3421
26410.96,21,1457,3421
26420.04,20,1457,3422
26420.17,20,1457,3422
26420.29,20,1457,3422
26420.42,20,1457,3422
26420.54,20,1457,3422
26420.67,20,1457,3422
26420.80,20,1457,3422
26420.92,20,1457,3422
26430.07,22,1459,3422
26430.20,22,1459,3422
26430.32,22,1459,3422
26430.45,22,1459,3422
26430.58,22,1459,3422
26430.70,22,1459,3422
26430.83,22,1459,3422
26430.95,22,1459,3422
26440.08,22,1459,3422
26440.21,22,1459,3422
26440.34,22,1459,3422
26440.46,22,1459,3422
26440.59,22,1459,3422
26440.72,22,1459,3422
26440.84,22,1459,3422
26440.97,22,1459,3422
26450.05,22,1459,3422
26450.18,22,1459,3422
26450.31,22,1459,3422
26450.43,22,1459,3422
26450.56,22,1459,3422
26450.69,22,1459,3422
26450.81,22,1459,3422
26450.94,22,1459,3422
26460.06,22,1459,3422
26460.18,22,1459,3422
26460.31,22,1459,3422
26460.44,22,1459,3422
26460.56,22,1459,3422
26460.69,22,1459,3422
26460.81,22,1459,3422
26460.94,22,1459,3422
26470.04,22,1459,3422
26470.17,22,1459,3422
26470.30,22,1459,3422
26470.43,22,1459,3422
26470.55,22,1459,3422
26470.68,22,1459,3422
26470.81,22,1459,3422
26470.93,22,1459,3422
26480.07,22,1459,3422
26480.19,22,1459,3422
26480.32,22,1459,3422
26480.45,22,1459,3422
26480.57,22,1459,3422
26480.70,22,1459,3422
26480.83,22,1459,3422
26480.95,22,1459,3422
26490.08,22,1459,3422
26490.21,22,1459,3422
26490.34,22,1459,3422
26490.46,22,1459,3422
26490.59,22,1459,3422
26490.71,22,1459,3422
26490.84,22,1459,3422
26500.11,22,1459,3422
26500.23,22,1459,3422
26500.36,22,1459,3422
26500.48,22,1459,3422
26500.61,22,1459,3422
26500.74,22,1459,3422
26500.86,22,1459,3422
26500.99,22,1459,3422
26510.11,22,1459,3422
26510.23,22,1459,3422
26510.36,22,1459,3422
26510.49,22,1459,3422
26510.61,22,1459,3422
26510.74,22,1459,3422
26510.86,22,1459,3422
26510.99,22,1459,3422
26520.10,22,1459,3422
26520.23,22,1459,3422
26520.35,22,1459,3422
26520.48,22,1459,3422
26520.60,22,1459,3422
26520.73,22,1459,3422
26520.86,22,1459,3422
26520.98,22,1459,3422
26530.12,22,1459,3422
26530.25,22,1459,3422
26530.37,22,1459,3422
26530.50,22,1459,3422
26530.63,22,1459,3422
26530.75,22,1459,3422
26530.88,22,1459,3422
26531.00,22,1459,3422
26540.01,10,1459,3434
26540.14,10,1459,3434
26540.27,10,1459,3434
26540.39,10,1459,3434
26540.52,10,1459,3434
26540.65,10,1459,3434
26540.77,10,1459,3434
26540.90,10,1459,3434
26550.12,6,1459,3438
26550.25,6,1459,3438
26550.37,6,1459,3438
26550.50,6,1459,3438
26550.63,6,1459,3438
26550.75,6,1459,3438
26550.88,6,1459,3438
26560.02,16,1460,3440
26560.15,16,1460,3440
26560.27,16,1460,3440
26560.40,16,1460,3440
26560.52,16,1460,3440
26560.65,16,1460,3440
26560.78,16,1460,3440
26560.90,17,1461,3440
26570.01,20,1465,3441
26570.14,20,1465,3441
26570.26,20,1465,3441
26570.39,20,1465,3441
26570.52,20,1465,3441
26570.64,20,1465,3441
26570.77,20,1465,3441
26570.89,20,1465,3441
26580.01,21,1467,3442
26580.14,21,1467,3442
26580.27,21,1467,3442
26580.40,21,1467,3442
26580.52,21,1467,3442
26580.65,21,1467,3442
26580.78,21,1467,3442
26580.90,21,1467,3442
26590.04,21,1467,3442
26590.17,21,1467,3442
26590.29,21,1467,3442
26590.42,21,1467,3442
26590.55,21,1467,3442
26590.67,21,1467,3442
26590.80,21,1467,3442
26590.93,21,1467,3442
26600.03,21,1467,3442
26600.16,21,1467,3442
26600.28,21,1467,3442
26600.41,21,1467,3442
26600.53,21,1467,3442
26600.66,21,1467,3442
26600.79,21,1467,3442
26600.91,21,1467,3442
26610.02,21,1467,3442
26610.15,21,1467,3442
26610.27,21,1467,3442
26610.40,21,1467,3442
26610.52,21,1467,3442
26610.65,21,1467,3442
26610.77,21,1467,3442
26610.90,21,1467,3442
26620.01,21,1467,3442
26620.14,21,1467,3442
26620.26,21,1467,3442
26620.39,21,1467,3442
26620.52,21,1467,3442
26620.64,21,1467,3442
26620.77,21,1467,3442
26620.90,21,1467,3442
26630.05,21,1467,3442
26630.18,21,1467,3442
26630.30,21,1467,3442
26630.43,21,1467,3442
26630.56,21,1467,3442
26630.68,21,1467,3442
26630.81,21,1467,3442
26630.94,21,1467,3442
26640.02,21,1467,3442
26640.15,21,1467,3442
26640.28,21,1467,3442
26640.43,21,1467,3442
26640.56,21,1467,3442
26640.69,21,1467,3442
26640.81,21,1467,3442
26640.94,21,1467,3442
26650.04,20,1467,3443
26650.17,20,1467,3443
26650.30,20,1467,3443
26650.42,20,1467,3443
26650.55,20,1467,3443
26650.68,20,1467,3443
26650.80,20,1467,3443
26650.93,20,1467,3443
26660.06,20,1467,3443
26660.18,20,1467,3443
26660.31,20,1467,3443
26660.43,20,1467,3443
26660.56,20,1467,3443
26660.69,20,1467,3443
26660.81,20,1467,3443
26660.94,20,1467,3443
26670.05,20,1467,3443
26670.17,20,1467,3443
26670.30,20,1467,3443
26670.43,20,1467,3443
26670.55,20,1467,3443
26670.68,20,1467,3443
26670.80,20,1467,3443
26670.93,20,1467,3443
26680.08,19,1467,3444
26680.20,19,1467,3444
26680.33,19,1467,3444
26680.45,19,1467,3444
26680.58,19,1467,3444
26680.71,19,1467,3444
26680.83,19,1467,3444
26680.96,19,1467,3444
26690.06,19,1467,3444
26690.18,19,1467,3444
26690.31,19,1467,3444
26690.44,19,1467,3444
26690.56,19,1467,3444
26690.69,19,1467,3444
26690.81,19,1467,3444
26690.97,19,1467,3444
26700.08,19,1467,3444
26700.21,19,1467,3444
26700.33,19,1467,3444
26700.46,19,1467,3444
26700.59,19,1467,3444
26700.71,19,1467,3444
26700.84,19,1467,3444
26700.96,19,1467,3444
26710.11,7,1467,3456
26710.23,7,1467,3456
26710.36,7,1467,3456
26710.49,7,1467,3456
26710.61,7,1467,3456
26710.74,7,1467,3456
26710.86,7,1467,3456
26710.99,7,1467,3456
26720.08,16,1468,3459
26720.21,16,1468,3459
26720.33,16,1468,3459
26720.46,16,1468,3459
26720.58,16,1468,3459
26720.71,16,1468,3459
26720.83,16,1468,3459
26720.96,16,1468,3459
26730.09,17,1470,3460
26730.30,17,1470,3460
26730.42,17,1470,3460
26730.55,17,1470,3460
26730.68,17,1470,3460
26730.80,17,1470,3460
26730.93,17,1470,3460
26740.01,20,1473,3460
26740.13,20,1473,3460
26740.26,20,1473,3460
26740.38,20,1473,3460
26740.51,20,1473,3460
26740.64,20,1473,3460
26740.76,20,1473,3460
26740.89,20,1473,3460
26750.02,20,1473,3460
26750.15,20,1473,3460
26750.27,20,1473,3460
26750.40,20,1473,3460
26750.53,20,1473,3460
26750.65,20,1473,3460
26750.78,20,1473,3460
26750.91,20,1473,3460
26760.13,21,1474,3460
26760.25,21,1474,3460
26760.38,21,1474,3460
26760.50,21,1474,3460
26760.63,21,1474,3460
26760.76,21,1474,3460
26760.88,21,1474,3460
26770.12,21,1474,3460
26770.24,21,1474,3460
26770.37,21,1474,3460
26770.50,21,1474,3460
26770.62,21,1474,3460
26770.75,21,1474,3460
26770.88,21,1474,3460
26771.00,21,1474,3460
26780.12,23,1476,3460
26780.25,23,1476,3460
26780.38,23,1476,3460
26780.50,23,1476,3460
26780.63,23,1476,3460
26780.76,23,1476,3460
26780.88,23,1476,3460
26790.10,24,1477,3460
26790.22,24,1477,3460
26790.35,24,1477,3460
26790.47,24,1477,3460
26790.60,24,1477,3460
26790.73,24,1477,3460
26790.85,24,1477,3460
26790.98,24,1477,3460
26800.10,24,1477,3460
26800.22,24,1477,3460
26800.35,24,1477,3460
26800.48,24,1477,3460
26800.60,24,1477,3460
26800.73,24,1477,3460
26800.85,24,1477,3460
26800.98,24,1477,3460
26810.11,24,1477,3460
26810.24,24,1477,3460
26810.37,24,1477,3460
26810.49,24,1477,3460
26810.62,24,1477,3460
26810.75,24,1477,3460
26810.87,24,1477,3460
26811.00,24,1477,3460
26820.09,23,1477,3461
26820.21,23,1477,3461
26820.34,23,1477,3461
26820.47,23,1477,3461
26820.59,23,1477,3461
26820.72,23,1477,3461
26820.84,23,1477,3461
26820.97,23,1477,3461
26830.09,21,1477,3463
26830.22,21,1477,3463
26830.35,21,1477,3463
26830.47,21,1477,3463
26830.60,21,1477,3463
26830.72,21,1477,3463
26830.85,21,1477,3463
26830.98,21,1477,3463
26840.09,21,1477,3463
26840.22,21,1477,3463
26840.35,21,1477,3463
26840.47,21,1477,3463
26840.60,21,1477,3463
26840.73,21,1477,3463
26840.85,21,1477,3463
26840.98,21,1477,3463
26850.10,21,1477,3463
26850.22,21,1477,3463
26850.35,21,1477,3463
26850.48,21,1477,3463
26850.60,21,1477,3463
26850.73,21,1477,3463
26850.86,21,1477,3463
26850.98,21,1477,3463
26860.06,21,1477,3463
26860.19,21,1477,3463
26860.32,21,1477,3463
26860.44,21,1477,3463
26860.57,21,1477,3463
26860.70,21,1477,3463
26860.82,21,1477,3463
26860.95,21,1477,3463
26870.04,10,1477,3474
26870.17,10,1477,3474
26870.29,10,1477,3474
26870.42,10,1477,3474
26870.55,10,1477,3474
26870.67,10,1477,3474
26870.80,10,1477,3474
26870.92,10,1477,3474
26880.06,7,1477,3477
26880.19,7,1477,3477
26880.32,7,1477,3477
26880.44,7,1477,3477
26880.57,7,1477,3477
26880.70,7,1477,3477
26880.82,7,1477,3477
26880.95,7,1477,3477
26890.03,5,1477,3479
26890.16,5,1477,3479
26890.28,5,1477,3479
26890.41,5,1477,3479
26890.53,5,1477,3479
26890.66,5,1477,3479
26890.79,5,1477,3479
26890.92,5,1477,3479
26900.02,18,1480,3480
26900.15,18,1480,3480
26900.27,18,1480,3480
26900.40,18,1480,3480
26900.52,18,1480,3480
26900.65,18,1480,3480
26900.78,18,1480,3480
26900.91,18,1480,3480
26910.12,18,1481,3481
26910.28,18,1481,3481
26910.40,18,1481,3481
26910.53,18,1481,3481
26910.65,18,1481,3481
26910.78,18,1481,3481
26910.91,18,1481,3481
26920.02,20,1483,3481
26920.14,20,1483,3481
26920.27,20,1483,3481
26920.40,20,1483,3481
26920.52,20,1483,3481
26920.65,20,1483,3481
26920.77,20,1483,3481
26920.90,20,1483,3481
26930.04,18,1483,3483
26930.16,18,1483,3483
26930.29,18,1483,3483
26930.41,18,1483,3483
26930.54,18,1483,3483
26930.67,18,1483,3483
26930.79,18,1483,3483
26930.92,18,1483,3483
26940.02,19,1484,3483
26940.15,19,1484,3483
26940.27,19,1484,3483
26940.40,19,1484,3483
26940.52,19,1484,3483
26940.65,19,1484,3483
26940.78,19,1484,3483
26940.90,19,1484,3483
26950.04,19,1484,3483
26950.17,19,1484,3483
26950.30,19,1484,3483
26950.42,19,1484,3483
26950.55,19,1484,3483
26950.67,19,1484,3483
26950.80,19,1484,3483
26950.93,19,1484,3483
26960.02,19,1484,3483
26960.15,19,1484,3483
26960.27,19,1484,3483
26960.40,19,1484,3483
26960.53,19,1484,3483
26960.65,19,1484,3483
26960.81,19,1484,3483
26960.94,19,1484,3483
26970.02,19,1484,3483
26970.14,19,1484,3483
26970.27,19,1484,3483
26970.40,19,1484,3483
26970.52,19,1484,3483
26970.65,19,1484,3483
26970.78,19,1484,3483
26970.90,19,1484,3483
26980.02,19,1484,3483
26980.15,19,1484,3483
26980.27,19,1484,3483
26980.40,19,1484,3483
26980.52,19,1484,3483
26980.65,19,1484,3483
26980.77,19,1484,3483
26980.90,19,1484,3483
26990.01,19,1484,3483
26990.13,19,1484,3483
26990.26,19,1484,3483
26990.38,19,1484,3483
26990.51,19,1484,3483
26990.64,19,1484,3483
26990.76,19,1484,3483
26990.89,19,1484,3483
27000.03,19,1484,3483
27000.16,19,1484,3483
27000.29,19,1484,3483
27000.41,19,1484,3483
27000.54,19,1484,3483
27000.67,19,1484,3483
27000.79,19,1484,3483
27000.92,19,1484,3483
27010.01,19,1484,3483
27010.14,19,1484,3483
27010.26,19,1484,3483
27010.39,19,1484,3483
27010.52,19,1484,3483
27010.64,19,1484,3483
27010.77,19,1484,3483
27010.89,19,1484,3483
27020.04,19,1484,3483
27020.16,19,1484,3483
27020.29,19,1484,3483
27020.42,19,1484,3483
27020.54,19,1484,3483
27020.67,19,1484,3483
27020.79,19,1484,3483
27020.92,19,1484,3483
27030.05,19,1484,3483
27030.18,19,1484,3483
27030.30,19,1484,3483
27030.43,19,1484,3483
27030.56,19,1484,3483
27030.68,19,1484,3483
27030.81,19,1484,3483
27030.94,19,1484,3483
27040.03,19,1484,3483
27040.15,19,1484,3483
27040.28,18,1484,3484
27040.40,18,1484,3484
27040.53,18,1484,3484
27040.66,18,1484,3484
27040.78,18,1484,3484
27040.91,18,1484,3484
27050.04,6,1484,3496
27050.16,6,1484,3496
27050.29,6,1484,3496
27050.42,6,1484,3496
27050.54,6,1484,3496
27050.67,6,1484,3496
27050.80,6,1484,3496
27050.92,6,1484,3496
27060.01,5,1484,3497
27060.14,5,1484,3497
27060.27,5,1484,3497
27060.39,5,1484,3497
27060.52,5,1484,3497
27060.65,5,1484,3497
27060.77,5,1484,3497
27060.90,5,1484,3497
27070.02,18,1487,3498
27070.15,18,1487,3498
27070.29,19,1488,3498
27070.42,19,1488,3498
27070.55,19,1488,3498
27070.67,19,1488,3498
27070.80,19,1488,3498
27070.92,19,1488,3498
27080.04,20,1489,3498
27080.16,20,1489,3498
27080.31,20,1489,3498
27080.43,20,1489,3498
27080.56,20,1489,3498
27080.69,20,1489,3498
27080.81,20,1489,3498
27080.94,20,1489,3498
27090.03,20,1489,3498
27090.16,20,1489,3498
27090.28,20,1489,3498
27090.41,20,1489,3498
27090.54,20,1489,3498
27090.67,20,1489,3498
27090.79,20,1489,3498
27090.92,20,1489,3498
27100.04,22,1491,3498
27100.17,22,1491,3498
27100.29,22,1491,3498
27100.44,22,1491,3498
27100.56,22,1491,3498
27100.69,22,1491,3498
27100.81,22,1491,3498
27100.94,22,1491,3498
27110.04,22,1491,3498
27110.17,22,1491,3498
27110.29,22,1491,3498
27110.43,22,1491,3498
27110.56,22,1491,3498
27110.69,22,1491,3498
27110.81,22,1491,3498
27110.94,22,1491,3498
27120.07,22,1491,3498
27120.19,22,1491,3498
27120.32,22,1491,3498
27120.46,22,1491,3498
27120.59,22,1491,3498
27120.71,22,1491,3498
27120.84,22,1491,3498
27120.97,22,1491,3498
27130.10,23,1492,3498
27130.22,23,1492,3498
27130.35,23,1492,3498
27130.48,23,1492,3498
27130.62,23,1492,3498
27130.74,23,1492,3498
27130.87,23,1492,3498
27131.00,23,1492,3498
27140.08,23,1492,3498
27140.21,23,1492,3498
27140.34,23,1492,3498
27140.46,23,1492,3498
27140.59,23,1492,3498
27140.72,23,1492,3498
27140.84,23,1492,3498
27140.97,23,1492,3498
27150.09,22,1492,3499
27150.22,22,1492,3499
27150.35,22,1492,3499
27150.47,22,1492,3499
27150.61,22,1492,3499
27150.74,22,1492,3499
27150.86,22,1492,3499
27150.99,22,1492,3499
27160.07,21,1492,3500
27160.20,21,1492,3500
27160.33,21,1492,3500
27160.45,21,1492,3500
27160.58,21,1492,3500
27160.72,21,1492,3500
27160.85,21,1492,3500
27160.97,21,1492,3500
27170.10,21,1492,3500
27170.22,20,1492,3501
27170.35,20,1492,3501
27170.47,20,1492,3501
27170.60,20,1492,3501
27170.74,20,1492,3501
27170.87,20,1492,3501
27170.99,20,1492,3501
27180.11,20,1492,3501
27180.24,20,1492,3501
27180.36,20,1492,3501
27180.49,20,1492,3501
27180.62,20,1492,3501
27180.74,20,1492,3501
27180.87,20,1492,3501
27180.99,20,1492,3501
27190.09,20,1492,3501
27190.21,20,1492,3501
27190.34,20,1492,3501
27190.47,20,1492,3501
27190.59,20,1492,3501
27190.72,20,1492,3501
27190.86,20,1492,3501
27190.99,20,1492,3501
27200.10,19,1492,3502
27200.23,19,1492,3502
27200.35,19,1492,3502
27200.48,19,1492,3502
27200.61,19,1492,3502
27200.73,19,1492,3502
27200.88,19,1492,3502
27201.00,19,1492,3502
27210.09,19,1492,3502
27210.22,19,1492,3502
27210.34,19,1492,3502
27210.47,19,1492,3502
27210.59,19,1492,3502
27210.72,19,1492,3502
27210.85,19,1492,3502
27210.99,19,1492,3502
27220.11,6,1492,3515
27220.23,6,1492,3515
27220.36,6,1492,3515
27220.48,6,1492,3515
27220.61,6,1492,3515
27220.74,6,1492,3515
27220.87,6,1492,3515
27230.10,5,1492,3516
27230.26,5,1492,3516
27230.38,5,1492,3516
27230.51,5,1492,3516
27230.64,5,1492,3516
27230.77,5,1492,3516
27230.89,5,1492,3516
27240.11,5,1492,3516
27240.24,5,1492,3516
27240.36,5,1492,3516
27240.49,5,1492,3516
27240.62,5,1492,3516
27240.74,5,1492,3516
27240.87,5,1492,3516
27241.00,5,1492,3516
27250.12,15,1493,3518
27250.24,15,1493,3518
27250.37,15,1493,3518
27250.50,15,1493,3518
27250.62,15,1493,3518
27250.75,16,1494,3518
27250.87,16,1494,3518
27251.00,16,1494,3518
27260.12,18,1496,3518
27260.24,18,1496,3518
27260.37,18,1496,3518
27260.49,18,1496,3518
27260.62,18,1496,3518
27260.75,19,1497,3518
27260.87,19,1497,3518
27261.00,19,1497,3518
27270.12,20,1498,3518
27270.25,20,1498,3518
27270.38,20,1498,3518
27270.50,20,1498,3518
27270.63,20,1498,3518
27270.76,20,1498,3518
27270.88,20,1498,3518
27280.11,21,1499,3518
27280.36,21,1499,3518
27280.48,21,1499,3518
27280.61,21,1499,3518
27280.74,21,1499,3518
27280.90,21,1499,3518
27290.13,21,1499,3518
27290.26,21,1499,3518
27290.38,21,1499,3518
27290.51,21,1499,3518
27290.64,21,1499,3518
27290.76,21,1499,3518
27290.89,21,1499,3518
27300.03,21,1499,3518
27300.15,21,1499,3518
27300.28,21,1499,3518
27300.40,21,1499,3518
27300.53,21,1499,3518
27300.65,21,1499,3518
27300.78,21,1499,3518
27300.91,21,1499,3518
27310.13,21,1499,3518
27310.26,21,1499,3518
27310.38,21,1499,3518
27310.51,21,1499,3518
27310.64,21,1499,3518
27310.76,21,1499,3518
27310.89,21,1499,3518
27320.02,21,1499,3518
27320.14,21,1499,3518
27320.27,21,1499,3518
27320.39,21,1499,3518
27320.52,21,1499,3518
27320.65,21,1499,3518
27320.78,21,1499,3518
27320.90,21,1499,3518
27330.11,20,1499,3519
27330.24,20,1499,3519
27330.36,20,1499,3519
27330.49,20,1499,3519
27330.62,19,1499,3520
27330.74,19,1499,3520
27330.87,19,1499,3520
27331.00,19,1499,3520
27340.13,19,1499,3520
27340.25,19,1499,3520
27340.38,19,1499,3520
27340.51,19,1499,3520
27340.63,19,1499,3520
27340.76,19,1499,3520
27340.89,19,1499,3520
27350.03,19,1499,3520
27350.15,19,1499,3520
27350.28,19,1499,3520
27350.40,19,1499,3520
27350.53,19,1499,3520
27350.66,19,1499,3520
27350.78,19,1499,3520
27350.91,19,1499,3520
27360.01,19,1499,3520
27360.13,19,1499,3520
27360.26,19,1499,3520
27360.39,19,1499,3520
27360.51,19,1499,3520
27360.64,19,1499,3520
27360.76,19,1499,3520
27360.89,19,1499,3520
27370.03,19,1499,3520
27370.16,19,1499,3520
27370.28,19,1499,3520
27370.41,19,1499,3520
27370.53,19,1499,3520
27370.66,19,1499,3520
27370.79,19,1499,3520
27370.91,19,1499,3520
27380.02,19,1499,3520
27380.15,19,1499,3520
27380.28,19,1499,3520
27380.40,19,1499,3520
27380.53,19,1499,3520
27380.65,19,1499,3520
27380.78,19,1499,3520
27380.91,19,1499,3520
27390.04,18,1499,3521
27390.17,18,1499,3521
27390.30,18,1499,3521
27390.42,18,1499,3521
27390.55,18,1499,3521
27390.67,18,1499,3521
27390.80,18,1499,3521
27390.93,18,1499,3521
27400.07,18,1499,3521
27400.20,18,1499,3521
27400.33,8,1499,3531
27400.45,8,1499,3531
27400.58,8,1499,3531
27400.70,8,1499,3531
27400.83,8,1499,3531
27400.96,8,1499,3531
27410.01,5,1499,3534
27410.13,5,1499,3534
27410.26,5,1499,3534
27410.39,5,1499,3534
27410.51,5,1499,3534
27410.64,5,1499,3534
27410.76,5,1499,3534
27410.89,5,1499,3534
27420.03,17,1501,3535
27420.15,17,1501,3535
27420.28,17,1501,3535
27420.41,17,1501,3535
27420.53,17,1501,3535
27420.66,18,1502,3535
27420.78,18,1502,3535
27420.91,18,1502,3535
27430.02,21,1505,3535
27430.15,21,1505,3535
27430.27,21,1505,3535
27430.40,21,1505,3535
27430.53,21,1505,3535
27430.65,21,1505,3535
27430.78,21,1505,3535
27430.91,21,1505,3535
27440.07,22,1506,3535
27440.20,22,1506,3535
27440.32,22,1506,3535
27440.45,22,1506,3535
27440.57,22,1506,3535
27440.70,22,1506,3535
27440.83,22,1506,3535
27440.95,22,1506,3535
27450.09,23,1507,3535
27450.22,23,1507,3535
27450.35,23,1507,3535
27450.47,23,1507,3535
27450.60,23,1507,3535
27450.72,23,1507,3535
27450.85,23,1507,3535
27450.98,23,1507,3535
27460.09,23,1507,3535
27460.22,23,1507,3535
27460.34,23,1507,3535
27460.47,23,1507,3535
27460.59,23,1507,3535
27460.72,23,1507,3535
27460.85,23,1507,3535
27460.97,23,1507,3535
27470.10,23,1507,3535
27470.22,23,1507,3535
27470.35,23,1507,3535
27470.48,23,1507,3535
27470.60,23,1507,3535
27470.73,23,1507,3535
27470.85,23,1507,3535
27470.98,23,1507,3535
27480.09,23,1507,3535
27480.21,23,1507,3535
27480.34,23,1507,3535
27480.46,23,1507,3535
27480.59,23,1507,3535
27480.72,23,1507,3535
27480.84,23,1507,3535
27480.97,23,1507,3535
27490.12,23,1507,3535
27490.24,23,1507,3535
27490.37,23,1507,3535
27490.49,23,1507,3535
27490.62,23,1507,3535
27490.75,23,1507,3535
27490.87,23,1507,3535
27491.00,23,1507,3535
27500.12,23,1507,3535
27500.24,23,1507,3535
27500.37,23,1507,3535
27500.50,23,1507,3535
27500.62,23,1507,3535
27500.75,23,1507,3535
27500.87,23,1507,3535
27501.00,23,1507,3535
27510.11,21,1507,3537
27510.24,21,1507,3537
27510.36,21,1507,3537
27510.49,21,1507,3537
27510.61,21,1507,3537
27510.74,21,1507,3537
27510.87,21,1507,3537
27511.00,21,1507,3537
27520.11,20,1507,3538
27520.24,20,1507,3538
27520.37,20,1507,3538
27520.49,20,1507,3538
27520.62,20,1507,3538
27520.75,20,1507,3538
27520.87,20,1507,3538
27521.00,20,1507,3538
27530.11,19,1507,3539
27530.24,19,1507,3539
27530.36,19,1507,3539
27530.49,19,1507,3539
27530.62,19,1507,3539
27530.74,19,1507,3539
27530.87,19,1507,3539
27530.99,19,1507,3539
27540.13,19,1507,3539
27540.25,19,1507,3539
27540.38,19,1507,3539
27540.50,19,1507,3539
27540.63,19,1507,3539
27540.76,19,1507,3539
27540.88,19,1507,3539
27550.10,19,1507,3539
27550.22,19,1507,3539
27550.35,19,1507,3539
27550.47,19,1507,3539
27550.63,19,1507,3539
27550.76,19,1507,3539
27550.88,19,1507,3539
27560.10,19,1507,3539
27560.22,19,1507,3539
27560.35,19,1507,3539
27560.47,19,1507,3539
27560.60,19,1507,3539
27560.73,19,1507,3539
27560.85,19,1507,3539
27560.98,19,1507,3539
27570.10,8,1507,3550
27570.23,8,1507,3550
27570.35,8,1507,3550
27570.48,8,1507,3550
27570.61,8,1507,3550
27570.73,8,1507,3550
27570.86,8,1507,3550
27570.98,8,1507,3550
27580.09,16,1508,3554
27580.22,16,1508,3554
27580.34,16,1508,3554
27580.47,16,1508,3554
27580.60,16,1508,3554
27580.73,16,1508,3554
27580.85,16,1508,3554
27580.98,16,1508,3554
27590.12,19,1512,3555
27590.25,19,1512,3555
27590.37,19,1512,3555
27590.50,19,1512,3555
27590.63,19,1512,3555
27590.75,19,1512,3555
27590.88,19,1512,3555
27600.11,20,1513,3555
27600.23,20,1513,3555
27600.36,20,1513,3555
27600.48,20,1513,3555
27600.61,20,1513,3555
27600.74,20,1513,3555
27600.86,20,1513,3555
27600.99,20,1513,3555
27610.13,20,1513,3555
27610.26,20,1513,3555
27610.38,20,1513,3555
27610.51,20,1513,3555
27610.64,20,1513,3555
27610.76,20,1513,3555
27610.89,20,1513,3555
27620.02,21,1514,3555
27620.15,21,1514,3555
27620.28,21,1514,3555
27620.40,21,1514,3555
27620.53,21,1514,3555
27620.66,21,1514,3555
27620.78,21,1514,3555
27620.91,21,1514,3555
27630.01,22,1515,3555
27630.14,22,1515,3555
27630.26,22,1515,3555
27630.39,22,1515,3555
27630.52,22,1515,3555
27630.65,22,1515,3555
27630.77,22,1515,3555
27630.90,22,1515,3555
27640.04,22,1515,3555
27640.17,22,1515,3555
27640.30,22,1515,3555
27640.42,22,1515,3555
27640.55,22,1515,3555
27640.67,22,1515,3555
27640.80,22,1515,3555
27640.93,22,1515,3555
27650.02,22,1515,3555
27650.15,22,1515,3555
27650.28,22,1515,3555
27650.40,22,1515,3555
27650.53,22,1515,3555
27650.65,22,1515,3555
27650.78,22,1515,3555
27650.90,22,1515,3555
27660.05,22,1515,3555
27660.18,22,1515,3555
27660.30,22,1515,3555
27660.43,22,1515,3555
27660.55,22,1515,3555
27660.68,22,1515,3555
27660.81,22,1515,3555
27660.93,22,1515,3555
27670.07,21,1515,3556
27670.20,21,1515,3556
27670.32,21,1515,3556
27670.45,21,1515,3556
27670.58,21,1515,3556
27670.70,21,1515,3556
27670.83,21,1515,3556
27670.96,21,1515,3556
27680.07,21,1515,3556
27680.20,21,1515,3556
27680.32,21,1515,3556
27680.45,21,1515,3556
27680.58,21,1515,3556
27680.70,21,1515,3556
27680.83,21,1515,3556
27680.95,21,1515,3556
27690.08,21,1515,3556
27690.21,21,1515,3556
27690.33,21,1515,3556
27690.46,21,1515,3556
27690.59,21,1515,3556
27690.71,21,1515,3556
27690.84,21,1515,3556
27690.97,21,1515,3556
27700.08,20,1515,3557
27700.20,20,1515,3557
27700.33,20,1515,3557
27700.46,20,1515,3557
27700.58,19,1515,3558
27700.71,19,1515,3558
27700.84,19,1515,3558
27700.96,19,1515,3558
27710.10,19,1515,3558
27710.22,19,1515,3558
27710.35,19,1515,3558
27710.48,19,1515,3558
27710.60,19,1515,3558
27710.73,19,1515,3558
27710.86,19,1515,3558
27710.98,19,1515,3558
27720.12,19,1515,3558
27720.24,19,1515,3558
27720.37,19,1515,3558
27720.49,19,1515,3558
27720.62,19,1515,3558
27720.75,19,1515,3558
27720.87,19,1515,3558
27721.00,19,1515,3558
27730.11,10,1515,3567
27730.24,10,1515,3567
27730.37,10,1515,3567
27730.49,10,1515,3567
27730.62,10,1515,3567
27730.75,10,1515,3567
27730.87,10,1515,3567
27731.00,10,1515,3567
27740.12,6,1515,3571
27740.25,6,1515,3571
27740.38,6,1515,3571
27740.50,6,1515,3571
27740.63,6,1515,3571
27740.76,6,1515,3571
27740.88,6,1515,3571
27750.11,15,1515,3573
27750.23,15,1515,3573
27750.36,15,1515,3573
27750.48,15,1515,3573
27750.61,16,1516,3573
27750.74,16,1516,3573
27750.86,16,1516,3573
27750.99,16,1516,3573
27760.12,22,1522,3573
27760.25,22,1522,3573
27760.38,22,1522,3573
27760.50,22,1522,3573
27760.63,22,1522,3573
27760.75,22,1522,3573
27760.88,22,1522,3573
27770.01,22,1523,3574
27770.14,22,1523,3574
27770.27,22,1523,3574
27770.39,22,1523,3574
27770.52,22,1523,3574
27770.64,22,1523,3574
27770.77,22,1523,3574
27770.89,22,1523,3574
27780.11,22,1523,3574
27780.23,22,1523,3574
27780.36,22,1523,3574
27780.49,22,1523,3574
27780.61,22,1523,3574
27780.74,22,1523,3574
27780.86,22,1523,3574
27780.99,22,1523,3574
27790.01,23,1524,3574
27790.14,23,1524,3574
27790.26,23,1524,3574
27790.39,23,1524,3574
27790.51,23,1524,3574
27790.64,23,1524,3574
27790.77,23,1524,3574
27790.89,23,1524,3574
27800.13,23,1524,3574
27800.25,23,1524,3574
27800.38,23,1524,3574
27800.50,23,1524,3574
27800.63,23,1524,3574
27800.76,23,1524,3574
27800.88,23,1524,3574
27810.02,23,1524,3574
27810.15,23,1524,3574
27810.27,23,1524,3574
27810.40,23,1524,3574
27810.52,23,1524,3574
27810.65,23,1524,3574
27810.78,23,1524,3574
27810.90,23,1524,3574
27820.03,23,1524,3574
27820.16,23,1524,3574
27820.28,23,1524,3574
27820.41,23,1524,3574
27820.57,23,1524,3574
27820.70,23,1524,3574
27820.82,23,1524,3574
27820.95,23,1524,3574
27830.06,21,1524,3576
27830.18,21,1524,3576
27830.31,21,1524,3576
27830.44,21,1524,3576
27830.57,21,1524,3576
27830.72,21,1524,3576
27830.85,21,1524,3576
27830.97,21,1524,3576
27840.11,21,1524,3576
27840.24,21,1524,3576
27840.37,21,1524,3576
27840.49,21,1524,3576
27840.62,21,1524,3576
27840.75,21,1524,3576
27840.87,21,1524,3576
27841.00,21,1524,3576
27850.09,21,1524,3576
27850.22,21,1524,3576
27850.35,21,1524,3576
27850.47,21,1524,3576
27850.60,21,1524,3576
27850.73,21,1524,3576
27850.85,21,1524,3576
27850.98,21,1524,3576
27860.12,21,1524,3576
27860.24,21,1524,3576
27860.37,21,1524,3576
27860.50,21,1524,3576
27860.62,21,1524,3576
27860.75,21,1524,3576
27860.87,21,1524,3576
27861.00,21,1524,3576
27870.11,21,1524,3576
27870.23,21,1524,3576
27870.36,21,1524,3576
27870.49,21,1524,3576
27870.61,21,1524,3576
27870.74,21,1524,3576
27870.86,21,1524,3576
27870.99,21,1524,3576
27880.01,21,1524,3576
27880.13,21,1524,3576
27880.26,21,1524,3576
27880.39,21,1524,3576
27880.51,21,1524,3576
27880.64,21,1524,3576
27880.76,21,1524,3576
27880.89,20,1524,3577
27890.03,20,1524,3577
27890.16,20,1524,3577
27890.28,20,1524,3577
27890.41,20,1524,3577
27890.54,20,1524,3577
27890.66,20,1524,3577
27890.79,20,1524,3577
27890.92,20,1524,3577
27900.02,20,1524,3577
27900.15,20,1524,3577
27900.27,20,1524,3577
27900.40,20,1524,3577
27900.53,20,1524,3577
27900.66,20,1524,3577
27900.78,20,1524,3577
27900.91,20,1524,3577
27910.04,17,1526,3593
27910.17,17,1526,3593
27910.30,17,1526,3593
27910.42,17,1526,3593
27910.55,17,1526,3593
27910.68,17,1526,3593
27910.80,18,1527,3593
27910.93,18,1527,3593
27920.03,17,1527,3594
27920.15,17,1527,3594
27920.28,17,1527,3594
27920.40,17,1527,3594
27920.53,17,1527,3594
27920.66,17,1527,3594
27920.78,17,1527,3594
27920.91,17,1527,3594
27930.06,17,1528,3595
27930.18,17,1528,3595
27930.31,18,1529,3595
27930.43,18,1529,3595
27930.56,18,1529,3595
27930.69,18,1529,3595
27930.81,18,1529,3595
27930.94,18,1529,3595
27940.08,20,1531,3595
27940.21,20,1531,3595
27940.34,20,1531,3595
27940.46,20,1531,3595
27940.59,20,1531,3595
27940.71,20,1531,3595
27940.84,20,1531,3595
27940.97,20,1531,3595
27950.05,20,1531,3595
27950.18,20,1531,3595
27950.31,20,1531,3595
27950.43,20,1531,3595
27950.56,20,1531,3595
27950.69,20,1531,3595
27950.81,20,1531,3595
27950.94,20,1531,3595
27960.08,21,1532,3595
27960.21,21,1532,3595
27960.33,21,1532,3595
27960.46,21,1532,3595
27960.59,21,1532,3595
27960.71,21,1532,3595
27960.84,21,1532,3595
27960.96,21,1532,3595
27970.06,21,1532,3595
27970.18,21,1532,3595
27970.31,21,1532,3595
27970.44,21,1532,3595
27970.56,21,1532,3595
27970.69,21,1532,3595
27970.82,21,1532,3595
27970.94,21,1532,3595
27980.07,21,1532,3595
27980.19,21,1532,3595
27980.32,21,1532,3595
27980.45,21,1532,3595
27980.57,21,1532,3595
27980.70,21,1532,3595
27980.82,21,1532,3595
27980.95,21,1532,3595
27990.11,21,1532,3595
27990.23,21,1532,3595
27990.36,21,1532,3595
27990.49,21,1532,3595
27990.61,21,1532,3595
27990.74,21,1532,3595
27990.87,21,1532,3595
27990.99,21,1532,3595
28000.09,21,1532,3595
28000.21,21,1532,3595
28000.34,21,1532,3595
28000.47,21,1532,3595
28000.59,21,1532,3595
28000.72,21,1532,3595
28000.84,21,1532,3595
28000.97,21,1532,3595
28010.10,20,1532,3596
28010.23,20,1532,3596
28010.36,20,1532,3596
28010.48,20,1532,3596
28010.61,20,1532,3596
28010.74,20,1532,3596
28010.86,20,1532,3596
28010.99,20,1532,3596
28020.09,20,1532,3596
28020.22,20,1532,3596
28020.34,20,1532,3596
28020.47,20,1532,3596
28020.60,20,1532,3596
28020.72,20,1532,3596
28020.85,20,1532,3596
28020.98,20,1532,3596
28030.11,20,1532,3596
28030.24,20,1532,3596
28030.37,20,1532,3596
28030.49,20,1532,3596
28030.62,20,1532,3596
28030.75,20,1532,3596
28030.87,20,1532,3596
28031.00,20,1532,3596
28040.02,20,1532,3596
28040.14,20,1532,3596
28040.27,20,1532,3596
28040.39,20,1532,3596
28040.52,19,1532,3597
28040.65,19,1532,3597
28040.77,19,1532,3597
28040.90,19,1532,3597
28050.01,19,1532,3597
28050.14,19,1532,3597
28050.27,19,1532,3597
28050.39,19,1532,3597
28050.52,19,1532,3597
28050.64,19,1532,3597
28050.77,19,1532,3597
28050.89,19,1532,3597
28060.03,8,1532,3608
28060.16,8,1532,3608
28060.28,8,1532,3608
28060.41,8,1532,3608
28060.53,8,1532,3608
28060.66,8,1532,3608
28060.79,8,1532,3608
28060.91,6,1532,3610
28070.01,5,1532,3611
28070.14,5,1532,3611
28070.26,5,1532,3611
28070.39,5,1532,3611
28070.52,5,1532,3611
28070.64,5,1532,3611
28070.77,5,1532,3611
28070.90,5,1532,3611
28080.02,17,1534,3612
28080.15,17,1534,3612
28080.27,17,1534,3612
28080.40,17,1534,3612
28080.52,17,1534,3612
28080.65,17,1534,3612
28080.78,17,1534,3612
28080.90,17,1534,3612
28090.01,22,1539,3612
28090.17,22,1539,3612
28090.29,22,1539,3612
28090.42,22,1539,3612
28090.55,22,1539,3612
28090.67,22,1539,3612
28090.80,22,1539,3612
28090.92,22,1539,3612
28100.01,21,1539,3613
28100.13,21,1539,3613
28100.26,21,1539,3613
28100.39,21,1539,3613
28100.51,21,1539,3613
28100.64,21,1539,3613
28100.76,21,1539,3613
28100.89,21,1539,3613
28110.03,21,1539,3613
28110.16,21,1539,3613
28110.29,21,1539,3613
28110.41,21,1539,3613
28110.54,21,1539,3613
28110.67,21,1539,3613
28110.79,21,1539,3613
28110.92,21,1539,3613
28120.02,21,1539,3613
28120.15,21,1539,3613
28120.28,21,1539,3613
28120.40,21,1539,3613
28120.53,21,1539,3613
28120.65,21,1539,3613
28120.78,21,1539,3613
28120.91,21,1539,3613
28130.05,21,1539,3613
28130.18,21,1539,3613
28130.31,21,1539,3613
28130.43,21,1539,3613
28130.56,21,1539,3613
28130.69,21,1539,3613
28130.81,21,1539,3613
28130.94,21,1539,3613
28140.05,21,1539,3613
28140.18,21,1539,3613
28140.30,21,1539,3613
28140.43,21,1539,3613
28140.56,21,1539,3613
28140.72,21,1539,3613
28140.84,21,1539,3613
28140.97,21,1539,3613
28150.08,21,1539,3613
28150.21,21,1539,3613
28150.34,21,1539,3613
28150.46,21,1539,3613
28150.59,21,1539,3613
28150.72,21,1539,3613
28150.84,21,1539,3613
28150.97,21,1539,3613
28160.11,21,1539,3613
28160.23,21,1539,3613
28160.36,21,1539,3613
28160.48,21,1539,3613
28160.61,21,1539,3613
28160.74,21,1539,3613
28160.86,21,1539,3613
28160.99,21,1539,3613
28170.10,21,1539,3613
28170.23,21,1539,3613
28170.35,21,1539,3613
28170.48,21,1539,3613
28170.61,21,1539,3613
28170.73,21,1539,3613
28170.86,21,1539,3613
28170.99,21,1539,3613
28180.01,21,1539,3613
28180.14,21,1539,3613
28180.26,21,1539,3613
28180.39,21,1539,3613
28180.51,21,1539,3613
28180.64,21,1539,3613
28180.77,21,1539,3613
28180.89,21,1539,3613
28190.11,19,1539,3615
28190.23,19,1539,3615
28190.36,19,1539,3615
28190.48,19,1539,3615
28190.61,19,1539,3615
28190.74,19,1539,3615
28190.86,19,1539,3615
28190.99,19,1539,3615
28200.01,19,1539,3615
28200.14,19,1539,3615
28200.27,19,1539,3615
28200.39,19,1539,3615
28200.52,19,1539,3615
28200.65,19,1539,3615
28200.77,19,1539,3615
28200.90,19,1539,3615
28210.04,19,1539,3615
28210.17,19,1539,3615
28210.29,19,1539,3615
28210.42,19,1539,3615
28210.54,18,1539,3616
28210.67,18,1539,3616
28210.80,18,1539,3616
28210.92,18,1539,3616
28220.02,18,1539,3616
28220.15,18,1539,3616
28220.27,18,1539,3616
28220.40,18,1539,3616
28220.53,18,1539,3616
28220.65,18,1539,3616
28220.78,18,1539,3616
28220.91,18,1539,3616
28230.04,7,1539,3627
28230.17,7,1539,3627
28230.30,7,1539,3627
28230.42,7,1539,3627
28230.55,7,1539,3627
28230.68,7,1539,3627
28230.80,7,1539,3627
28230.93,7,1539,3627
28240.04,16,1540,3630
28240.16,16,1540,3630
28240.29,16,1540,3630
28240.42,17,1541,3630
28240.54,17,1541,3630
28240.67,17,1541,3630
28240.79,17,1541,3630
28240.92,17,1541,3630
28250.04,18,1542,3630
28250.17,18,1542,3630
28250.29,18,1542,3630
28250.42,18,1542,3630
28250.55,19,1543,3630
28250.67,19,1543,3630
28250.80,19,1543,3630
28250.93,19,1543,3630
28260.07,21,1545,3630
28260.20,21,1545,3630
28260.32,21,1545,3630
28260.45,21,1545,3630
28260.57,21,1545,3630
28260.70,21,1545,3630
28260.83,21,1545,3630
28260.95,21,1545,3630
28270.06,22,1546,3630
28270.18,22,1546,3630
28270.31,22,1546,3630
28270.44,23,1547,3630
28270.56,23,1547,3630
28270.69,23,1547,3630
28270.81,23,1547,3630
28270.94,23,1547,3630
28280.07,23,1547,3630
28280.29,23,1547,3630
28280.42,23,1547,3630
28280.54,23,1547,3630
28280.67,23,1547,3630
28280.80,23,1547,3630
28280.93,23,1547,3630
28290.12,23,1547,3630
28290.25,23,1547,3630
28290.37,23,1547,3630
28290.50,23,1547,3630
28290.62,23,1547,3630
28290.75,23,1547,3630
28290.88,23,1547,3630
28291.00,23,1547,3630
28300.12,23,1547,3630
28300.25,23,1547,3630
28300.38,23,1547,3630
28300.50,23,1547,3630
28300.63,23,1547,3630
28300.76,23,1547,3630
28300.88,23,1547,3630
28310.04,23,1547,3630
28310.17,23,1547,3630
28310.29,23,1547,3630
28310.42,23,1547,3630
28310.54,23,1547,3630
28310.67,23,1547,3630
28310.80,23,1547,3630
28310.92,23,1547,3630
28320.06,23,1547,3630
28320.18,23,1547,3630
28320.33,23,1547,3630
28320.45,23,1547,3630
28320.58,23,1547,3630
28320.71,23,1547,3630
28320.83,23,1547,3630
28320.96,23,1547,3630
28330.10,21,1547,3632
28330.23,21,1547,3632
28330.35,21,1547,3632
28330.48,21,1547,3632
28330.61,21,1547,3632
28330.73,21,1547,3632
28330.86,21,1547,3632
28330.98,21,1547,3632
28340.09,21,1547,3632
28340.22,21,1547,3632
28340.35,21,1547,3632
28340.47,21,1547,3632
28340.60,21,1547,3632
28340.73,21,1547,3632
28340.85,21,1547,3632
28340.98,21,1547,3632
28350.11,19,1547,3634
28350.24,19,1547,3634
28350.37,19,1547,3634
28350.49,19,1547,3634
28350.62,19,1547,3634
28350.75,19,1547,3634
28350.87,19,1547,3634
28351.00,19,1547,3634
28360.12,19,1547,3634
28360.25,19,1547,3634
28360.37,19,1547,3634
28360.50,19,1547,3634
28360.63,19,1547,3634
28360.75,19,1547,3634
28360.88,19,1547,3634
28361.00,19,1547,3634
28370.11,19,1547,3634
28370.24,19,1547,3634
28370.36,19,1547,3634
28370.49,19,1547,3634
28370.62,19,1547,3634
28370.74,19,1547,3634
28370.87,19,1547,3634
28371.00,19,1547,3634
28380.12,19,1547,3634
28380.24,19,1547,3634
28380.37,19,1547,3634
28380.50,19,1547,3634
28380.62,19,1547,3634
28380.75,19,1547,3634
28380.87,19,1547,3634
28381.00,19,1547,3634
28390.09,19,1547,3634
28390.23,19,1547,3634
28390.35,9,1547,3644
28390.48,9,1547,3644
28390.60,9,1547,3644
28390.73,9,1547,3644
28390.86,9,1547,3644
28390.98,9,1547,3644
28400.10,7,1547,3646
28400.23,7,1547,3646
28400.36,7,1547,3646
28400.49,7,1547,3646
28400.61,7,1547,3646
28400.74,7,1547,3646
28400.86,7,1547,3646
28400.99,7,1547,3646
28410.11,15,1547,3649
28410.23,15,1547,3649
28410.36,15,1547,3649
28410.52,15,1547,3649
28410.65,15,1547,3649
28410.77,15,1547,3649
28410.90,15,1547,3649
28420.13,18,1551,3650
28420.25,18,1551,3650
28420.38,18,1551,3650
28420.51,18,1551,3650
28420.63,18,1551,3650
28420.76,18,1551,3650
28420.88,18,1551,3650
28430.01,21,1554,3650
28430.14,21,1554,3650
28430.27,21,1554,3650
28430.39,21,1554,3650
28430.52,21,1554,3650
28430.65,21,1554,3650
28430.77,21,1554,3650
28430.90,21,1554,3650
28440.13,22,1555,3650
28440.25,22,1555,3650
28440.38,22,1555,3650
28440.50,22,1555,3650
28440.63,22,1555,3650
28440.76,22,1555,3650
28440.88,22,1555,3650
28450.02,23,1556,3650
28450.14,23,1556,3650
28450.27,23,1556,3650
28450.40,23,1556,3650
28450.52,23,1556,3650
28450.65,23,1556,3650
28450.77,23,1556,3650
28450.90,23,1556,3650
28460.07,23,1556,3650
28460.21,23,1556,3650
28460.34,23,1556,3650
28460.47,23,1556,3650
28460.59,23,1556,3650
28460.72,23,1556,3650
28460.84,23,1556,3650
28460.97,23,1556,3650
28470.13,23,1556,3650
28470.26,23,1556,3650
28470.38,23,1556,3650
28470.51,23,1556,3650
28470.64,23,1556,3650
28470.76,23,1556,3650
28470.89,23,1556,3650
28480.03,23,1556,3650
28480.16,23,1556,3650
28480.28,23,1556,3650
28480.41,23,1556,3650
28480.54,23,1556,3650
28480.67,23,1556,3650
28480.79,23,1556,3650
28480.92,23,1556,3650
28490.03,23,1556,3650
28490.15,23,1556,3650
28490.28,23,1556,3650
28490.40,23,1556,3650
28490.53,23,1556,3650
28490.66,23,1556,3650
28490.79,23,1556,3650
28490.91,23,1556,3650
28500.05,22,1556,3651
28500.17,22,1556,3651
28500.30,22,1556,3651
28500.42,22,1556,3651
28500.55,22,1556,3651
28500.68,22,1556,3651
28500.80,22,1556,3651
28500.93,22,1556,3651
28510.06,21,1556,3652
28510.18,21,1556,3652
28510.31,21,1556,3652
28510.43,21,1556,3652
28510.56,21,1556,3652
28510.69,21,1556,3652
28510.81,21,1556,3652
28510.94,21,1556,3652
28520.09,21,1556,3652
28520.23,21,1556,3652
28520.35,21,1556,3652
28520.48,21,1556,3652
28520.61,21,1556,3652
28520.73,21,1556,3652
28520.86,21,1556,3652
28520.98,21,1556,3652
28530.12,20,1556,3653
28530.25,20,1556,3653
28530.38,20,1556,3653
28530.50,20,1556,3653
28530.63,20,1556,3653
28530.75,20,1556,3653
28530.88,20,1556,3653
28540.10,20,1556,3653
28540.23,20,1556,3653
28540.37,20,1556,3653
28540.50,20,1556,3653
28540.63,20,1556,3653
28540.75,20,1556,3653
28540.88,20,1556,3653
28541.00,20,1556,3653
28550.03,20,1556,3653
28550.15,20,1556,3653
28550.28,20,1556,3653
28550.40,20,1556,3653
28550.54,20,1556,3653
28550.67,20,1556,3653
28550.80,20,1556,3653
28550.92,20,1556,3653
28560.00,20,1556,3653
28560.13,20,1556,3653
28560.26,20,1556,3653
28560.38,20,1556,3653
28560.52,20,1556,3653
28560.65,20,1556,3653
28560.77,20,1556,3653
28560.90,20,1556,3653
28570.03,5,1556,3668
28570.15,5,1556,3668
28570.28,5,1556,3668
28570.40,5,1556,3668
28570.53,5,1556,3668
28570.66,5,1556,3668
28570.78,5,1556,3668
28570.91,5,1556,3668
28580.08,16,1558,3670
28580.20,16,1558,3670
28580.33,16,1558,3670
28580.46,17,1559,3670
28580.58,17,1559,3670
28580.71,17,1559,3670
28580.84,17,1559,3670
28580.96,17,1559,3670
28590.12,19,1561,3670
28590.25,19,1561,3670
28590.37,19,1561,3670
28590.50,19,1561,3670
28590.63,19,1561,3670
28590.75,19,1561,3670
28590.88,19,1561,3670
28591.00,19,1561,3670
28600.05,19,1562,3671
28600.18,19,1562,3671
28600.30,19,1562,3671
28600.43,19,1562,3671
28600.55,19,1562,3671
28600.68,19,1562,3671
28600.81,19,1562,3671
28600.93,19,1562,3671
28610.11,20,1563,3671
28610.24,20,1563,3671
28610.38,20,1563,3671
28610.51,20,1563,3671
28610.63,20,1563,3671
28610.76,20,1563,3671
28610.89,20,1563,3671
28620.02,20,1563,3671
28620.15,20,1563,3671
28620.27,20,1563,3671
28620.40,20,1563,3671
28620.53,20,1563,3671
28620.67,20,1563,3671
28620.80,20,1563,3671
28620.92,20,1563,3671
28630.12,20,1563,3671
28630.26,20,1563,3671
28630.38,20,1563,3671
28630.51,20,1563,3671
28630.67,20,1563,3671
28630.81,20,1563,3671
28630.94,20,1563,3671
28640.02,20,1563,3671
28640.14,20,1563,3671
28640.27,20,1563,3671
28640.40,20,1563,3671
28640.52,20,1563,3671
28640.65,20,1563,3671
28640.78,20,1563,3671
28640.90,20,1563,3671
28650.01,20,1563,3671
28650.14,20,1563,3671
28650.28,20,1563,3671
28650.41,20,1563,3671
28650.53,20,1563,3671
28650.66,20,1563,3671
28650.79,20,1563,3671
28650.92,20,1563,3671
28660.07,20,1563,3671
28660.20,20,1563,3671
28660.32,20,1563,3671
28660.45,20,1563,3671
28660.57,20,1563,3671
28660.70,20,1563,3671
28660.84,20,1563,3671
28660.97,20,1563,3671
28670.04,20,1563,3671
28670.16,20,1563,3671
28670.29,20,1563,3671
28670.42,20,1563,3671
28670.54,20,1563,3671
28670.67,20,1563,3671
28670.80,20,1563,3671
28670.92,20,1563,3671
28680.10,19,1563,3672
28680.22,19,1563,3672
28680.35,19,1563,3672
28680.48,19,1563,3672
28680.60,19,1563,3672
28680.74,19,1563,3672
28680.87,19,1563,3672
28681.00,19,1563,3672
28690.04,19,1563,3672
28690.17,19,1563,3672
28690.30,19,1563,3672
28690.42,19,1563,3672
28690.55,19,1563,3672
28690.68,19,1563,3672
28690.82,19,1563,3672
28690.95,19,1563,3672
28700.06,19,1563,3672
28700.18,19,1563,3672
28700.31,19,1563,3672
28700.44,19,1563,3672
28700.56,19,1563,3672
28700.69,19,1563,3672
28700.82,19,1563,3672
28700.95,19,1563,3672
28710.07,18,1563,3673
28710.20,18,1563,3673
28710.32,18,1563,3673
28710.45,18,1563,3673
28710.58,18,1563,3673
28710.70,18,1563,3673
28710.83,18,1563,3673
28710.96,18,1563,3673
28720.11,18,1563,3673
28720.24,18,1563,3673
28720.37,18,1563,3673
28720.49,18,1563,3673
28720.62,18,1563,3673
28720.75,18,1563,3673
28720.87,18,1563,3673
28721.00,18,1563,3673
28730.04,8,1563,3683
28730.17,8,1563,3683
28730.29,8,1563,3683
28730.42,8,1563,3683
28730.55,8,1563,3683
28730.67,7,1563,3684
28730.80,7,1563,3684
28730.92,7,1563,3684
28740.08,5,1563,3686
28740.20,5,1563,3686
28740.33,5,1563,3686
28740.46,5,1563,3686
28740.59,5,1563,3686
28740.71,5,1563,3686
28740.84,5,1563,3686
28740.96,5,1563,3686
28750.10,17,1565,3687
28750.23,17,1565,3687
28750.36,17,1565,3687
28750.48,17,1565,3687
28750.61,17,1565,3687
28750.74,17,1565,3687
28750.87,17,1565,3687
28751.00,17,1565,3687
28760.03,22,1570,3687
28760.18,22,1570,3687
28760.30,22,1570,3687
28760.43,22,1570,3687
28760.57,22,1570,3687
28760.70,22,1570,3687
28760.82,22,1570,3687
28760.95,22,1570,3687
28770.01,22,1570,3687
28770.14,22,1570,3687
28770.28,22,1570,3687
28770.41,22,1570,3687
28770.53,22,1570,3687
28770.66,22,1570,3687
28770.79,22,1570,3687
28770.91,22,1570,3687
28780.13,24,1572,3687
28780.25,24,1572,3687
28780.38,24,1572,3687
28780.52,24,1572,3687
28780.66,24,1572,3687
28780.79,24,1572,3687
28780.91,24,1572,3687
28790.06,25,1573,3687
28790.20,25,1573,3687
28790.33,25,1573,3687
28790.45,25,1573,3687
28790.58,25,1573,3687
28790.72,25,1573,3687
28790.86,25,1573,3687
28790.99,25,1573,3687
28800.07,25,1573,3687
28800.20,25,1573,3687
28800.33,25,1573,3687
28800.47,25,1573,3687
28800.59,25,1573,3687
28800.72,25,1573,3687
28800.86,25,1573,3687
28800.99,25,1573,3687
28810.02,25,1573,3687
28810.16,25,1573,3687
28810.30,25,1573,3687
28810.45,25,1573,3687
28810.57,25,1573,3687
28810.70,25,1573,3687
28810.84,25,1573,3687
28810.98,25,1573,3687
28820.04,25,1573,3687
28820.17,25,1573,3687
28820.31,25,1573,3687
28820.45,25,1573,3687
28820.58,25,1573,3687
28820.72,25,1573,3687
28820.84,25,1573,3687
28820.97,25,1573,3687
28830.07,25,1573,3687
28830.21,25,1573,3687
28830.34,25,1573,3687
28830.48,25,1573,3687
28830.61,25,1573,3687
28830.73,25,1573,3687
28830.87,25,1573,3687
28831.00,25,1573,3687
28840.07,23,1573,3689
28840.20,23,1573,3689
28840.33,23,1573,3689
28840.45,23,1573,3689
28840.58,23,1573,3689
28840.72,23,1573,3689
28840.86,23,1573,3689
28840.99,23,1573,3689
28850.13,22,1573,3690
28850.25,22,1573,3690
28850.38,22,1573,3690
28850.52,22,1573,3690
28850.65,22,1573,3690
28850.78,22,1573,3690
28850.92,22,1573,3690
28860.04,22,1573,3690
28860.18,22,1573,3690
28860.32,22,1573,3690
28860.45,22,1573,3690
28860.57,22,1573,3690
28860.70,22,1573,3690
28860.84,21,1573,3691
28860.97,21,1573,3691
28870.04,21,1573,3691
28870.16,21,1573,3691
28870.31,21,1573,3691
28870.43,21,1573,3691
28870.56,21,1573,3691
28870.72,21,1573,3691
28870.84,21,1573,3691
28870.97,21,1573,3691
28880.04,21,1573,3691
28880.18,21,1573,3691
28880.31,21,1573,3691
28880.45,21,1573,3691
28880.59,21,1573,3691
28880.72,21,1573,3691
28880.85,21,1573,3691
28880.99,21,1573,3691
28890.02,21,1573,3691
28890.16,21,1573,3691
28890.29,21,1573,3691
28890.42,21,1573,3691
28890.54,21,1573,3691
28890.69,21,1573,3691
28890.83,21,1573,3691
28890.97,21,1573,3691
28900.13,21,1573,3691
28900.26,21,1573,3691
28900.40,21,1573,3691
28900.53,21,1573,3691
28900.65,21,1573,3691
28900.78,21,1573,3691
28900.91,21,1573,3691
28910.05,7,1573,3705
28910.18,7,1573,3705
28910.34,7,1573,3705
28910.46,7,1573,3705
28910.59,7,1573,3705
28910.72,7,1573,3705
28910.84,7,1573,3705
28910.97,7,1573,3705
28920.09,16,1575,3709
28920.23,16,1575,3709
28920.37,16,1575,3709
28920.51,16,1575,3709
28920.65,16,1575,3709
28920.78,16,1575,3709
28920.91,16,1575,3709
28930.08,19,1578,3709
28930.21,19,1578,3709
28930.33,19,1578,3709
28930.46,19,1578,3709
28930.59,19,1578,3709
28930.71,19,1578,3709
28930.84,19,1578,3709
28930.97,19,1578,3709
28940.11,17,1578,3711
28940.23,17,1578,3711
28940.36,17,1578,3711
28940.49,17,1578,3711
28940.62,17,1578,3711
28940.74,18,1579,3711
28940.88,18,1579,3711
28950.06,19,1580,3711
28950.20,19,1580,3711
28950.32,19,1580,3711
28950.45,19,1580,3711
28950.59,19,1580,3711
28950.73,19,1580,3711
28950.88,19,1580,3711
28951.00,19,1580,3711
28960.07,19,1580,3711
28960.19,19,1580,3711
28960.32,19,1580,3711
28960.45,19,1580,3711
28960.59,19,1580,3711
28960.71,19,1580,3711
28960.84,19,1580,3711
28960.97,19,1580,3711
28970.04,21,1582,3711
28970.18,21,1582,3711
28970.32,21,1582,3711
28970.46,21,1582,3711
28970.59,21,1582,3711
28970.71,21,1582,3711
28970.84,21,1582,3711
28970.98,21,1582,3711
28980.01,21,1582,3711
28980.13,21,1582,3711
28980.26,21,1582,3711
28980.40,21,1582,3711
28980.53,21,1582,3711
28980.65,21,1582,3711
28980.78,21,1582,3711
28980.91,21,1582,3711
28990.13,21,1582,3711
28990.25,21,1582,3711
28990.38,21,1582,3711
28990.52,21,1582,3711
28990.66,21,1582,3711
28990.81,21,1582,3711
28990.95,21,1582,3711
29000.05,21,1582,3711
29000.18,21,1582,3711
29000.31,21,1582,3711
29000.45,21,1582,3711
29000.57,21,1582,3711
29000.70,21,1582,3711
29000.84,21,1582,3711
29000.98,21,1582,3711
29010.10,21,1582,3711
29010.24,21,1582,3711
29010.36,21,1582,3711
29010.49,21,1582,3711
29010.62,21,1582,3711
29010.74,21,1582,3711
29010.88,21,1582,3711
29020.11,21,1582,3711
29020.26,21,1582,3711
29020.40,21,1582,3711
29020.52,21,1582,3711
29020.66,21,1582,3711
29020.79,21,1582,3711
29020.92,21,1582,3711
29030.05,21,1582,3711
29030.20,21,1582,3711
29030.34,21,1582,3711
29030.46,21,1582,3711
29030.61,21,1582,3711
29030.73,21,1582,3711
29030.86,21,1582,3711
29030.98,21,1582,3711
29040.11,21,1582,3711
29040.24,21,1582,3711
29040.38,21,1582,3711
29040.52,21,1582,3711
29040.65,21,1582,3711
29040.79,21,1582,3711
29040.92,21,1582,3711
29050.10,20,1582,3712
29050.22,20,1582,3712
29050.35,20,1582,3712
29050.48,20,1582,3712
29050.62,20,1582,3712
29050.75,20,1582,3712
29050.87,20,1582,3712
29051.00,20,1582,3712
29060.09,20,1582,3712
29060.21,20,1582,3712
29060.37,20,1582,3712
29060.50,20,1582,3712
29060.64,20,1582,3712
29060.77,20,1582,3712
29060.91,20,1582,3712
29070.14,9,1582,3723
29070.28,9,1582,3723
29070.41,9,1582,3723
29070.54,9,1582,3723
29070.68,9,1582,3723
29070.80,9,1582,3723
29070.93,9,1582,3723
29080.06,7,1582,3725
29080.20,7,1582,3725
29080.33,7,1582,3725
29080.45,7,1582,3725
29080.58,7,1582,3725
29080.71,7,1582,3725
29080.83,7,1582,3725
29080.96,7,1582,3725
29090.10,17,1584,3728
29090.25,17,1584,3728
29090.39,17,1584,3728
29090.51,17,1584,3728
29090.64,17,1584,3728
29090.77,17,1584,3728
29090.89,17,1584,3728
29100.06,20,1588,3729
29100.19,20,1588,3729
29100.32,20,1588,3729
29100.45,20,1588,3729
29100.59,20,1588,3729
29100.72,20,1588,3729
29100.85,20,1588,3729
29100.97,20,1588,3729
29110.12,21,1589,3729
29110.26,21,1589,3729
29110.39,21,1589,3729
29110.53,21,1589,3729
29110.67,21,1589,3729
29110.80,21,1589,3729
29110.94,21,1589,3729
29120.06,21,1589,3729
29120.20,21,1589,3729
29120.34,21,1589,3729
29120.47,21,1589,3729
29120.59,21,1589,3729
29120.72,21,1589,3729
29120.85,21,1589,3729
29120.99,20,1589,3730
29130.11,22,1591,3730
29130.25,22,1591,3730
29130.39,22,1591,3730
29130.52,22,1591,3730
29130.64,22,1591,3730
29130.77,22,1591,3730
29130.90,22,1591,3730
29140.12,22,1591,3730
29140.25,22,1591,3730
29140.38,22,1591,3730
29140.52,22,1591,3730
29140.64,22,1591,3730
29140.77,22,1591,3730
29140.91,22,1591,3730
29150.06,22,1591,3730
29150.18,22,1591,3730
29150.33,22,1591,3730
29150.47,22,1591,3730
29150.60,22,1591,3730
29150.74,22,1591,3730
29150.88,22,1591,3730
29160.07,22,1591,3730
29160.22,22,1591,3730
29160.36,22,1591,3730
29160.49,22,1591,3730
29160.63,22,1591,3730
29160.77,22,1591,3730
29160.89,22,1591,3730
29170.09,22,1591,3730
29170.22,22,1591,3730
29170.34,22,1591,3730
29170.49,22,1591,3730
29170.63,22,1591,3730
29170.76,22,1591,3730
29170.90,22,1591,3730
29180.01,22,1591,3730
29180.14,22,1591,3730
29180.28,22,1591,3730
29180.42,22,1591,3730
29180.55,22,1591,3730
29180.69,22,1591,3730
29180.82,22,1591,3730
29180.96,22,1591,3730
29190.09,22,1591,3730
29190.23,22,1591,3730
29190.37,22,1591,3730
29190.50,22,1591,3730
29190.63,22,1591,3730
29190.77,22,1591,3730
29190.89,22,1591,3730
29200.11,22,1591,3730
29200.25,22,1591,3730
29200.38,22,1591,3730
29200.52,22,1591,3730
29200.65,22,1591,3730
29200.79,22,1591,3730
29200.92,22,1591,3730
29210.06,22,1591,3730
29210.20,22,1591,3730
29210.34,22,1591,3730
29210.47,22,1591,3730
29210.61,22,1591,3730
29210.75,22,1591,3730
29210.88,22,1591,3730
29220.09,21,1591,3731
29220.22,21,1591,3731
29220.36,21,1591,3731
29220.49,21,1591,3731
29220.63,21,1591,3731
29220.76,21,1591,3731
29220.90,21,1591,3731
29230.02,21,1591,3731
29230.16,21,1591,3731
29230.29,21,1591,3731
29230.42,21,1591,3731
29230.54,21,1591,3731
29230.68,21,1591,3731
29230.82,21,1591,3731
29230.95,20,1591,3732
29240.14,20,1591,3732
29240.28,20,1591,3732
29240.40,20,1591,3732
29240.53,20,1591,3732
29240.66,20,1591,3732
29240.78,20,1591,3732
29240.93,20,1591,3732
29250.13,6,1591,3746
29250.26,6,1591,3746
29250.38,6,1591,3746
29250.51,6,1591,3746
29250.64,6,1591,3746
29250.76,5,1591,3747
29250.89,5,1591,3747
29260.02,17,1594,3749
29260.15,17,1594,3749
29260.27,17,1594,3749
29260.41,17,1594,3749
29260.54,17,1594,3749
29260.68,17,1594,3749
29260.81,17,1594,3749
29260.94,17,1594,3749
29270.05,17,1595,3750
29270.19,17,1595,3750
29270.33,17,1595,3750
29270.47,17,1595,3750
29270.61,17,1595,3750
29270.74,17,1595,3750
29270.88,17,1595,3750
29280.02,20,1598,3750
29280.16,20,1598,3750
29280.29,20,1598,3750
29280.42,20,1598,3750
29280.54,20,1598,3750
29280.68,20,1598,3750
29280.82,20,1598,3750
29280.97,20,1598,3750
29290.11,20,1598,3750
29290.25,20,1598,3750
29290.39,20,1598,3750
29290.52,20,1598,3750
29290.64,20,1598,3750
29290.78,20,1598,3750
29290.93,20,1598,3750
29300.13,21,1599,3750
29300.26,21,1599,3750
29300.40,21,1599,3750
29300.54,21,1599,3750
29300.67,21,1599,3750
29300.79,21,1599,3750
29300.92,21,1599,3750
29310.06,21,1599,3750
29310.20,21,1599,3750
29310.33,21,1599,3750
29310.45,21,1599,3750
29310.59,21,1599,3750
29310.74,21,1599,3750
29310.86,21,1599,3750
29310.99,21,1599,3750
29320.12,21,1599,3750
29320.25,21,1599,3750
29320.37,21,1599,3750
29320.51,21,1599,3750
29320.64,21,1599,3750
29320.77,21,1599,3750
29320.91,21,1599,3750
29330.08,21,1599,3750
29330.23,21,1599,3750
29330.35,21,1599,3750
29330.50,21,1599,3750
29330.64,21,1599,3750
29330.76,21,1599,3750
29330.90,21,1599,3750
29340.07,21,1599,3750
29340.21,21,1599,3750
29340.35,21,1599,3750
29340.49,21,1599,3750
29340.63,21,1599,3750
29340.76,21,1599,3750
29340.88,21,1599,3750
29350.10,21,1599,3750
29350.23,21,1599,3750
29350.37,21,1599,3750
29350.51,21,1599,3750
29350.64,21,1599,3750
29350.77,21,1599,3750
29350.90,21,1599,3750
29360.05,21,1599,3750
29360.18,21,1599,3750
29360.30,21,1599,3750
29360.43,21,1599,3750
29360.56,21,1599,3750
29360.70,21,1599,3750
29360.84,21,1599,3750
29360.97,21,1599,3750
29370.10,21,1599,3750
29370.23,21,1599,3750
29370.35,21,1599,3750
29370.48,21,1599,3750
29370.61,21,1599,3750
29370.74,21,1599,3750
29370.86,21,1599,3750
29371.00,21,1599,3750
29380.10,21,1599,3750
29380.25,21,1599,3750
29380.39,21,1599,3750
29380.51,21,1599,3750
29380.64,21,1599,3750
29380.78,21,1599,3750
29380.91,21,1599,3750
29390.13,20,1599,3751
29390.26,20,1599,3751
29390.40,20,1599,3751
29390.54,20,1599,3751
29390.68,20,1599,3751
29390.81,20,1599,3751
29390.95,20,1599,3751
29400.03,19,1599,3752
29400.17,19,1599,3752
29400.29,19,1599,3752
29400.42,19,1599,3752
29400.56,19,1599,3752
29400.71,19,1599,3752
29400.85,19,1599,3752
29400.97,19,1599,3752
29410.09,19,1599,3752
29410.22,19,1599,3752
29410.35,19,1599,3752
29410.47,19,1599,3752
29410.60,19,1599,3752
29410.74,19,1599,3752
29410.89,19,1599,3752
29420.06,6,1599,3765
29420.18,6,1599,3765
29420.31,6,1599,3765
29420.44,6,1599,3765
29420.56,6,1599,3765
29420.69,6,1599,3765
29420.82,6,1599,3765
29420.94,6,1599,3765
29430.02,5,1599,3766
29430.15,5,1599,3766
29430.27,5,1599,3766
29430.40,5,1599,3766
29430.53,15,1599,3767
29430.65,15,1599,3767
29430.78,15,1599,3767
29430.92,15,1599,3767
29440.11,17,1602,3768
29440.24,17,1602,3768
29440.38,17,1602,3768
29440.51,17,1602,3768
29440.65,17,1602,3768
29440.79,17,1602,3768
29440.91,17,1602,3768
29450.06,20,1605,3768
29450.19,20,1605,3768
29450.32,20,1605,3768
29450.46,20,1605,3768
29450.60,20,1605,3768
29450.73,20,1605,3768
29450.87,20,1605,3768
29460.01,21,1606,3768
29460.17,21,1606,3768
29460.32,21,1606,3768
29460.45,21,1606,3768
29460.62,21,1606,3768
29460.79,21,1606,3768
29460.93,21,1606,3768
29470.04,22,1607,3768
29470.19,22,1607,3768
29470.31,22,1607,3768
29470.44,22,1607,3768
29470.58,22,1607,3768
29470.72,22,1607,3768
29470.86,22,1607,3768
29471.00,22,1607,3768
29480.11,23,1608,3768
29480.26,23,1608,3768
29480.40,23,1608,3768
29480.54,23,1608,3768
29480.67,23,1608,3768
29480.81,23,1608,3768
29480.93,23,1608,3768
29490.12,23,1608,3768
29490.26,23,1608,3768
29490.40,23,1608,3768
29490.54,23,1608,3768
29490.67,23,1608,3768
29490.80,23,1608,3768
29490.94,23,1608,3768
29500.02,23,1608,3768
29500.17,23,1608,3768
29500.29,23,1608,3768
29500.44,23,1608,3768
29500.58,23,1608,3768
29500.70,23,1608,3768
29500.85,23,1608,3768
29500.99,23,1608,3768
29510.11,23,1608,3768
29510.25,23,1608,3768
29510.38,23,1608,3768
29510.52,23,1608,3768
29510.65,23,1608,3768
29510.79,23,1608,3768
29510.93,23,1608,3768
29520.06,22,1608,3769
29520.20,22,1608,3769
29520.34,22,1608,3769
29520.48,22,1608,3769
29520.61,22,1608,3769
29520.75,22,1608,3769
29520.89,22,1608,3769
29530.10,22,1608,3769
29530.24,22,1608,3769
29530.38,22,1608,3769
29530.53,22,1608,3769
29530.67,22,1608,3769
29530.81,22,1608,3769
29530.94,22,1608,3769
29540.01,22,1608,3769
29540.15,22,1608,3769
29540.30,21,1608,3770
29540.44,21,1608,3770
29540.56,21,1608,3770
29540.71,21,1608,3770
29540.83,21,1608,3770
29540.96,21,1608,3770
29550.03,21,1608,3770
29550.17,21,1608,3770
29550.30,21,1608,3770
29550.46,21,1608,3770
29550.60,21,1608,3770
29550.74,21,1608,3770
29550.88,21,1608,3770
29560.12,20,1608,3771
29560.26,20,1608,3771
29560.38,20,1608,3771
29560.51,20,1608,3771
29560.65,20,1608,3771
29560.79,20,1608,3771
29560.94,20,1608,3771
29570.10,20,1608,3771
29570.24,20,1608,3771
29570.38,20,1608,3771
29570.51,20,1608,3771
29570.64,20,1608,3771
29570.78,20,1608,3771
29570.92,20,1608,3771
29580.08,20,1608,3771
29580.21,20,1608,3771
29580.35,20,1608,3771
29580.49,20,1608,3771
29580.64,20,1608,3771
29580.76,20,1608,3771
29580.90,20,1608,3771
29590.13,20,1608,3771
29590.27,20,1608,3771
29590.41,20,1608,3771
29590.54,20,1608,3771
29590.67,20,1608,3771
29590.81,20,1608,3771
29590.94,20,1608,3771
29600.08,7,1608,3784
29600.21,7,1608,3784
29600.34,7,1608,3784
29600.46,7,1608,3784
29600.59,7,1608,3784
29600.72,7,1608,3784
29600.84,7,1608,3784
29600.97,7,1608,3784
29610.13,15,1608,3787
29610.25,15,1608,3787
29610.39,15,1608,3787
29610.54,15,1608,3787
29610.68,15,1608,3787
29610.80,15,1608,3787
29610.94,15,1608,3787
29620.10,16,1610,3788
29620.22,17,1611,3788
29620.35,17,1611,3788
29620.49,17,1611,3788
29620.62,17,1611,3788
29620.76,18,1612,3788
29620.89,18,1612,3788
29630.11,18,1613,3789
29630.24,18,1613,3789
29630.37,18,1613,3789
29630.49,18,1613,3789
29630.63,18,1613,3789
29630.78,18,1613,3789
29630.90,18,1613,3789
29640.03,19,1614,3789
29640.17,19,1614,3789
29640.31,19,1614,3789
29640.44,19,1614,3789
29640.56,19,1614,3789
29640.70,19,1614,3789
29640.85,19,1614,3789
29640.99,19,1614,3789
29650.09,20,1615,3789
29650.22,20,1615,3789
29650.36,20,1615,3789
29650.50,20,1615,3789
29650.63,20,1615,3789
29650.77,20,1615,3789
29650.90,20,1615,3789
29660.04,21,1616,3789
29660.17,21,1616,3789
29660.29,21,1616,3789
29660.43,21,1616,3789
29660.58,21,1616,3789
29660.70,21,1616,3789
29660.85,21,1616,3789
29660.99,21,1616,3789
29670.09,21,1616,3789
29670.23,21,1616,3789
29670.37,21,1616,3789
29670.50,21,1616,3789
29670.64,21,1616,3789
29670.78,21,1616,3789
29670.92,21,1616,3789
29680.04,21,1616,3789
29680.16,21,1616,3789
29680.31,21,1616,3789
29680.43,21,1616,3789
29680.57,21,1616,3789
29680.72,21,1616,3789
29680.84,21,1616,3789
29680.98,21,1616,3789
29690.14,22,1617,3789
29690.28,22,1617,3789
29690.41,22,1617,3789
29690.55,22,1617,3789
29690.69,22,1617,3789
29690.82,22,1617,3789
29690.96,22,1617,3789
29700.12,21,1617,3790
29700.26,21,1617,3790
29700.40,21,1617,3790
29700.54,21,1617,3790
29700.68,21,1617,3790
29700.81,21,1617,3790
29700.94,21,1617,3790
29710.05,21,1617,3790
29710.19,21,1617,3790
29710.31,21,1617,3790
29710.45,21,1617,3790
29710.60,21,1617,3790
29710.74,21,1617,3790
29710.88,21,1617,3790
29720.13,21,1617,3790
29720.28,21,1617,3790
29720.42,21,1617,3790
29720.56,21,1617,3790
29720.69,21,1617,3790
29720.83,21,1617,3790
29720.97,21,1617,3790
29730.09,21,1617,3790
29730.24,21,1617,3790
29730.36,21,1617,3790
29730.50,21,1617,3790
29730.65,21,1617,3790
29730.79,21,1617,3790
29730.92,21,1617,3790
29740.01,21,1617,3790
29740.15,21,1617,3790
29740.29,21,1617,3790
29740.42,21,1617,3790
29740.56,20,1617,3791
29740.70,20,1617,3791
29740.85,20,1617,3791
29740.99,20,1617,3791
29750.12,20,1617,3791
29750.26,20,1617,3791
29750.40,20,1617,3791
29750.54,20,1617,3791
29750.68,20,1617,3791
29750.81,20,1617,3791
29750.95,20,1617,3791
29760.07,20,1617,3791
29760.22,20,1617,3791
29760.34,20,1617,3791
29760.47,20,1617,3791
29760.61,20,1617,3791
29760.75,20,1617,3791
29760.90,20,1617,3791
29770.08,20,1617,3791
29770.22,20,1617,3791
29770.35,20,1617,3791
29770.47,20,1617,3791
29770.61,20,1617,3791
29770.76,20,1617,3791
29770.90,10,1617,3801
29780.02,8,1617,3803
29780.16,8,1617,3803
29780.29,8,1617,3803
29780.42,8,1617,3803
29780.57,8,1617,3803
29780.70,8,1617,3803
29780.83,8,1617,3803
29780.95,8,1617,3803
29790.01,5,1617,3806
29790.14,5,1617,3806
29790.26,5,1617,3806
29790.39,5,1617,3806
29790.52,5,1617,3806
29790.64,5,1617,3806
29790.77,5,1617,3806
29790.90,5,1617,3806
29800.14,16,1618,3807
29800.26,17,1619,3807
29800.40,17,1619,3807
29800.55,17,1619,3807
29800.67,17,1619,3807
29800.81,17,1619,3807
29800.94,17,1619,3807
29810.05,18,1621,3808
29810.19,18,1621,3808
29810.32,18,1621,3808
29810.46,18,1621,3808
29810.60,18,1621,3808
29810.74,18,1621,3808
29810.88,18,1621,3808
29820.04,18,1622,3809
29820.17,18,1622,3809
29820.31,18,1622,3809
29820.45,18,1622,3809
29820.58,18,1622,3809
29820.72,18,1622,3809
29820.86,18,1622,3809
29830.01,18,1622,3809
29830.15,18,1622,3809
29830.29,18,1622,3809
29830.42,18,1622,3809
29830.56,18,1622,3809
29830.68,18,1622,3809
29830.83,18,1622,3809
29830.97,18,1622,3809
29840.02,19,1623,3809
29840.15,19,1623,3809
29840.29,19,1623,3809
29840.42,19,1623,3809
29840.54,19,1623,3809
29840.68,19,1623,3809
29840.83,19,1623,3809
29840.95,19,1623,3809
29850.12,20,1624,3809
29850.26,20,1624,3809
29850.40,20,1624,3809
29850.54,20,1624,3809
29850.68,20,1624,3809
29850.83,20,1624,3809
29850.95,20,1624,3809
29860.03,20,1624,3809
29860.17,20,1624,3809
29860.31,20,1624,3809
29860.46,20,1624,3809
29860.60,20,1624,3809
29860.74,20,1624,3809
29860.86,20,1624,3809
29861.01,20,1624,3809
29870.03,20,1624,3809
29870.17,20,1624,3809
29870.31,20,1624,3809
29870.44,20,1624,3809
29870.58,20,1624,3809
29870.72,20,1624,3809
29870.87,20,1624,3809
29870.99,20,1624,3809
29880.13,19,1624,3810
29880.28,19,1624,3810
29880.40,19,1624,3810
29880.54,19,1624,3810
29880.69,19,1624,3810
29880.81,19,1624,3810
29880.96,19,1624,3810
29890.01,19,1624,3810
29890.15,19,1624,3810
29890.29,19,1624,3810
29890.42,19,1624,3810
29890.56,19,1624,3810
29890.70,19,1624,3810
29890.84,19,1624,3810
29890.97,19,1624,3810
29900.07,19,1624,3810
29900.21,19,1624,3810
29900.34,19,1624,3810
29900.48,19,1624,3810
29900.62,19,1624,3810
29900.76,19,1624,3810
29900.90,19,1624,3810
29910.05,19,1624,3810
29910.20,19,1624,3810
29910.34,19,1624,3810
29910.47,19,1624,3810
29910.61,19,1624,3810
29910.75,19,1624,3810
29910.89,19,1624,3810
29920.11,19,1624,3810
29920.24,19,1624,3810
29920.38,19,1624,3810
29920.52,19,1624,3810
29920.66,19,1624,3810
29920.80,19,1624,3810
29920.95,19,1624,3810
29930.12,19,1624,3810
29930.26,19,1624,3810
29930.40,19,1624,3810
29930.53,19,1624,3810
29930.67,19,1624,3810
29930.79,19,1624,3810
29930.94,19,1624,3810
29940.07,19,1624,3810
29940.21,19,1624,3810
29940.34,19,1624,3810
29940.48,19,1624,3810
29940.61,19,1624,3810
29940.75,19,1624,3810
29940.91,19,1624,3810
29950.10,19,1624,3810
29950.24,19,1624,3810
29950.38,19,1624,3810
29950.51,19,1624,3810
29950.65,19,1624,3810
29950.79,19,1624,3810
29950.94,19,1624,3810
29960.12,8,1624,3821
29960.25,8,1624,3821
29960.39,8,1624,3821
29960.52,8,1624,3821
29960.66,8,1624,3821
29960.78,8,1624,3821
29960.93,8,1624,3821
29970.00,6,1624,3823
29970.13,6,1624,3823
29970.26,6,1624,3823
29970.38,6,1624,3823
29970.51,6,1624,3823
29970.64,6,1624,3823
29970.78,6,1624,3823
29970.92,6,1624,3823
29980.03,5,1624,3824
29980.16,5,1624,3824
29980.28,5,1624,3824
29980.41,5,1624,3824
29980.54,5,1624,3824
29980.66,5,1624,3824
29980.79,5,1624,3824
29980.93,5,1624,3824
29990.06,5,1624,3824
29990.18,5,1624,3824
29990.31,5,1624,3824
29990.44,5,1624,3824
29990.56,5,1624,3824
29990.69,5,1624,3824
29990.82,5,1624,3824
29990.94,5,1624,3824
30000.14,16,1625,3825
30000.29,16,1625,3825
30000.41,16,1625,3825
30000.54,16,1625,3825
30000.68,16,1625,3825
30000.81,16,1625,3825
30000.94,16,1625,3825
30010.08,18,1627,3825
30010.22,18,1627,3825
30010.38,18,1627,3825
30010.52,18,1627,3825
30010.66,18,1627,3825
30010.80,18,1627,3825
30010.93,18,1627,3825
30020.09,20,1629,3825
30020.23,20,1629,3825
30020.36,20,1629,3825
30020.50,20,1629,3825
30020.65,20,1629,3825
30020.79,20,1629,3825
30020.93,20,1629,3825
30030.10,21,1630,3825
30030.30,21,1630,3825
30030.44,21,1630,3825
30030.58,21,1630,3825
30030.73,21,1630,3825
30030.87,21,1630,3825
30030.99,21,1630,3825
30040.10,22,1631,3825
30040.24,22,1631,3825
30040.38,22,1631,3825
30040.51,22,1631,3825
30040.65,22,1631,3825
30040.79,22,1631,3825
30040.94,22,1631,3825
30050.01,23,1632,3825
30050.15,23,1632,3825
30050.29,23,1632,3825
30050.43,23,1632,3825
30050.56,23,1632,3825
30050.70,23,1632,3825
30050.84,23,1632,3825
30050.97,23,1632,3825
30060.08,24,1633,3825
30060.21,24,1633,3825
30060.35,24,1633,3825
30060.50,24,1633,3825
30060.64,24,1633,3825
30060.78,24,1633,3825
30060.92,24,1633,3825
30070.08,22,1633,3827
30070.22,21,1633,3828
30070.37,21,1633,3828
30070.51,21,1633,3828
30070.65,21,1633,3828
30070.79,21,1633,3828
30070.93,21,1633,3828
30080.07,21,1633,3828
30080.21,21,1633,3828
30080.35,21,1633,3828
30080.49,21,1633,3828
30080.62,21,1633,3828
30080.76,21,1633,3828
30080.90,21,1633,3828
30090.13,21,1633,3828
30090.27,21,1633,3828
30090.41,21,1633,3828
30090.55,21,1633,3828
30090.68,21,1633,3828
30090.82,21,1633,3828
30090.97,21,1633,3828
30100.02,21,1633,3828
30100.16,21,1633,3828
30100.30,21,1633,3828
30100.45,21,1633,3828
30100.58,21,1633,3828
30100.72,21,1633,3828
30100.86,21,1633,3828
30101.00,21,1633,3828
30110.10,21,1633,3828
30110.25,21,1633,3828
30110.39,21,1633,3828
30110.53,21,1633,3828
30110.67,21,1633,3828
30110.80,21,1633,3828
30110.94,21,1633,3828
30120.11,20,1633,3829
30120.25,20,1633,3829
30120.41,20,1633,3829
30120.55,20,1633,3829
30120.70,20,1633,3829
30120.83,20,1633,3829
30120.96,20,1633,3829
30130.03,20,1633,3829
30130.17,20,1633,3829
30130.32,20,1633,3829
30130.46,20,1633,3829
30130.60,20,1633,3829
30130.73,20,1633,3829
30130.87,20,1633,3829
30140.09,20,1633,3829
30140.23,20,1633,3829
30140.37,20,1633,3829
30140.51,20,1633,3829
30140.66,20,1633,3829
30140.78,20,1633,3829
30140.93,20,1633,3829
30150.10,20,1633,3829
30150.24,20,1633,3829
30150.38,20,1633,3829
30150.51,20,1633,3829
30150.65,20,1633,3829
30150.78,20,1633,3829
30150.92,20,1633,3829
30160.09,20,1633,3829
30160.23,20,1633,3829
30160.37,20,1633,3829
30160.51,20,1633,3829
30160.66,20,1633,3829
30160.78,20,1633,3829
30160.93,20,1633,3829
30170.07,7,1633,3842
30170.21,7,1633,3842
30170.34,7,1633,3842
30170.47,7,1633,3842
30170.59,7,1633,3842
30170.74,7,1633,3842
30170.86,7,1633,3842
30170.99,7,1633,3842
30180.12,5,1633,3844
30180.24,5,1633,3844
30180.37,5,1633,3844
30180.50,5,1633,3844
30180.62,5,1633,3844
30180.75,5,1633,3844
30180.88,5,1633,3844
30190.05,17,1635,3845
30190.19,17,1635,3845
30190.34,17,1635,3845
30190.46,17,1635,3845
30190.59,17,1635,3845
30190.73,17,1635,3845
30190.87,17,1635,3845
30200.05,19,1637,3845
30200.17,19,1637,3845
30200.32,19,1637,3845
30200.46,19,1637,3845
30200.60,19,1637,3845
30200.74,19,1637,3845
30200.88,19,1637,3845
30210.13,20,1639,3846
30210.29,20,1639,3846
30210.43,19,1639,3847
30210.57,19,1639,3847
30210.71,19,1639,3847
30210.86,19,1639,3847
30211.00,19,1639,3847
30220.04,19,1639,3847
30220.18,19,1639,3847
30220.31,19,1639,3847
30220.45,19,1639,3847
30220.59,19,1639,3847
30220.73,19,1639,3847
30220.87,19,1639,3847
30230.08,20,1640,3847
30230.22,20,1640,3847
30230.36,20,1640,3847
30230.51,20,1640,3847
30230.63,20,1640,3847
30230.77,20,1640,3847
30230.92,20,1640,3847
30240.12,20,1640,3847
30240.26,20,1640,3847
30240.40,20,1640,3847
30240.54,20,1640,3847
30240.68,20,1640,3847
30240.83,20,1640,3847
30240.97,20,1640,3847
30250.13,20,1640,3847
30250.27,20,1640,3847
30250.42,20,1640,3847
30250.56,20,1640,3847
30250.70,20,1640,3847
30250.83,20,1640,3847
30250.95,20,1640,3847
30260.05,20,1640,3847
30260.19,20,1640,3847
30260.32,20,1640,3847
30260.46,20,1640,3847
30260.60,20,1640,3847
30260.73,20,1640,3847
30260.87,20,1640,3847
30261.00,20,1640,3847
30270.13,20,1640,3847
30270.26,20,1640,3847
30270.40,20,1640,3847
30270.55,20,1640,3847
30270.69,20,1640,3847
30270.83,20,1640,3847
30270.97,20,1640,3847
30280.13,19,1640,3848
30280.28,19,1640,3848
30280.40,19,1640,3848
30280.55,19,1640,3848
30280.69,19,1640,3848
30280.83,19,1640,3848
30280.96,19,1640,3848
30290.13,19,1640,3848
30290.27,19,1640,3848
30290.42,19,1640,3848
30290.56,19,1640,3848
30290.70,19,1640,3848
30290.84,19,1640,3848
30290.98,19,1640,3848
30300.08,19,1640,3848
30300.22,19,1640,3848
30300.37,19,1640,3848
30300.51,19,1640,3848
30300.65,19,1640,3848
30300.79,19,1640,3848
30300.93,19,1640,3848
30310.14,19,1640,3848
30310.28,19,1640,3848
30310.42,19,1640,3848
30310.55,19,1640,3848
30310.69,19,1640,3848
30310.83,19,1640,3848
30310.97,19,1640,3848
30320.10,19,1640,3848
30320.24,19,1640,3848
30320.39,19,1640,3848
30320.52,19,1640,3848
30320.66,19,1640,3848
30320.81,19,1640,3848
30320.95,19,1640,3848
30330.13,18,1640,3849
30330.27,18,1640,3849
30330.41,18,1640,3849
30330.55,18,1640,3849
30330.69,18,1640,3849
30330.82,18,1640,3849
30330.96,18,1640,3849
30340.10,18,1640,3849
30340.24,18,1640,3849
30340.39,18,1640,3849
30340.51,18,1640,3849
30340.66,18,1640,3849
30340.80,18,1640,3849
30340.93,18,1640,3849
30350.02,18,1640,3849
30350.16,18,1640,3849
30350.30,18,1640,3849
30350.44,18,1640,3849
30350.59,18,1640,3849
30350.73,18,1640,3849
30350.87,18,1640,3849
30351.00,8,1640,3859
30360.05,5,1640,3862
30360.18,5,1640,3862
30360.31,5,1640,3862
30360.43,5,1640,3862
30360.56,5,1640,3862
30360.70,5,1640,3862
30360.84,5,1640,3862
30360.97,5,1640,3862
30370.12,16,1641,3863
30370.26,16,1641,3863
30370.40,16,1641,3863
30370.55,16,1641,3863
30370.67,16,1641,3863
30370.82,16,1641,3863
30370.96,16,1641,3863
30380.13,18,1643,3863
30380.27,18,1643,3863
30380.41,18,1643,3863
30380.55,18,1643,3863
30380.70,18,1643,3863
30380.84,18,1643,3863
30380.97,18,1643,3863
30390.02,22,1647,3863
30390.16,22,1647,3863
30390.30,22,1647,3863
30390.44,22,1647,3863
30390.58,22,1647,3863
30390.73,22,1647,3863
30390.87,22,1647,3863
30400.12,23,1648,3863
30400.26,23,1648,3863
30400.40,23,1648,3863
30400.54,23,1648,3863
30400.69,23,1648,3863
30400.83,23,1648,3863
30400.97,23,1648,3863
30410.04,23,1648,3863
30410.18,23,1648,3863
30410.32,23,1648,3863
30410.46,23,1648,3863
30410.61,23,1648,3863
30410.75,23,1648,3863
30410.89,23,1648,3863
30420.04,23,1648,3863
30420.18,23,1648,3863
30420.32,23,1648,3863
30420.46,23,1648,3863
30420.60,23,1648,3863
30420.74,23,1648,3863
30420.89,23,1648,3863
30430.01,23,1648,3863
30430.15,23,1648,3863
30430.29,23,1648,3863
30430.45,23,1648,3863
30430.59,23,1648,3863
30430.73,23,1648,3863
30430.87,23,1648,3863
30440.07,23,1648,3863
30440.21,23,1648,3863
30440.36,23,1648,3863
30440.50,23,1648,3863
30440.64,23,1648,3863
30440.78,23,1648,3863
30440.93,23,1648,3863
30450.01,23,1648,3863
30450.15,23,1648,3863
30450.28,23,1648,3863
30450.42,23,1648,3863
30450.56,23,1648,3863
30450.71,23,1648,3863
30450.85,23,1648,3863
30450.99,23,1648,3863
30460.04,23,1648,3863
30460.18,23,1648,3863
30460.33,23,1648,3863
30460.47,23,1648,3863
30460.61,23,1648,3863
30460.75,23,1648,3863
30460.89,23,1648,3863
30470.13,22,1648,3864
30470.27,22,1648,3864
30470.41,22,1648,3864
30470.56,22,1648,3864
30470.70,22,1648,3864
30470.84,22,1648,3864
30470.98,22,1648,3864
30480.03,21,1648,3865
30480.18,21,1648,3865
30480.32,21,1648,3865
30480.46,21,1648,3865
30480.60,21,1648,3865
30480.73,21,1648,3865
30480.87,21,1648,3865
30490.07,20,1648,3866
30490.22,20,1648,3866
30490.36,20,1648,3866
30490.50,20,1648,3866
30490.64,20,1648,3866
30490.78,20,1648,3866
30490.93,20,1648,3866
30500.09,20,1648,3866
30500.23,20,1648,3866
30500.36,20,1648,3866
30500.50,20,1648,3866
30500.64,20,1648,3866
30500.78,20,1648,3866
30500.93,20,1648,3866
30510.06,19,1648,3867
30510.21,19,1648,3867
30510.33,19,1648,3867
30510.48,19,1648,3867
30510.62,19,1648,3867
30510.76,19,1648,3867
30510.90,19,1648,3867
30520.05,19,1648,3867
30520.20,19,1648,3867
30520.34,19,1648,3867
30520.48,19,1648,3867
30520.62,19,1648,3867
30520.76,19,1648,3867
30520.91,19,1648,3867
30530.08,19,1648,3867
30530.22,19,1648,3867
30530.36,19,1648,3867
30530.51,19,1648,3867
30530.65,19,1648,3867
30530.79,19,1648,3867
30530.93,19,1648,3867
30540.03,7,1648,3879
30540.17,7,1648,3879
30540.32,7,1648,3879
30540.46,7,1648,3879
30540.59,7,1648,3879
30540.73,7,1648,3879
30540.87,7,1648,3879
30541.00,7,1648,3879
30550.11,6,1648,3880
30550.23,6,1648,3880
30550.36,6,1648,3880
30550.49,5,1648,3881
30550.61,5,1648,3881
30550.74,5,1648,3881
30550.88,5,1648,3881
30560.01,19,1653,3883
30560.16,19,1653,3883
30560.30,19,1653,3883
30560.44,19,1653,3883
30560.58,19,1653,3883
30560.72,19,1653,3883
30560.87,19,1653,3883
30570.12,21,1655,3883
30570.26,21,1655,3883
30570.40,21,1655,3883
30570.55,21,1655,3883
30570.67,21,1655,3883
30570.82,21,1655,3883
30570.96,21,1655,3883
30580.06,21,1655,3883
30580.20,21,1655,3883
30580.34,21,1655,3883
30580.48,21,1655,3883
30580.61,21,1655,3883
30580.75,21,1655,3883
30580.90,21,1655,3883
30590.05,21,1655,3883
30590.19,21,1655,3883
30590.33,21,1655,3883
30590.48,21,1655,3883
30590.62,21,1655,3883
30590.76,21,1655,3883
30590.90,21,1655,3883
30600.12,22,1656,3883
30600.26,22,1656,3883
30600.39,22,1656,3883
30600.53,22,1656,3883
30600.67,22,1656,3883
30600.81,22,1656,3883
30600.96,22,1656,3883
30610.07,22,1656,3883
30610.21,22,1656,3883
30610.36,22,1656,3883
30610.50,22,1656,3883
30610.64,22,1656,3883
30610.78,22,1656,3883
30610.93,22,1656,3883
30620.01,22,1656,3883
30620.15,22,1656,3883
30620.30,22,1656,3883
30620.44,22,1656,3883
30620.58,22,1656,3883
30620.72,22,1656,3883
30620.87,22,1656,3883
30630.14,22,1656,3883
30630.29,22,1656,3883
30630.43,22,1656,3883
30630.57,22,1656,3883
30630.71,22,1656,3883
30630.85,22,1656,3883
30630.98,22,1656,3883
30640.12,22,1656,3883
30640.26,22,1656,3883
30640.40,22,1656,3883
30640.55,22,1656,3883
30640.69,22,1656,3883
30640.83,22,1656,3883
30640.96,22,1656,3883
30650.12,21,1656,3884
30650.26,21,1656,3884
30650.40,21,1656,3884
30650.54,21,1656,3884
30650.68,21,1656,3884
30650.83,21,1656,3884
30650.97,21,1656,3884
30660.06,21,1656,3884
30660.20,21,1656,3884
30660.34,21,1656,3884
30660.48,21,1656,3884
30660.62,21,1656,3884
30660.77,21,1656,3884
30660.91,21,1656,3884
30670.06,20,1656,3885
30670.21,20,1656,3885
30670.35,20,1656,3885
30670.49,20,1656,3885
30670.63,20,1656,3885
30670.79,20,1656,3885
30670.93,20,1656,3885
30680.02,19,1656,3886
30680.16,19,1656,3886
30680.29,19,1656,3886
30680.43,19,1656,3886
30680.57,19,1656,3886
30680.71,19,1656,3886
30680.84,19,1656,3886
30680.98,19,1656,3886
30690.09,19,1656,3886
30690.23,19,1656,3886
30690.38,19,1656,3886
30690.53,19,1656,3886
30690.68,19,1656,3886
30690.82,19,1656,3886
30690.96,19,1656,3886
30700.10,19,1656,3886
30700.24,19,1656,3886
30700.39,19,1656,3886
30700.53,19,1656,3886
30700.67,19,1656,3886
30700.81,19,1656,3886
30700.95,19,1656,3886
30710.11,19,1656,3886
30710.24,19,1656,3886
30710.38,19,1656,3886
30710.50,19,1656,3886
30710.65,19,1656,3886
30710.79,19,1656,3886
30710.93,19,1656,3886
30720.14,19,1656,3886
30720.28,19,1656,3886
30720.43,19,1656,3886
30720.57,19,1656,3886
30720.71,19,1656,3886
30720.85,19,1656,3886
30721.00,19,1656,3886
30730.02,18,1659,3901
30730.16,18,1659,3901
30730.30,18,1659,3901
30730.44,18,1659,3901
30730.59,18,1659,3901
30730.73,18,1659,3901
30730.87,17,1659,3902
30740.10,18,1660,3902
30740.25,18,1660,3902
30740.39,18,1660,3902
30740.53,18,1660,3902
30740.67,18,1660,3902
30740.81,18,1660,3902
30740.96,18,1660,3902
30750.08,19,1661,3902
30750.22,19,1661,3902
30750.36,19,1661,3902
30750.51,19,1661,3902
30750.65,19,1661,3902
30750.79,19,1661,3902
30750.93,19,1661,3902
30760.03,19,1661,3902
30760.17,19,1661,3902
30760.31,19,1661,3902
30760.46,19,1661,3902
30760.60,19,1661,3902
30760.74,19,1661,3902
30760.88,19,1661,3902
30770.07,21,1663,3902
30770.21,21,1663,3902
30770.36,21,1663,3902
30770.50,21,1663,3902
30770.64,21,1663,3902
30770.78,21,1663,3902
30770.93,21,1663,3902
30780.10,21,1663,3902
30780.24,21,1663,3902
30780.38,21,1663,3902
30780.52,21,1663,3902
30780.67,21,1663,3902
30780.81,21,1663,3902
30780.95,21,1663,3902
30790.04,22,1664,3902
30790.18,22,1664,3902
30790.32,22,1664,3902
30790.46,22,1664,3902
30790.61,22,1664,3902
30790.75,22,1664,3902
30790.89,22,1664,3902
30800.15,22,1664,3902
30800.29,22,1664,3902
30800.43,22,1664,3902
30800.57,22,1664,3902
30800.72,22,1664,3902
30800.86,22,1664,3902
30801.00,22,1664,3902
30810.02,22,1664,3902
30810.16,22,1664,3902
30810.31,22,1664,3902
30810.45,22,1664,3902
30810.59,22,1664,3902
30810.73,22,1664,3902
30810.87,22,1664,3902
30820.03,22,1664,3902
30820.18,22,1664,3902
30820.32,22,1664,3902
30820.46,22,1664,3902
30820.60,22,1664,3902
30820.74,22,1664,3902
30820.89,22,1664,3902
30830.02,22,1664,3902
30830.16,22,1664,3902
30830.31,22,1664,3902
30830.45,22,1664,3902
30830.59,22,1664,3902
30830.73,22,1664,3902
30830.87,22,1664,3902
30840.10,21,1664,3903
30840.24,21,1664,3903
30840.39,21,1664,3903
30840.53,21,1664,3903
30840.67,21,1664,3903
30840.81,21,1664,3903
30840.95,21,1664,3903
30850.13,20,1664,3904
30850.27,20,1664,3904
30850.41,20,1664,3904
30850.55,20,1664,3904
30850.69,20,1664,3904
30850.82,20,1664,3904
30850.96,20,1664,3904
30860.13,20,1664,3904
30860.27,20,1664,3904
30860.42,20,1664,3904
30860.56,20,1664,3904
30860.70,20,1664,3904
30860.84,20,1664,3904
30860.99,20,1664,3904
30870.06,20,1664,3904
30870.20,20,1664,3904
30870.35,20,1664,3904
30870.49,20,1664,3904
30870.63,20,1664,3904
30870.77,20,1664,3904
30870.91,20,1664,3904
30880.06,19,1664,3905
30880.20,19,1664,3905
30880.34,19,1664,3905
30880.48,19,1664,3905
30880.62,19,1664,3905
30880.77,19,1664,3905
30880.91,19,1664,3905
30890.01,19,1664,3905
30890.15,19,1664,3905
30890.29,19,1664,3905
30890.44,19,1664,3905
30890.58,19,1664,3905
30890.72,19,1664,3905
30890.86,19,1664,3905
30891.00,19,1664,3905
30900.01,6,1664,3918
30900.15,6,1664,3918
30900.30,6,1664,3918
30900.42,6,1664,3918
30900.57,6,1664,3918
30900.71,6,1664,3918
30900.85,6,1664,3918
30900.98,6,1664,3918
30910.07,15,1664,3920
30910.21,15,1664,3920
30910.35,15,1664,3920
30910.49,15,1664,3920
30910.62,15,1664,3920
30910.76,15,1664,3920
30910.91,15,1664,3920
30920.04,19,1668,3920
30920.18,19,1668,3920
30920.32,19,1668,3920
30920.46,19,1668,3920
30920.60,19,1668,3920
30920.75,19,1668,3920
30920.89,19,1668,3920
30930.12,21,1670,3920
30930.26,21,1670,3920
30930.40,21,1670,3920
30930.54,21,1670,3920
30930.68,21,1670,3920
30930.83,21,1670,3920
30930.97,21,1670,3920
30940.01,22,1672,3921
30940.16,22,1672,3921
30940.30,22,1672,3921
30940.44,22,1672,3921
30940.58,22,1672,3921
30940.73,22,1672,3921
30940.87,22,1672,3921
30950.06,22,1672,3921
30950.21,22,1672,3921
30950.35,22,1672,3921
30950.49,22,1672,3921
30950.63,22,1672,3921
30950.77,22,1672,3921
30950.92,22,1672,3921
30960.11,23,1673,3921
30960.25,23,1673,3921
30960.39,23,1673,3921
30960.53,23,1673,3921
30960.67,23,1673,3921
30960.82,23,1673,3921
30960.96,23,1673,3921
30970.01,23,1673,3921
30970.15,23,1673,3921
30970.29,23,1673,3921
30970.43,23,1673,3921
30970.57,23,1673,3921
30970.71,23,1673,3921
30970.86,23,1673,3921
30971.00,23,1673,3921
30980.05,23,1673,3921
30980.19,23,1673,3921
30980.33,23,1673,3921
30980.47,23,1673,3921
30980.62,23,1673,3921
30980.76,23,1673,3921
30980.90,23,1673,3921
30990.10,23,1673,3921
30990.25,23,1673,3921
30990.39,23,1673,3921
30990.53,23,1673,3921
30990.67,23,1673,3921
30990.81,23,1673,3921
30990.95,23,1673,3921
31000.01,23,1673,3921
31000.15,23,1673,3921
31000.29,23,1673,3921
31000.43,23,1673,3921
31000.57,23,1673,3921
31000.72,23,1673,3921
31000.86,23,1673,3921
31001.00,23,1673,3921
31010.01,22,1673,3922
31010.15,22,1673,3922
31010.29,22,1673,3922
31010.43,22,1673,3922
31010.57,22,1673,3922
31010.71,22,1673,3922
31010.84,22,1673,3922
31010.98,22,1673,3922
31020.14,22,1673,3922
31020.28,22,1673,3922
31020.41,22,1673,3922
31020.55,22,1673,3922
31020.69,22,1673,3922
31020.83,22,1673,3922
31020.97,22,1673,3922
31030.13,22,1673,3922
31030.27,22,1673,3922
31030.41,22,1673,3922
31030.55,22,1673,3922
31030.70,22,1673,3922
31030.84,22,1673,3922
31030.98,22,1673,3922
31040.02,22,1673,3922
31040.17,22,1673,3922
31040.31,22,1673,3922
31040.44,22,1673,3922
31040.58,22,1673,3922
31040.72,22,1673,3922
31040.86,22,1673,3922
31041.00,22,1673,3922
31050.07,21,1673,3923
31050.21,21,1673,3923
31050.35,21,1673,3923
31050.49,21,1673,3923
31050.63,21,1673,3923
31050.77,21,1673,3923
31050.90,21,1673,3923
31060.09,21,1673,3923
31060.23,21,1673,3923
31060.37,21,1673,3923
31060.51,21,1673,3923
31060.65,21,1673,3923
31060.80,21,1673,3923
31060.94,21,1673,3923
31070.07,21,1673,3923
31070.21,20,1673,3924
31070.34,20,1673,3924
31070.48,20,1673,3924
31070.62,20,1673,3924
31070.76,20,1673,3924
31070.90,20,1673,3924
31080.13,9,1673,3935
31080.27,9,1673,3935
31080.42,9,1673,3935
31080.56,9,1673,3935
31080.70,8,1673,3936
31080.83,8,1673,3936
31080.97,8,1673,3936
31090.09,5,1673,3939
31090.22,5,1673,3939
31090.35,5,1673,3939
31090.49,5,1673,3939
31090.63,5,1673,3939
31090.77,5,1673,3939
31090.91,5,1673,3939
31100.07,17,1675,3940
31100.21,17,1675,3940
31100.36,17,1675,3940
31100.50,17,1675,3940
31100.64,17,1675,3940
31100.78,17,1675,3940
31100.92,17,1675,3940
31110.05,16,1676,3942
31110.19,16,1676,3942
31110.33,16,1676,3942
31110.46,16,1676,3942
31110.60,16,1676,3942
31110.74,16,1676,3942
31110.89,16,1676,3942
31120.11,17,1677,3942
31120.24,17,1677,3942
31120.38,17,1677,3942
31120.53,17,1677,3942
31120.67,17,1677,3942
31120.80,17,1677,3942
31120.94,17,1677,3942
31130.05,18,1678,3942
31130.18,18,1678,3942
31130.32,18,1678,3942
31130.46,18,1678,3942
31130.60,18,1678,3942
31130.74,18,1678,3942
31130.89,18,1678,3942
31140.05,18,1678,3942
31140.20,18,1678,3942
31140.34,18,1678,3942
31140.48,18,1678,3942
31140.62,18,1678,3942
31140.75,18,1678,3942
31140.89,18,1678,3942
31150.04,19,1679,3942
31150.18,19,1679,3942
31150.33,19,1679,3942
31150.47,19,1679,3942
31150.60,19,1679,3942
31150.74,19,1679,3942
31150.88,19,1679,3942
31160.03,20,1680,3942
31160.17,20,1680,3942
31160.30,20,1680,3942
31160.44,20,1680,3942
31160.58,20,1680,3942
31160.73,20,1680,3942
31160.87,20,1680,3942
31170.13,20,1680,3942
31170.27,20,1680,3942
31170.41,20,1680,3942
31170.56,20,1680,3942
31170.70,20,1680,3942
31170.84,20,1680,3942
31170.98,20,1680,3942
31180.02,20,1680,3942
31180.16,20,1680,3942
31180.30,20,1680,3942
31180.43,20,1680,3942
31180.57,20,1680,3942
31180.71,20,1680,3942
31180.84,20,1680,3942
31180.98,20,1680,3942
31190.13,20,1680,3942
31190.27,20,1680,3942
31190.42,20,1680,3942
31190.56,20,1680,3942
31190.70,20,1680,3942
31190.84,20,1680,3942
31190.98,20,1680,3942
31200.11,20,1680,3942
31200.25,20,1680,3942
31200.39,20,1680,3942
31200.53,20,1680,3942
31200.66,20,1680,3942
31200.80,20,1680,3942
31200.93,20,1680,3942
31210.06,19,1680,3943
31210.20,19,1680,3943
31210.34,19,1680,3943
31210.49,19,1680,3943
31210.62,19,1680,3943
31210.76,19,1680,3943
31210.90,19,1680,3943
31220.02,19,1680,3943
31220.17,19,1680,3943
31220.31,19,1680,3943
31220.45,19,1680,3943
31220.59,19,1680,3943
31220.73,19,1680,3943
31220.88,19,1680,3943
31230.06,19,1680,3943
31230.20,19,1680,3943
31230.34,19,1680,3943
31230.49,19,1680,3943
31230.65,19,1680,3943
31230.79,19,1680,3943
31230.93,19,1680,3943
31240.03,18,1680,3944
31240.17,18,1680,3944
31240.31,18,1680,3944
31240.46,18,1680,3944
31240.60,18,1680,3944
31240.73,18,1680,3944
31240.87,18,1680,3944
31250.10,18,1680,3944
31250.24,18,1680,3944
31250.37,18,1680,3944
31250.51,18,1680,3944
31250.65,18,1680,3944
31250.78,18,1680,3944
31250.92,18,1680,3944
31260.14,18,1680,3944
31260.28,18,1680,3944
31260.42,18,1680,3944
31260.56,18,1680,3944
31260.71,8,1680,3954
31260.84,8,1680,3954
31260.98,8,1680,3954
31270.17,7,1680,3955
31270.30,7,1680,3955
31270.45,7,1680,3955
31270.59,7,1680,3955
31270.72,7,1680,3955
31270.84,7,1680,3955
31270.98,7,1680,3955
31280.08,5,1680,3957
31280.28,5,1680,3957
31280.42,5,1680,3957
31280.57,5,1680,3957
31280.69,5,1680,3957
31280.82,5,1680,3957
31280.95,5,1680,3957
31290.07,5,1680,3957
31290.22,5,1680,3957
31290.34,5,1680,3957
31290.48,5,1680,3957
31290.63,5,1680,3957
31290.77,5,1680,3957
31290.91,5,1680,3957
31300.07,5,1680,3957
31300.21,5,1680,3957
31300.35,5,1680,3957
31300.49,5,1680,3957
31300.63,5,1680,3957
31300.76,5,1680,3957
31300.90,5,1680,3957
31310.12,16,1681,3958
31310.26,16,1681,3958
31310.40,16,1681,3958
31310.54,16,1681,3958
31310.68,16,1681,3958
31310.82,16,1681,3958
31310.95,16,1681,3958
31320.09,18,1683,3958
31320.23,18,1683,3958
31320.37,18,1683,3958
31320.51,18,1683,3958
31320.65,18,1683,3958
31320.79,18,1683,3958
31320.92,18,1683,3958
31330.06,20,1685,3958
31330.20,20,1685,3958
31330.34,20,1685,3958
31330.48,20,1685,3958
31330.63,20,1685,3958
31330.77,20,1685,3958
31330.90,20,1685,3958
31340.11,20,1685,3958
31340.25,20,1685,3958
31340.39,20,1685,3958
31340.52,20,1685,3958
31340.66,20,1685,3958
31340.80,20,1685,3958
31340.96,20,1685,3958
31350.03,22,1687,3958
31350.17,22,1687,3958
31350.32,22,1687,3958
31350.46,22,1687,3958
31350.60,22,1687,3958
31350.73,22,1687,3958
31350.87,22,1687,3958
31351.00,22,1687,3958
31360.01,24,1689,3958
31360.16,24,1689,3958
31360.30,24,1689,3958
31360.44,24,1689,3958
31360.58,24,1689,3958
31360.73,24,1689,3958
31360.85,24,1689,3958
31361.00,24,1689,3958
31370.14,24,1689,3958
31370.29,24,1689,3958
31370.43,24,1689,3958
31370.57,24,1689,3958
31370.71,24,1689,3958
31370.85,24,1689,3958
31370.99,24,1689,3958
31380.12,22,1689,3960
31380.26,22,1689,3960
31380.40,22,1689,3960
31380.55,22,1689,3960
31380.67,22,1689,3960
31380.81,22,1689,3960
31380.96,22,1689,3960
31390.09,22,1689,3960
31390.23,22,1689,3960
31390.38,22,1689,3960
31390.52,22,1689,3960
31390.65,22,1689,3960
31390.78,22,1689,3960
31390.93,22,1689,3960
31400.06,22,1689,3960
31400.20,22,1689,3960
31400.34,22,1689,3960
31400.48,22,1689,3960
31400.62,21,1689,3961
31400.76,21,1689,3961
31400.91,21,1689,3961
31410.01,21,1689,3961
31410.15,21,1689,3961
31410.29,21,1689,3961
31410.43,21,1689,3961
31410.58,21,1689,3961
31410.72,21,1689,3961
31410.86,21,1689,3961
31411.00,21,1689,3961
31420.08,21,1689,3961
31420.22,21,1689,3961
31420.36,21,1689,3961
31420.50,21,1689,3961
31420.64,21,1689,3961
31420.79,21,1689,3961
31420.93,21,1689,3961
31430.14,21,1689,3961
31430.29,21,1689,3961
31430.42,21,1689,3961
31430.55,21,1689,3961
31430.68,21,1689,3961
31430.83,21,1689,3961
31430.97,21,1689,3961
31440.07,20,1689,3962
31440.22,20,1689,3962
31440.36,20,1689,3962
31440.50,20,1689,3962
31440.64,20,1689,3962
31440.79,20,1689,3962
31440.93,20,1689,3962
31450.14,20,1689,3962
31450.28,20,1689,3962
31450.42,20,1689,3962
31450.57,20,1689,3962
31450.71,20,1689,3962
31450.85,20,1689,3962
31450.99,20,1689,3962
31460.05,20,1689,3962
31460.19,20,1689,3962
31460.32,20,1689,3962
31460.46,20,1689,3962
31460.60,20,1689,3962
31460.75,20,1689,3962
31460.89,20,1689,3962
31470.10,20,1689,3962
31470.24,20,1689,3962
31470.39,20,1689,3962
31470.52,20,1689,3962
31470.66,20,1689,3962
31470.80,20,1689,3962
31470.94,20,1689,3962
31480.06,8,1689,3974
31480.20,8,1689,3974
31480.35,8,1689,3974
31480.48,8,1689,3974
31480.61,8,1689,3974
31480.74,8,1689,3974
31480.88,8,1689,3974
31490.06,6,1689,3976
31490.19,6,1689,3976
31490.33,6,1689,3976
31490.45,6,1689,3976
31490.58,6,1689,3976
31490.72,6,1689,3976
31490.85,5,1689,3977
31490.98,5,1689,3977
31500.13,5,1689,3977
31500.28,5,1689,3977
31500.40,5,1689,3977
31500.54,5,1689,3977
31500.69,5,1689,3977
31500.82,5,1689,3977
31500.96,5,1689,3977
31510.04,15,1689,3978
31510.18,15,1689,3978
31510.31,15,1689,3978
31510.45,15,1689,3978
31510.58,15,1689,3978
31510.72,15,1689,3978
31510.86,15,1689,3978
31511.00,15,1689,3978
31520.07,18,1693,3979
31520.21,18,1693,3979
31520.35,18,1693,3979
31520.48,18,1693,3979
31520.62,18,1693,3979
31520.75,18,1693,3979
31520.89,18,1693,3979
31530.10,17,1693,3980
31530.24,17,1693,3980
31530.38,17,1693,3980
31530.52,18,1694,3980
31530.67,18,1694,3980
31530.80,18,1694,3980
31530.93,18,1694,3980
31540.03,19,1695,3980
31540.17,19,1695,3980
31540.32,19,1695,3980
31540.46,19,1695,3980
31540.60,20,1696,3980
31540.74,20,1696,3980
31540.89,20,1696,3980
31550.05,20,1696,3980
31550.19,20,1696,3980
31550.34,20,1696,3980
31550.47,20,1696,3980
31550.61,20,1696,3980
31550.75,20,1696,3980
31550.88,20,1696,3980
31560.06,20,1696,3980
31560.20,20,1696,3980
31560.34,20,1696,3980
31560.48,20,1696,3980
31560.63,20,1696,3980
31560.77,20,1696,3980
31560.91,20,1696,3980
31570.04,20,1696,3980
31570.18,20,1696,3980
31570.32,20,1696,3980
31570.46,20,1696,3980
31570.61,20,1696,3980
31570.75,20,1696,3980
31570.89,20,1696,3980
31580.01,20,1696,3980
31580.15,20,1696,3980
31580.29,20,1696,3980
31580.43,20,1696,3980
31580.57,20,1696,3980
31580.72,20,1696,3980
31580.86,20,1696,3980
31581.00,20,1696,3980
31590.03,20,1696,3980
31590.18,20,1696,3980
31590.32,20,1696,3980
31590.46,20,1696,3980
31590.59,20,1696,3980
31590.73,20,1696,3980
31590.87,20,1696,3980
31600.08,19,1696,3981
31600.21,19,1696,3981
31600.35,19,1696,3981
31600.51,19,1696,3981
31600.65,19,1696,3981
31600.79,19,1696,3981
31600.94,19,1696,3981
31610.07,19,1696,3981
31610.21,19,1696,3981
31610.35,19,1696,3981
31610.49,19,1696,3981
31610.64,19,1696,3981
31610.77,19,1696,3981
31610.90,19,1696,3981
31620.02,19,1696,3981
31620.16,19,1696,3981
31620.31,19,1696,3981
31620.45,19,1696,3981
31620.59,19,1696,3981
31620.73,19,1696,3981
31620.87,19,1696,3981
31630.07,19,1696,3981
31630.20,19,1696,3981
31630.34,19,1696,3981
31630.48,19,1696,3981
31630.63,19,1696,3981
31630.76,19,1696,3981
31630.89,19,1696,3981
31640.06,18,1696,3982
31640.20,18,1696,3982
31640.34,18,1696,3982
31640.47,18,1696,3982
31640.61,18,1696,3982
31640.75,18,1696,3982
31640.88,18,1696,3982
31650.08,18,1696,3982
31650.22,18,1696,3982
31650.36,18,1696,3982
31650.50,18,1696,3982
31650.65,18,1696,3982
31650.79,18,1696,3982
31650.93,18,1696,3982
31660.10,18,1696,3982
31660.24,18,1696,3982
31660.39,18,1696,3982
31660.52,18,1696,3982
31660.65,18,1696,3982
31660.79,18,1696,3982
31660.94,18,1696,3982
31670.07,18,1696,3982
31670.20,18,1696,3982
31670.33,18,1696,3982
31670.47,18,1696,3982
31670.61,18,1696,3982
31670.75,18,1696,3982
31670.89,18,1696,3982
31680.06,7,1696,3993
31680.20,7,1696,3993
31680.33,7,1696,3993
31680.47,7,1696,3993
31680.61,7,1696,3993
31680.75,6,1696,3994
31680.88,6,1696,3994
31690.02,5,1696,3995
31690.16,5,1696,3995
31690.30,5,1696,3995
31690.43,5,1696,3995
31690.57,5,1696,3995
31690.70,5,1696,3995
31690.84,5,1696,3995
31690.97,5,1696,3995
31700.09,15,1696,3996
31700.24,15,1696,3996
31700.36,15,1696,3996
31700.50,15,1696,3996
31700.65,15,1696,3996
31700.78,15,1696,3996
31700.91,15,1696,3996
31710.05,18,1699,3996
31710.19,18,1699,3996
31710.33,18,1699,3996
31710.49,18,1699,3996
31710.63,18,1699,3996
31710.77,18,1699,3996
31710.90,18,1699,3996
31720.07,20,1701,3996
31720.21,20,1701,3996
31720.35,20,1701,3996
31720.49,20,1701,3996
31720.63,20,1701,3996
31720.78,20,1701,3996
31720.92,20,1701,3996
31730.13,21,1702,3996
31730.27,21,1702,3996
31730.41,21,1702,3996
31730.55,21,1702,3996
31730.69,21,1702,3996
31730.82,22,1703,3996
31730.97,22,1703,3996
31740.13,23,1704,3996
31740.27,23,1704,3996
31740.41,23,1704,3996
31740.55,23,1704,3996
31740.69,23,1704,3996
31740.83,23,1704,3996
31740.96,23,1704,3996
31750.02,23,1704,3996
31750.15,23,1704,3996
31750.29,23,1704,3996
31750.43,23,1704,3996
31750.57,23,1704,3996
31750.72,23,1704,3996
31750.86,23,1704,3996
31750.99,23,1704,3996
31760.11,23,1704,3996
31760.25,23,1704,3996
31760.39,23,1704,3996
31760.53,23,1704,3996
31760.67,23,1704,3996
31760.82,23,1704,3996
31760.96,23,1704,3996
31770.14,23,1704,3996
31770.28,23,1704,3996
31770.41,23,1704,3996
31770.55,23,1704,3996
31770.69,23,1704,3996
31770.84,23,1704,3996
31770.98,23,1704,3996
31780.05,23,1704,3996
31780.19,23,1704,3996
31780.33,23,1704,3996
31780.48,23,1704,3996
31780.62,23,1704,3996
31780.75,23,1704,3996
31780.89,23,1704,3996
31790.09,22,1704,3997
31790.23,22,1704,3997
31790.38,22,1704,3997
31790.52,22,1704,3997
31790.66,22,1704,3997
31790.80,22,1704,3997
31790.94,22,1704,3997
31800.04,21,1704,3998
31800.18,21,1704,3998
31800.31,21,1704,3998
31800.45,21,1704,3998
31800.59,21,1704,3998
31800.73,21,1704,3998
31800.87,21,1704,3998
31810.01,20,1704,3999
31810.15,20,1704,3999
31810.29,20,1704,3999
31810.44,20,1704,3999
31810.58,20,1704,3999
31810.72,20,1704,3999
31810.86,20,1704,3999
31820.12,19,1704,4000
31820.26,19,1704,4000
31820.40,19,1704,4000
31820.54,19,1704,4000
31820.68,19,1704,4000
31820.82,19,1704,4000
31820.97,19,1704,4000
31830.07,19,1704,4000
31830.21,19,1704,4000
31830.35,19,1704,4000
31830.48,19,1704,4000
31830.62,19,1704,4000
31830.77,19,1704,4000
31830.91,19,1704,4000
31840.08,19,1704,4000
31840.23,19,1704,4000
31840.37,19,1704,4000
31840.51,19,1704,4000
31840.64,19,1704,4000
31840.78,19,1704,4000
31840.92,19,1704,4000
31850.09,19,1704,4000
31850.22,19,1704,4000
31850.35,19,1704,4000
31850.49,19,1704,4000
31850.62,19,1704,4000
31850.76,19,1704,4000
31850.90,19,1704,4000
31860.04,19,1704,4000
31860.18,19,1704,4000
31860.31,19,1704,4000
31860.44,19,1704,4000
31860.58,19,1704,4000
31860.72,19,1704,4000
31860.86,19,1704,4000
31861.00,19,1704,4000
31870.12,7,1704,4012
31870.27,7,1704,4012
31870.39,7,1704,4012
31870.53,6,1704,4013
31870.66,6,1704,4013
31870.80,6,1704,4013
31870.93,6,1704,4013
31880.09,5,1704,4014
31880.22,5,1704,4014
31880.35,5,1704,4014
31880.49,5,1704,4014
31880.64,5,1704,4014
31880.76,5,1704,4014
31880.89,5,1704,4014
31890.05,16,1706,4016
31890.18,16,1706,4016
31890.31,16,1706,4016
31890.44,16,1706,4016
31890.59,16,1706,4016
31890.73,16,1706,4016
31890.86,16,1706,4016
31891.00,16,1706,4016
31900.02,19,1709,4016
31900.16,19,1709,4016
31900.31,19,1709,4016
31900.45,19,1709,4016
31900.59,19,1709,4016
31900.73,19,1709,4016
31900.87,19,1709,4016
31910.09,21,1711,4016
31910.23,21,1711,4016
31910.36,21,1711,4016
31910.50,21,1711,4016
31910.64,21,1711,4016
31910.78,21,1711,4016
31910.93,21,1711,4016
31920.04,21,1711,4016
31920.18,21,1711,4016
31920.31,21,1711,4016
31920.45,21,1711,4016
31920.59,21,1711,4016
31920.72,21,1711,4016
31920.85,21,1711,4016
31920.98,21,1711,4016
31930.13,21,1711,4016
31930.26,21,1711,4016
31930.41,21,1711,4016
31930.55,21,1711,4016
31930.69,21,1711,4016
31930.84,21,1711,4016
31930.98,21,1711,4016
31940.01,23,1713,4016
31940.15,23,1713,4016
31940.28,23,1713,4016
31940.42,23,1713,4016
31940.56,23,1713,4016
31940.71,23,1713,4016
31940.85,23,1713,4016
31940.99,23,1713,4016
31950.11,23,1713,4016
31950.25,23,1713,4016
31950.39,23,1713,4016
31950.53,23,1713,4016
31950.66,23,1713,4016
31950.81,23,1713,4016
31950.95,23,1713,4016
31960.13,23,1713,4016
31960.26,23,1713,4016
31960.40,23,1713,4016
31960.54,23,1713,4016
31960.67,23,1713,4016
31960.81,23,1713,4016
31960.94,23,1713,4016
31970.11,23,1713,4016
31970.26,23,1713,4016
31970.39,23,1713,4016
31970.52,23,1713,4016
31970.65,23,1713,4016
31970.79,23,1713,4016
31970.93,23,1713,4016
31980.03,22,1713,4017
31980.16,22,1713,4017
31980.29,22,1713,4017
31980.44,22,1713,4017
31980.58,22,1713,4017
31980.72,22,1713,4017
31980.87,22,1713,4017
31990.10,22,1713,4017
31990.24,22,1713,4017
31990.37,22,1713,4017
31990.50,22,1713,4017
31990.64,22,1713,4017
31990.77,22,1713,4017
31990.90,22,1713,4017
32000.07,22,1713,4017
32000.21,22,1713,4017
32000.34,22,1713,4017
32000.48,22,1713,4017
32000.63,22,1713,4017
32000.77,22,1713,4017
32000.90,22,1713,4017
32010.08,21,1713,4018
32010.22,21,1713,4018
32010.36,21,1713,4018
32010.50,21,1713,4018
32010.64,21,1713,4018
32010.78,21,1713,4018
32010.93,21,1713,4018
32020.10,20,1713,4019
32020.24,20,1713,4019
32020.37,20,1713,4019
32020.52,20,1713,4019
32020.66,20,1713,4019
32020.79,20,1713,4019
32020.93,20,1713,4019
32030.02,20,1713,4019
32030.15,20,1713,4019
32030.29,20,1713,4019
32030.42,20,1713,4019
32030.55,20,1713,4019
32030.69,20,1713,4019
32030.82,20,1713,4019
32030.96,20,1713,4019
32040.01,20,1713,4019
32040.15,20,1713,4019
32040.31,20,1713,4019
32040.45,20,1713,4019
32040.58,20,1713,4019
32040.72,20,1713,4019
32040.87,20,1713,4019
32050.08,8,1713,4031
32050.22,8,1713,4031
32050.36,8,1713,4031
32050.49,8,1713,4031
32050.62,8,1713,4031
32050.75,8,1713,4031
32050.88,8,1713,4031
32060.01,5,1713,4034
32060.15,5,1713,4034
32060.29,5,1713,4034
32060.42,5,1713,4034
32060.56,5,1713,4034
32060.69,5,1713,4034
32060.82,5,1713,4034
32060.96,5,1713,4034
32070.08,15,1713,4035
32070.21,15,1713,4035
32070.34,15,1713,4035
32070.48,15,1713,4035
32070.61,15,1713,4035
32070.74,15,1713,4035
32070.87,15,1713,4035
32080.05,18,1717,4036
32080.18,18,1717,4036
32080.32,18,1717,4036
32080.46,18,1717,4036
32080.59,18,1717,4036
32080.72,18,1717,4036
32080.85,18,1717,4036
32080.98,18,1717,4036
32090.01,20,1719,4036
32090.15,20,1719,4036
32090.29,20,1719,4036
32090.43,20,1719,4036
32090.56,20,1719,4036
32090.69,20,1719,4036
32090.83,20,1719,4036
32090.96,21,1720,4036
32100.11,21,1721,4037
32100.24,22,1722,4037
32100.37,22,1722,4037
32100.50,22,1722,4037
32100.64,22,1722,4037
32100.77,22,1722,4037
32100.91,22,1722,4037
32110.01,22,1722,4037
32110.14,22,1722,4037
32110.27,22,1722,4037
32110.40,22,1722,4037
32110.53,22,1722,4037
32110.67,22,1722,4037
32110.80,22,1722,4037
32110.93,22,1722,4037
32120.07,22,1722,4037
32120.20,22,1722,4037
32120.34,22,1722,4037
32120.47,22,1722,4037
32120.60,22,1722,4037
32120.74,22,1722,4037
32120.87,22,1722,4037
32121.00,22,1722,4037
32130.10,22,1722,4037
32130.24,22,1722,4037
32130.37,22,1722,4037
32130.51,22,1722,4037
32130.64,22,1722,4037
32130.77,22,1722,4037
32130.90,22,1722,4037
32140.03,22,1722,4037
32140.16,22,1722,4037
32140.29,22,1722,4037
32140.43,22,1722,4037
32140.56,22,1722,4037
32140.69,22,1722,4037
32140.82,22,1722,4037
32140.95,22,1722,4037
32150.05,22,1722,4037
32150.19,22,1722,4037
32150.33,22,1722,4037
32150.47,22,1722,4037
32150.60,22,1722,4037
32150.73,22,1722,4037
32150.86,22,1722,4037
32151.00,22,1722,4037
32160.08,22,1722,4037
32160.21,22,1722,4037
32160.34,22,1722,4037
32160.47,22,1722,4037
32160.61,22,1722,4037
32160.74,22,1722,4037
32160.87,22,1722,4037
32170.03,21,1722,4038
32170.16,21,1722,4038
32170.30,21,1722,4038
32170.44,21,1722,4038
32170.57,21,1722,4038
32170.70,21,1722,4038
32170.83,21,1722,4038
32170.98,21,1722,4038
32180.10,21,1722,4038
32180.24,21,1722,4038
32180.37,21,1722,4038
32180.50,21,1722,4038
32180.64,21,1722,4038
32180.78,21,1722,4038
32180.91,21,1722,4038
32190.01,21,1722,4038
32190.14,21,1722,4038
32190.27,21,1722,4038
32190.41,21,1722,4038
32190.54,21,1722,4038
32190.67,21,1722,4038
32190.80,21,1722,4038
32190.94,21,1722,4038
32200.08,21,1722,4038
32200.21,21,1722,4038
32200.35,21,1722,4038
32200.48,21,1722,4038
32200.61,21,1722,4038
32200.74,21,1722,4038
32200.87,21,1722,4038
32201.00,21,1722,4038
32210.05,20,1722,4039
32210.19,20,1722,4039
32210.32,20,1722,4039
32210.45,20,1722,4039
32210.58,20,1722,4039
32210.72,20,1722,4039
32210.85,20,1722,4039
32210.98,20,1722,4039
32220.02,20,1722,4039
32220.15,20,1722,4039
32220.28,20,1722,4039
32220.41,20,1722,4039
32220.55,20,1722,4039
32220.68,20,1722,4039
32220.81,20,1722,4039
32220.95,20,1722,4039
32230.06,9,1722,4050
32230.19,9,1722,4050
32230.32,9,1722,4050
32230.45,9,1722,4050
32230.59,9,1722,4050
32230.72,9,1722,4050
32230.84,9,1722,4050
32230.97,9,1722,4050
32240.02,5,1722,4054
32240.16,5,1722,4054
32240.29,5,1722,4054
32240.42,5,1722,4054
32240.55,5,1722,4054
32240.68,5,1722,4054
32240.81,5,1722,4054
32240.94,5,1722,4054
32250.13,16,1724,4056
32250.26,16,1724,4056
32250.39,16,1724,4056
32250.52,16,1724,4056
32250.65,16,1724,4056
32250.78,16,1724,4056
32250.91,16,1724,4056
32260.08,18,1727,4057
32260.21,18,1727,4057
32260.34,18,1727,4057
32260.47,18,1727,4057
32260.61,18,1727,4057
32260.74,18,1727,4057
32260.87,18,1727,4057
32261.00,18,1727,4057
32270.08,19,1728,4057
32270.21,19,1728,4057
32270.35,19,1728,4057
32270.48,19,1728,4057
32270.61,19,1728,4057
32270.74,19,1728,4057
32270.88,19,1728,4057
32280.07,20,1729,4057
32280.20,20,1729,4057
32280.33,20,1729,4057
32280.47,20,1729,4057
32280.60,20,1729,4057
32280.73,20,1729,4057
32280.86,20,1729,4057
32281.00,20,1729,4057
32290.13,20,1729,4057
32290.26,20,1729,4057
32290.39,20,1729,4057
32290.52,20,1729,4057
32290.65,20,1729,4057
32290.79,20,1729,4057
32290.92,20,1729,4057
32300.05,20,1729,4057
32300.18,20,1729,4057
32300.31,20,1729,4057
32300.44,20,1729,4057
32300.58,20,1729,4057
32300.71,20,1729,4057
32300.84,20,1729,4057
32300.97,20,1729,4057
32310.08,20,1729,4057
32310.22,20,1729,4057
32310.35,20,1729,4057
32310.48,20,1729,4057
32310.62,20,1729,4057
32310.75,20,1729,4057
32310.88,20,1729,4057
32320.01,20,1729,4057
32320.16,20,1729,4057
32320.29,20,1729,4057
32320.42,20,1729,4057
32320.55,20,1729,4057
32320.69,20,1729,4057
32320.82,20,1729,4057
32320.95,20,1729,4057
32330.07,20,1729,4057
32330.20,20,1729,4057
32330.34,20,1729,4057
32330.48,20,1729,4057
32330.61,20,1729,4057
32330.74,20,1729,4057
32330.88,20,1729,4057
32340.12,20,1729,4057
32340.25,20,1729,4057
32340.38,20,1729,4057
32340.51,20,1729,4057
32340.65,20,1729,4057
32340.78,20,1729,4057
32340.91,20,1729,4057
32350.04,20,1729,4057
32350.18,20,1729,4057
32350.31,20,1729,4057
32350.44,20,1729,4057
32350.57,20,1729,4057
32350.70,20,1729,4057
32350.84,20,1729,4057
32350.97,20,1729,4057
32360.10,19,1729,4058
32360.23,19,1729,4058
32360.37,19,1729,4058
32360.50,19,1729,4058
32360.63,19,1729,4058
32360.76,19,1729,4058
32360.89,19,1729,4058
32370.13,18,1729,4059
32370.26,18,1729,4059
32370.39,18,1729,4059
32370.52,18,1729,4059
32370.65,18,1729,4059
32370.79,18,1729,4059
32370.92,18,1729,4059
32380.12,18,1729,4059
32380.25,18,1729,4059
32380.38,18,1729,4059
32380.51,18,1729,4059
32380.65,18,1729,4059
32380.78,18,1729,4059
32380.91,18,1729,4059
32390.01,18,1729,4059
32390.14,18,1729,4059
32390.27,18,1729,4059
32390.40,18,1729,4059
32390.53,18,1729,4059
32390.67,18,1729,4059
32390.80,18,1729,4059
32390.93,18,1729,4059
32400.05,18,1729,4059
32400.18,18,1729,4059
32400.31,18,1729,4059
32400.44,18,1729,4059
32400.58,18,1729,4059
32400.71,18,1729,4059
32400.84,18,1729,4059
32400.97,18,1729,4059
32410.12,7,1729,4070
32410.25,7,1729,4070
32410.38,7,1729,4070
32410.51,7,1729,4070
32410.64,7,1729,4070
32410.77,6,1729,4071
32410.90,6,1729,4071
32420.05,15,1729,4073
32420.18,15,1729,4073
32420.31,15,1729,4073
32420.44,15,1729,4073
32420.58,15,1729,4073
32420.71,15,1729,4073
32420.84,15,1729,4073
32420.97,15,1729,4073
32430.07,17,1731,4073
32430.20,17,1731,4073
32430.33,17,1731,4073
32430.46,17,1731,4073
32430.60,17,1731,4073
32430.73,17,1731,4073
32430.86,17,1731,4073
32430.99,17,1731,4073
32440.09,20,1734,4073
32440.22,20,1734,4073
32440.35,20,1734,4073
32440.49,20,1734,4073
32440.62,20,1734,4073
32440.75,20,1734,4073
32440.89,20,1734,4073
32450.02,21,1735,4073
32450.15,21,1735,4073
32450.29,21,1735,4073
32450.42,21,1735,4073
32450.55,21,1735,4073
32450.68,21,1735,4073
32450.82,21,1735,4073
32450.95,21,1735,4073
32460.06,21,1735,4073
32460.20,22,1736,4073
32460.33,22,1736,4073
32460.46,22,1736,4073
32460.60,22,1736,4073
32460.73,22,1736,4073
32460.86,22,1736,4073
32461.00,22,1736,4073
32470.03,23,1737,4073
32470.16,23,1737,4073
32470.30,23,1737,4073
32470.43,23,1737,4073
32470.56,23,1737,4073
32470.69,23,1737,4073
32470.83,23,1737,4073
32470.96,23,1737,4073
32480.10,23,1737,4073
32480.23,23,1737,4073
32480.37,23,1737,4073
32480.50,23,1737,4073
32480.63,23,1737,4073
32480.76,23,1737,4073
32480.90,23,1737,4073
32490.06,23,1737,4073
32490.19,23,1737,4073
32490.32,23,1737,4073
32490.46,23,1737,4073
32490.59,23,1737,4073
32490.73,23,1737,4073
32490.86,23,1737,4073
32490.99,23,1737,4073
32500.09,23,1737,4073
32500.24,23,1737,4073
32500.38,23,1737,4073
32500.51,23,1737,4073
32500.64,23,1737,4073
32500.77,23,1737,4073
32500.91,23,1737,4073
32510.04,21,1737,4075
32510.17,21,1737,4075
32510.30,21,1737,4075
32510.43,21,1737,4075
32510.57,21,1737,4075
32510.70,21,1737,4075
32510.83,21,1737,4075
32510.96,21,1737,4075
32520.11,21,1737,4075
32520.25,21,1737,4075
32520.38,21,1737,4075
32520.51,21,1737,4075
32520.64,21,1737,4075
32520.77,21,1737,4075
32520.91,21,1737,4075
32530.02,20,1737,4076
32530.16,20,1737,4076
32530.29,20,1737,4076
32530.42,20,1737,4076
32530.56,20,1737,4076
32530.69,20,1737,4076
32530.82,20,1737,4076
32530.95,20,1737,4076
32540.09,20,1737,4076
32540.23,20,1737,4076
32540.36,20,1737,4076
32540.49,19,1737,4077
32540.63,19,1737,4077
32540.76,19,1737,4077
32540.89,19,1737,4077
32550.12,19,1737,4077
32550.26,19,1737,4077
32550.39,19,1737,4077
32550.53,19,1737,4077
32550.66,19,1737,4077
32550.79,19,1737,4077
32550.92,19,1737,4077
32560.06,19,1737,4077
32560.19,19,1737,4077
32560.32,19,1737,4077
32560.45,19,1737,4077
32560.59,19,1737,4077
32560.72,19,1737,4077
32560.85,19,1737,4077
32560.99,19,1737,4077
32570.09,19,1737,4077
32570.23,19,1737,4077
32570.36,19,1737,4077
32570.49,19,1737,4077
32570.65,19,1737,4077
32570.78,19,1737,4077
32570.91,19,1737,4077
32580.02,9,1737,4087
32580.15,9,1737,4087
32580.28,9,1737,4087
32580.41,9,1737,4087
32580.54,9,1737,4087
32580.67,9,1737,4087
32580.80,9,1737,4087
32580.93,9,1737,4087
32590.11,7,1737,4089
32590.25,7,1737,4089
32590.38,7,1737,4089
32590.51,7,1737,4089
32590.64,7,1737,4089
32590.77,7,1737,4089
32590.90,7,1737,4089
32600.03,5,1737,4091
32600.17,5,1737,4091
32600.30,5,1737,4091
32600.43,5,1737,4091
32600.56,5,1737,4091
32600.69,5,1737,4091
32600.82,5,1737,4091
32600.95,5,1737,4091
32610.07,20,1742,4092
32610.20,20,1742,4092
32610.33,20,1742,4092
32610.46,20,1742,4092
32610.60,20,1742,4092
32610.73,20,1742,4092
32610.86,20,1742,4092
32611.00,20,1742,4092
32620.07,20,1743,4093
32620.20,20,1743,4093
32620.34,20,1743,4093
32620.47,20,1743,4093
32620.60,20,1743,4093
32620.74,20,1743,4093
32620.87,20,1743,4093
32630.05,21,1744,4093
32630.18,21,1744,4093
32630.31,21,1744,4093
32630.44,21,1744,4093
32630.58,21,1744,4093
32630.71,21,1744,4093
32630.84,21,1744,4093
32630.98,21,1744,4093
32640.12,21,1744,4093
32640.25,21,1744,4093
32640.39,21,1744,4093
32640.52,21,1744,4093
32640.65,21,1744,4093
32640.78,21,1744,4093
32640.94,21,1744,4093
32650.08,21,1744,4093
32650.21,21,1744,4093
32650.35,21,1744,4093
32650.48,21,1744,4093
32650.61,21,1744,4093
32650.75,21,1744,4093
32650.88,21,1744,4093
32660.05,21,1744,4093
32660.18,21,1744,4093
32660.32,21,1744,4093
32660.45,21,1744,4093
32660.58,21,1744,4093
32660.71,21,1744,4093
32660.85,21,1744,4093
32660.98,21,1744,4093
32670.13,21,1744,4093
32670.26,21,1744,4093
32670.39,21,1744,4093
32670.53,21,1744,4093
32670.66,21,1744,4093
32670.79,21,1744,4093
32670.93,21,1744,4093
32680.09,21,1744,4093
32680.22,21,1744,4093
32680.35,21,1744,4093
32680.49,21,1744,4093
32680.62,21,1744,4093
32680.75,21,1744,4093
32680.89,21,1744,4093
32690.03,20,1744,4094
32690.16,20,1744,4094
32690.30,20,1744,4094
32690.43,20,1744,4094
32690.56,20,1744,4094
32690.69,20,1744,4094
32690.83,20,1744,4094
32690.96,20,1744,4094
32700.12,20,1744,4094
32700.26,20,1744,4094
32700.39,20,1744,4094
32700.52,20,1744,4094
32700.66,20,1744,4094
32700.79,20,1744,4094
32700.92,20,1744,4094
32710.06,19,1744,4095
32710.20,19,1744,4095
32710.33,19,1744,4095
32710.47,19,1744,4095
32710.60,19,1744,4095
32710.73,19,1744,4095
32710.86,19,1744,4095
32711.00,19,1744,4095
32720.03,19,1744,4095
32720.16,19,1744,4095
32720.29,19,1744,4095
32720.43,19,1744,4095
32720.56,19,1744,4095
32720.69,19,1744,4095
32720.83,19,1744,4095
32720.96,19,1744,4095
32730.11,18,1744,4096
32730.24,18,1744,4096
32730.38,18,1744,4096
32730.51,18,1744,4096
32730.64,18,1744,4096
32730.77,18,1744,4096
32730.91,18,1744,4096
32740.04,18,1744,4096
32740.17,18,1744,4096
32740.30,18,1744,4096
32740.43,18,1744,4096
32740.57,18,1744,4096
32740.70,18,1744,4096
32740.83,18,1744,4096
32740.97,18,1744,4096
32750.11,18,1744,4096
32750.25,18,1744,4096
32750.38,18,1744,4096
32750.51,18,1744,4096
32750.64,18,1744,4096
32750.78,18,1744,4096
32750.91,18,1744,4096
32760.10,18,1744,4096
32760.24,18,1744,4096
32760.37,18,1744,4096
32760.50,18,1744,4096
32760.63,18,1744,4096
32760.76,18,1744,4096
32760.90,18,1744,4096
32770.08,5,1744,4109
32770.21,5,1744,4109
32770.34,5,1744,4109
32770.47,5,1744,4109
32770.60,5,1744,4109
32770.73,5,1744,4109
32770.87,5,1744,4109
32771.00,5,1744,4109
32780.05,16,1745,4110
32780.18,16,1745,4110
32780.32,16,1745,4110
32780.45,16,1745,4110
32780.58,16,1745,4110
32780.72,16,1745,4110
32780.85,16,1745,4110
32780.98,16,1745,4110
32790.01,19,1748,4110
32790.15,19,1748,4110
32790.28,19,1748,4110
32790.41,19,1748,4110
32790.55,19,1748,4110
32790.68,19,1748,4110
32790.81,19,1748,4110
32790.95,19,1748,4110
32800.13,21,1750,4110
32800.26,21,1750,4110
32800.39,21,1750,4110
32800.52,21,1750,4110
32800.66,21,1750,4110
32800.79,21,1750,4110
32800.92,21,1750,4110
32810.09,22,1751,4110
32810.23,22,1751,4110
32810.36,22,1751,4110
32810.49,22,1751,4110
32810.63,22,1751,4110
32810.76,22,1751,4110
32810.89,22,1751,4110
32820.10,22,1751,4110
32820.24,22,1751,4110
32820.37,22,1751,4110
32820.51,22,1751,4110
32820.64,22,1751,4110
32820.77,22,1751,4110
32820.91,22,1751,4110
32830.09,23,1752,4110
32830.23,23,1752,4110
32830.36,23,1752,4110
32830.49,23,1752,4110
32830.63,23,1752,4110
32830.76,23,1752,4110
32830.89,23,1752,4110
32840.12,23,1752,4110
32840.25,23,1752,4110
32840.38,23,1752,4110
32840.52,23,1752,4110
32840.65,23,1752,4110
32840.78,23,1752,4110
32840.92,23,1752,4110
32850.10,23,1752,4110
32850.23,23,1752,4110
32850.36,23,1752,4110
32850.50,23,1752,4110
32850.63,23,1752,4110
32850.76,23,1752,4110
32850.90,23,1752,4110
32860.11,23,1752,4110
32860.24,23,1752,4110
32860.37,23,1752,4110
32860.51,23,1752,4110
32860.64,23,1752,4110
32860.78,23,1752,4110
32860.91,23,1752,4110
32870.09,21,1752,4112
32870.22,21,1752,4112
32870.36,21,1752,4112
32870.52,21,1752,4112
32870.65,21,1752,4112
32870.78,21,1752,4112
32870.92,21,1752,4112
32880.12,20,1752,4113
32880.25,20,1752,4113
32880.38,20,1752,4113
32880.52,20,1752,4113
32880.65,20,1752,4113
32880.78,20,1752,4113
32880.92,20,1752,4113
32890.10,20,1752,4113
32890.23,20,1752,4113
32890.36,19,1752,4114
32890.49,19,1752,4114
32890.63,19,1752,4114
32890.76,19,1752,4114
32890.89,19,1752,4114
32900.05,19,1752,4114
32900.18,19,1752,4114
32900.31,19,1752,4114
32900.45,19,1752,4114
32900.58,19,1752,4114
32900.71,19,1752,4114
32900.85,19,1752,4114
32900.98,19,1752,4114
32910.01,19,1752,4114
32910.14,19,1752,4114
32910.28,19,1752,4114
32910.41,19,1752,4114
32910.54,19,1752,4114
32910.67,19,1752,4114
32910.81,19,1752,4114
32910.94,19,1752,4114
32920.09,19,1752,4114
32920.22,19,1752,4114
32920.36,19,1752,4114
32920.49,19,1752,4114
32920.62,19,1752,4114
32920.75,19,1752,4114
32920.89,19,1752,4114
32930.07,19,1752,4114
32930.21,19,1752,4114
32930.34,19,1752,4114
32930.47,19,1752,4114
32930.60,19,1752,4114
32930.74,19,1752,4114
32930.87,19,1752,4114
32931.00,19,1752,4114
32940.12,7,1752,4126
32940.25,7,1752,4126
32940.39,7,1752,4126
32940.52,7,1752,4126
32940.65,7,1752,4126
32940.78,7,1752,4126
32940.91,7,1752,4126
32950.12,16,1753,4129
32950.26,16,1753,4129
32950.39,16,1753,4129
32950.52,17,1754,4129
32950.66,17,1754,4129
32950.79,16,1754,4130
32950.92,16,1754,4130
32960.14,17,1755,4130
32960.27,17,1755,4130
32960.40,17,1755,4130
32960.53,17,1755,4130
32960.67,17,1755,4130
32960.80,17,1755,4130
32960.93,17,1755,4130
32970.07,17,1755,4130
32970.20,17,1755,4130
32970.33,17,1755,4130
32970.46,17,1755,4130
32970.60,17,1755,4130
32970.73,17,1755,4130
32970.86,17,1755,4130
32971.00,17,1755,4130
32980.05,19,1757,4130
32980.18,19,1757,4130
32980.31,19,1757,4130
32980.45,19,1757,4130
32980.58,19,1757,4130
32980.71,19,1757,4130
32980.84,19,1757,4130
32980.98,19,1757,4130
32990.03,21,1759,4130
32990.17,21,1759,4130
32990.30,21,1759,4130
32990.43,21,1759,4130
32990.56,21,1759,4130
32990.70,21,1759,4130
32990.83,21,1759,4130
32990.96,21,1759,4130
33000.04,21,1759,4130
33000.17,21,1759,4130
33000.31,21,1759,4130
33000.44,21,1759,4130
33000.57,21,1759,4130
33000.71,21,1759,4130
33000.84,21,1759,4130
33000.97,21,1759,4130
33010.09,22,1760,4130
33010.23,22,1760,4130
33010.36,22,1760,4130
33010.50,22,1760,4130
33010.63,22,1760,4130
33010.76,22,1760,4130
33010.90,22,1760,4130
33020.11,22,1760,4130
33020.25,22,1760,4130
33020.39,22,1760,4130
33020.52,22,1760,4130
33020.65,22,1760,4130
33020.79,22,1760,4130
33020.92,22,1760,4130
33030.13,22,1760,4130
33030.26,22,1760,4130
33030.40,22,1760,4130
33030.53,22,1760,4130
33030.66,22,1760,4130
33030.80,22,1760,4130
33030.93,22,1760,4130
33040.13,23,1761,4130
33040.26,23,1761,4130
33040.39,23,1761,4130
33040.53,23,1761,4130
33040.66,23,1761,4130
33040.79,23,1761,4130
33040.93,23,1761,4130
33050.01,23,1761,4130
33050.14,23,1761,4130
33050.28,23,1761,4130
33050.41,23,1761,4130
33050.54,23,1761,4130
33050.67,23,1761,4130
33050.81,23,1761,4130
33050.94,23,1761,4130
33060.09,23,1761,4130
33060.22,23,1761,4130
33060.36,23,1761,4130
33060.49,23,1761,4130
33060.62,23,1761,4130
33060.76,23,1761,4130
33060.89,23,1761,4130
33070.07,21,1761,4132
33070.21,21,1761,4132
33070.34,21,1761,4132
33070.47,21,1761,4132
33070.61,21,1761,4132
33070.74,21,1761,4132
33070.88,21,1761,4132
33080.11,21,1761,4132
33080.25,21,1761,4132
33080.38,21,1761,4132
33080.51,21,1761,4132
33080.65,21,1761,4132
33080.79,21,1761,4132
33080.92,21,1761,4132
33090.13,21,1761,4132
33090.27,21,1761,4132
33090.40,21,1761,4132
33090.53,21,1761,4132
33090.67,21,1761,4132
33090.80,21,1761,4132
33090.93,21,1761,4132
33100.11,20,1761,4133
33100.24,20,1761,4133
33100.38,20,1761,4133
33100.51,20,1761,4133
33100.64,20,1761,4133
33100.78,20,1761,4133
33100.91,20,1761,4133
33110.10,9,1761,4144
33110.24,9,1761,4144
33110.37,9,1761,4144
33110.51,9,1761,4144
33110.64,9,1761,4144
33110.77,9,1761,4144
33110.90,9,1761,4144
33120.01,8,1761,4145
33120.14,8,1761,4145
33120.28,8,1761,4145
33120.41,7,1761,4146
33120.54,7,1761,4146
33120.68,7,1761,4146
33120.81,7,1761,4146
33120.94,7,1761,4146
33130.13,7,1761,4146
33130.27,7,1761,4146
33130.41,7,1761,4146
33130.54,7,1761,4146
33130.67,7,1761,4146
33130.80,7,1761,4146
33130.94,7,1761,4146
33140.02,6,1761,4147
33140.15,5,1761,4148
33140.29,5,1761,4148
33140.43,5,1761,4148
33140.56,5,1761,4148
33140.69,5,1761,4148
33140.82,5,1761,4148
33140.96,5,1761,4148
33150.10,16,1763,4150
33150.23,16,1763,4150
33150.37,16,1763,4150
33150.50,16,1763,4150
33150.63,16,1763,4150
33150.76,16,1763,4150
33150.90,16,1763,4150
33160.08,17,1764,4150
33160.21,17,1764,4150
33160.35,17,1764,4150
33160.49,17,1764,4150
33160.62,18,1765,4150
33160.76,18,1765,4150
33160.89,18,1765,4150
33170.05,19,1767,4151
33170.19,19,1767,4151
33170.32,19,1767,4151
33170.46,19,1767,4151
33170.60,19,1767,4151
33170.73,19,1767,4151
33170.87,19,1767,4151
33171.00,19,1767,4151
33180.13,19,1767,4151
33180.26,19,1767,4151
33180.40,19,1767,4151
33180.54,19,1767,4151
33180.67,19,1767,4151
33180.81,19,1767,4151
33180.94,19,1767,4151
33190.03,21,1769,4151
33190.16,21,1769,4151
33190.29,21,1769,4151
33190.43,21,1769,4151
33190.56,21,1769,4151
33190.70,21,1769,4151
33190.84,21,1769,4151
33190.98,21,1769,4151
33200.04,21,1769,4151
33200.18,21,1769,4151
33200.31,21,1769,4151
33200.45,21,1769,4151
33200.58,21,1769,4151
33200.72,21,1769,4151
33200.86,21,1769,4151
33200.99,21,1769,4151
33210.09,21,1769,4151
33210.22,21,1769,4151
33210.36,21,1769,4151
33210.49,21,1769,4151
33210.62,21,1769,4151
33210.77,21,1769,4151
33210.90,21,1769,4151
33220.10,20,1769,4152
33220.24,20,1769,4152
33220.37,20,1769,4152
33220.50,20,1769,4152
33220.64,20,1769,4152
33220.78,20,1769,4152
33220.91,20,1769,4152
33230.12,21,1770,4152
33230.26,21,1770,4152
33230.39,21,1770,4152
33230.52,21,1770,4152
33230.66,21,1770,4152
33230.80,21,1770,4152
33230.93,21,1770,4152
33240.01,21,1770,4152
33240.14,21,1770,4152
33240.27,21,1770,4152
33240.41,21,1770,4152
33240.54,21,1770,4152
33240.67,21,1770,4152
33240.81,21,1770,4152
33240.95,21,1770,4152
33250.04,21,1770,4152
33250.18,21,1770,4152
33250.31,21,1770,4152
33250.45,21,1770,4152
33250.58,21,1770,4152
33250.72,21,1770,4152
33250.85,21,1770,4152
33250.99,21,1770,4152
33260.09,21,1770,4152
33260.22,21,1770,4152
33260.36,21,1770,4152
33260.49,21,1770,4152
33260.65,21,1770,4152
33260.78,21,1770,4152
33260.92,21,1770,4152
33270.06,21,1770,4152
33270.20,21,1770,4152
33270.33,21,1770,4152
33270.47,21,1770,4152
33270.60,21,1770,4152
33270.73,21,1770,4152
33270.87,21,1770,4152
33280.11,21,1770,4152
33280.24,21,1770,4152
33280.38,21,1770,4152
33280.51,21,1770,4152
33280.65,21,1770,4152
33280.78,21,1770,4152
33280.91,21,1770,4152
33290.13,21,1770,4152
33290.26,21,1770,4152
33290.39,21,1770,4152
33290.53,21,1770,4152
33290.66,21,1770,4152
33290.79,21,1770,4152
33290.93,21,1770,4152
33300.04,20,1770,4153
33300.18,20,1770,4153
33300.31,20,1770,4153
33300.44,20,1770,4153
33300.58,20,1770,4153
33300.71,20,1770,4153
33300.84,20,1770,4153
33300.98,20,1770,4153
33310.13,8,1770,4165
33310.26,8,1770,4165
33310.39,8,1770,4165
33310.53,8,1770,4165
33310.66,8,1770,4165
33310.79,8,1770,4165
33310.92,8,1770,4165
33320.05,7,1770,4166
33320.19,7,1770,4166
33320.32,7,1770,4166
33320.45,7,1770,4166
33320.58,7,1770,4166
33320.71,7,1770,4166
33320.85,7,1770,4166
33320.98,7,1770,4166
33330.08,15,1770,4169
33330.21,15,1770,4169
33330.34,15,1770,4169
33330.47,15,1770,4169
33330.61,15,1770,4169
33330.74,16,1771,4169
33330.88,16,1771,4169
33340.03,18,1773,4169
33340.17,18,1773,4169
33340.30,18,1773,4169
33340.44,18,1773,4169
33340.57,18,1773,4169
33340.71,18,1773,4169
33340.84,18,1773,4169
33340.98,18,1773,4169
33350.02,16,1773,4171
33350.15,16,1773,4171
33350.29,16,1773,4171
33350.42,16,1773,4171
33350.55,16,1773,4171
33350.69,16,1773,4171
33350.82,16,1773,4171
33350.96,16,1773,4171
33360.12,18,1775,4171
33360.26,18,1775,4171
33360.40,18,1775,4171
33360.53,18,1775,4171
33360.66,18,1775,4171
33360.80,18,1775,4171
33360.93,18,1775,4171
33370.13,19,1776,4171
33370.27,19,1776,4171
33370.41,19,1776,4171
33370.54,19,1776,4171
33370.68,19,1776,4171
33370.81,19,1776,4171
33370.94,19,1776,4171
33380.12,20,1777,4171
33380.25,20,1777,4171
33380.39,20,1777,4171
33380.52,20,1777,4171
33380.66,20,1777,4171
33380.79,20,1777,4171
33380.93,20,1777,4171
33390.12,21,1778,4171
33390.26,21,1778,4171
33390.39,21,1778,4171
33390.53,21,1778,4171
33390.66,21,1778,4171
33390.80,21,1778,4171
33390.94,21,1778,4171
33400.13,21,1778,4171
33400.27,21,1778,4171
33400.40,21,1778,4171
33400.54,21,1778,4171
33400.67,21,1778,4171
33400.81,21,1778,4171
33400.95,21,1778,4171
33410.02,21,1778,4171
33410.16,21,1778,4171
33410.29,21,1778,4171
33410.43,21,1778,4171
33410.56,21,1778,4171
33410.70,21,1778,4171
33410.83,21,1778,4171
33410.97,21,1778,4171
33420.01,20,1778,4172
33420.15,20,1778,4172
33420.28,20,1778,4172
33420.42,20,1778,4172
33420.55,20,1778,4172
33420.69,20,1778,4172
33420.82,20,1778,4172
33420.96,20,1778,4172
33430.04,20,1778,4172
33430.17,20,1778,4172
33430.31,20,1778,4172
33430.44,20,1778,4172
33430.58,20,1778,4172
33430.72,20,1778,4172
33430.85,20,1778,4172
33430.99,20,1778,4172
33440.07,20,1778,4172
33440.21,20,1778,4172
33440.34,20,1778,4172
33440.48,20,1778,4172
33440.61,20,1778,4172
33440.75,20,1778,4172
33440.88,20,1778,4172
33450.05,20,1778,4172
33450.18,20,1778,4172
33450.32,20,1778,4172
33450.45,20,1778,4172
33450.59,20,1778,4172
33450.72,20,1778,4172
33450.86,20,1778,4172
33450.99,20,1778,4172
33460.06,20,1778,4172
33460.19,20,1778,4172
33460.33,20,1778,4172
33460.46,20,1778,4172
33460.60,20,1778,4172
33460.73,20,1778,4172
33460.87,20,1778,4172
33461.00,20,1778,4172
33470.06,20,1778,4172
33470.19,20,1778,4172
33470.33,20,1778,4172
33470.46,20,1778,4172
33470.60,20,1778,4172
33470.73,20,1778,4172
33470.87,20,1778,4172
33471.00,20,1778,4172
33480.05,20,1778,4172
33480.19,20,1778,4172
33480.32,20,1778,4172
33480.46,20,1778,4172
33480.59,20,1778,4172
33480.73,20,1778,4172
33480.86,20,1778,4172
33481.00,20,1778,4172
33490.05,20,1778,4172
33490.18,20,1778,4172
33490.32,20,1778,4172
33490.45,20,1778,4172
33490.59,20,1778,4172
33490.72,20,1778,4172
33490.86,20,1778,4172
33490.99,20,1778,4172
33500.10,6,1778,4186
33500.24,6,1778,4186
33500.37,6,1778,4186
33500.51,6,1778,4186
33500.64,6,1778,4186
33500.78,6,1778,4186
33500.91,6,1778,4186
33510.12,6,1778,4186
33510.25,6,1778,4186
33510.39,6,1778,4186
33510.52,6,1778,4186
33510.65,6,1778,4186
33510.79,6,1778,4186
33510.92,6,1778,4186
33520.01,5,1778,4187
33520.14,5,1778,4187
33520.27,5,1778,4187
33520.41,5,1778,4187
33520.54,5,1778,4187
33520.67,5,1778,4187
33520.81,15,1778,4188
33520.94,15,1778,4188
33530.14,19,1782,4188
33530.28,19,1782,4188
33530.41,19,1782,4188
33530.55,19,1782,4188
33530.68,19,1782,4188
33530.82,19,1782,4188
33530.95,19,1782,4188
33540.14,21,1784,4188
33540.27,21,1784,4188
33540.41,21,1784,4188
33540.55,21,1784,4188
33540.68,21,1784,4188
33540.82,20,1784,4189
33540.95,20,1784,4189
33550.03,21,1785,4189
33550.17,21,1785,4189
33550.30,21,1785,4189
33550.44,21,1785,4189
33550.58,21,1785,4189
33550.71,21,1785,4189
33550.85,21,1785,4189
33550.98,21,1785,4189
33560.06,22,1786,4189
33560.19,22,1786,4189
33560.33,22,1786,4189
33560.47,22,1786,4189
33560.61,22,1786,4189
33560.75,22,1786,4189
33560.88,22,1786,4189
33570.12,23,1787,4189
33570.26,23,1787,4189
33570.39,23,1787,4189
33570.53,23,1787,4189
33570.66,23,1787,4189
33570.80,23,1787,4189
33570.94,23,1787,4189
33580.10,23,1787,4189
33580.23,23,1787,4189
33580.37,23,1787,4189
33580.50,23,1787,4189
33580.64,23,1787,4189
33580.77,23,1787,4189
33580.91,23,1787,4189
33590.01,23,1787,4189
33590.15,23,1787,4189
33590.29,23,1787,4189
33590.42,23,1787,4189
33590.56,23,1787,4189
33590.70,23,1787,4189
33590.83,23,1787,4189
33590.97,23,1787,4189
33600.07,24,1788,4189
33600.21,24,1788,4189
33600.35,24,1788,4189
33600.49,24,1788,4189
33600.62,24,1788,4189
33600.76,24,1788,4189
33600.89,24,1788,4189
33610.13,23,1788,4190
33610.27,23,1788,4190
33610.41,23,1788,4190
33610.54,23,1788,4190
33610.68,23,1788,4190
33610.81,23,1788,4190
33610.95,23,1788,4190
33620.08,23,1788,4190
33620.21,23,1788,4190
33620.35,23,1788,4190
33620.48,23,1788,4190
33620.62,23,1788,4190
33620.76,23,1788,4190
33620.89,23,1788,4190
33630.01,23,1788,4190
33630.14,23,1788,4190
33630.28,23,1788,4190
33630.41,23,1788,4190
33630.55,23,1788,4190
33630.69,23,1788,4190
33630.82,23,1788,4190
33630.96,23,1788,4190
33640.08,23,1788,4190
33640.22,23,1788,4190
33640.35,23,1788,4190
33640.49,23,1788,4190
33640.62,22,1788,4191
33640.76,22,1788,4191
33640.89,22,1788,4191
33650.11,22,1788,4191
33650.24,22,1788,4191
33650.38,22,1788,4191
33650.52,22,1788,4191
33650.65,22,1788,4191
33650.79,22,1788,4191
33650.92,22,1788,4191
33660.06,21,1788,4192
33660.20,21,1788,4192
33660.33,21,1788,4192
33660.47,21,1788,4192
33660.61,21,1788,4192
33660.74,21,1788,4192
33660.88,21,1788,4192
33670.09,21,1788,4192
33670.22,21,1788,4192
33670.36,21,1788,4192
33670.50,21,1788,4192
33670.63,21,1788,4192
33670.77,21,1788,4192
33670.90,21,1788,4192
33680.01,21,1788,4192
33680.15,21,1788,4192
33680.28,21,1788,4192
33680.42,21,1788,4192
33680.56,21,1788,4192
33680.69,21,1788,4192
33680.83,21,1788,4192
33680.96,21,1788,4192
33690.13,6,1788,4207
33690.26,6,1788,4207
33690.40,6,1788,4207
33690.53,6,1788,4207
33690.66,6,1788,4207
33690.80,6,1788,4207
33690.93,6,1788,4207
33700.04,5,1788,4208
33700.18,15,1788,4209
33700.31,15,1788,4209
33700.45,15,1788,4209
33700.58,15,1788,4209
33700.72,15,1788,4209
33700.85,15,1788,4209
33700.99,15,1788,4209
33710.06,19,1793,4210
33710.20,19,1793,4210
33710.34,19,1793,4210
33710.47,19,1793,4210
33710.61,19,1793,4210
33710.74,19,1793,4210
33710.88,19,1793,4210
33720.08,20,1795,4211
33720.22,20,1795,4211
33720.36,20,1795,4211
33720.49,20,1795,4211
33720.63,20,1795,4211
33720.77,20,1795,4211
33720.90,20,1795,4211
33730.14,19,1795,4212
33730.27,19,1795,4212
33730.41,19,1795,4212
33730.54,19,1795,4212
33730.68,19,1795,4212
33730.82,19,1795,4212
33730.95,19,1795,4212
33740.02,19,1795,4212
33740.16,19,1795,4212
33740.30,19,1795,4212
33740.43,19,1795,4212
33740.57,19,1795,4212
33740.70,19,1795,4212
33740.84,19,1795,4212
33740.98,19,1795,4212
33750.11,19,1795,4212
33750.24,19,1795,4212
33750.38,19,1795,4212
33750.52,19,1795,4212
33750.65,19,1795,4212
33750.79,19,1795,4212
33750.92,19,1795,4212
33760.13,19,1795,4212
33760.27,19,1795,4212
33760.40,19,1795,4212
33760.54,19,1795,4212
33760.67,19,1795,4212
33760.81,19,1795,4212
33760.94,19,1795,4212
33770.05,19,1795,4212
33770.18,19,1795,4212
33770.32,19,1795,4212
33770.46,19,1795,4212
33770.59,19,1795,4212
33770.73,19,1795,4212
33770.86,19,1795,4212
33771.00,19,1795,4212
33780.08,19,1795,4212
33780.21,19,1795,4212
33780.35,19,1795,4212
33780.48,19,1795,4212
33780.62,19,1795,4212
33780.76,19,1795,4212
33780.89,19,1795,4212
33790.12,19,1795,4212
33790.26,19,1795,4212
33790.40,19,1795,4212
33790.53,19,1795,4212
33790.67,19,1795,4212
33790.81,19,1795,4212
33790.94,19,1795,4212
33800.05,19,1795,4212
33800.19,19,1795,4212
33800.32,19,1795,4212
33800.46,19,1795,4212
33800.59,19,1795,4212
33800.73,19,1795,4212
33800.87,19,1795,4212
33801.01,19,1795,4212
33810.09,19,1795,4212
33810.23,19,1795,4212
33810.37,19,1795,4212
33810.50,19,1795,4212
33810.64,19,1795,4212
33810.77,19,1795,4212
33810.91,19,1795,4212
33820.01,19,1795,4212
33820.15,19,1795,4212
33820.28,19,1795,4212
33820.42,19,1795,4212
33820.56,19,1795,4212
33820.69,19,1795,4212
33820.83,19,1795,4212
33820.96,19,1795,4212
33830.03,19,1795,4212
33830.17,19,1795,4212
33830.31,19,1795,4212
33830.44,19,1795,4212
33830.58,19,1795,4212
33830.71,19,1795,4212
33830.85,19,1795,4212
33830.99,19,1795,4212
33840.04,19,1795,4212
33840.18,19,1795,4212
33840.31,19,1795,4212
33840.45,19,1795,4212
33840.58,19,1795,4212
33840.72,19,1795,4212
33840.86,19,1795,4212
33840.99,19,1795,4212
33850.07,19,1795,4212
33850.21,19,1795,4212
33850.35,19,1795,4212
33850.48,19,1795,4212
33850.62,19,1795,4212
33850.75,19,1795,4212
33850.89,19,1795,4212
33860.13,19,1795,4212
33860.27,19,1795,4212
33860.41,19,1795,4212
33860.54,19,1795,4212
33860.68,19,1795,4212
33860.81,19,1795,4212
33860.95,19,1795,4212
33870.01,7,1795,4224
33870.15,7,1795,4224
33870.29,7,1795,4224
33870.42,7,1795,4224
33870.56,7,1795,4224
33870.69,7,1795,4224
33870.83,6,1795,4225
33870.96,6,1795,4225
33880.04,17,1797,4227
33880.18,17,1797,4227
33880.31,17,1797,4227
33880.45,17,1797,4227
33880.59,17,1797,4227
33880.72,17,1797,4227
33880.86,17,1797,4227
33880.99,17,1797,4227
33890.08,19,1799,4227
33890.24,19,1799,4227
33890.38,19,1799,4227
33890.51,19,1799,4227
33890.65,19,1799,4227
33890.79,19,1799,4227
33890.93,19,1799,4227
33900.02,20,1800,4227
33900.16,20,1800,4227
33900.29,20,1800,4227
33900.43,20,1800,4227
33900.56,20,1800,4227
33900.70,20,1800,4227
33900.84,20,1800,4227
33900.98,20,1800,4227
33910.11,22,1802,4227
33910.25,22,1802,4227
33910.38,22,1802,4227
33910.52,22,1802,4227
33910.66,22,1802,4227
33910.79,22,1802,4227
33910.93,22,1802,4227
33920.06,23,1803,4227
33920.20,23,1803,4227
33920.34,23,1803,4227
33920.47,23,1803,4227
33920.61,23,1803,4227
33920.74,23,1803,4227
33920.88,23,1803,4227
33930.04,23,1803,4227
33930.18,23,1803,4227
33930.32,23,1803,4227
33930.46,23,1803,4227
33930.59,23,1803,4227
33930.73,23,1803,4227
33930.86,23,1803,4227
33931.00,23,1803,4227
33940.15,23,1803,4227
33940.32,23,1803,4227
33940.46,23,1803,4227
33940.59,23,1803,4227
33940.73,23,1803,4227
33940.87,23,1803,4227
33941.00,23,1803,4227
33950.06,23,1803,4227
33950.19,23,1803,4227
33950.33,23,1803,4227
33950.46,23,1803,4227
33950.60,23,1803,4227
33950.74,23,1803,4227
33950.88,23,1803,4227
33960.02,23,1803,4227
33960.16,23,1803,4227
33960.30,23,1803,4227
33960.43,23,1803,4227
33960.57,23,1803,4227
33960.71,23,1803,4227
33960.84,23,1803,4227
33960.98,23,1803,4227
33970.14,23,1803,4227
33970.28,23,1803,4227
33970.45,23,1803,4227
33970.62,23,1803,4227
33970.77,23,1803,4227
33970.90,23,1803,4227
33980.03,21,1803,4229
33980.16,21,1803,4229
33980.30,21,1803,4229
33980.44,21,1803,4229
33980.58,21,1803,4229
33980.71,21,1803,4229
33980.85,21,1803,4229
33980.98,21,1803,4229
33990.14,19,1803,4231
33990.35,19,1803,4231
33990.48,19,1803,4231
33990.62,19,1803,4231
33990.76,19,1803,4231
33990.90,19,1803,4231
34000.02,19,1803,4231
34000.16,19,1803,4231
34000.29,19,1803,4231
34000.43,19,1803,4231
34000.56,19,1803,4231
34000.70,19,1803,4231
34000.84,19,1803,4231
34000.97,19,1803,4231
34010.07,19,1803,4231
34010.21,19,1803,4231
34010.34,19,1803,4231
34010.48,19,1803,4231
34010.62,19,1803,4231
34010.75,19,1803,4231
34010.89,19,1803,4231
34020.02,19,1803,4231
34020.16,19,1803,4231
34020.29,19,1803,4231
34020.43,19,1803,4231
34020.57,19,1803,4231
34020.70,19,1803,4231
34020.84,19,1803,4231
34020.97,19,1803,4231
34030.07,19,1803,4231
34030.21,19,1803,4231
34030.34,19,1803,4231
34030.48,19,1803,4231
34030.62,19,1803,4231
34030.75,19,1803,4231
34030.89,19,1803,4231
34040.00,8,1803,4242
34040.14,8,1803,4242
34040.27,8,1803,4242
34040.41,8,1803,4242
34040.54,8,1803,4242
34040.68,8,1803,4242
34040.82,8,1803,4242
34040.95,8,1803,4242
34050.09,6,1803,4244
34050.23,6,1803,4244
34050.36,6,1803,4244
34050.50,6,1803,4244
34050.63,6,1803,4244
34050.77,6,1803,4244
34050.90,6,1803,4244
34060.07,5,1803,4245
34060.21,5,1803,4245
34060.34,5,1803,4245
34060.47,5,1803,4245
34060.61,5,1803,4245
34060.74,5,1803,4245
34060.88,5,1803,4245
34070.05,18,1806,4246
34070.19,18,1806,4246
34070.33,18,1806,4246
34070.46,18,1806,4246
34070.60,18,1806,4246
34070.74,18,1806,4246
34070.87,18,1806,4246
34080.14,18,1807,4247
34080.27,18,1807,4247
34080.41,18,1807,4247
34080.55,18,1807,4247
34080.68,18,1807,4247
34080.82,18,1807,4247
34080.95,18,1807,4247
34090.08,18,1807,4247
34090.21,18,1807,4247
34090.35,18,1807,4247
34090.48,18,1807,4247
34090.62,18,1807,4247
34090.76,18,1807,4247
34090.90,18,1807,4247
34100.02,19,1808,4247
34100.15,19,1808,4247
34100.29,19,1808,4247
34100.43,19,1808,4247
34100.56,19,1808,4247
34100.70,19,1808,4247
34100.84,19,1808,4247
34100.98,19,1808,4247
34110.14,21,1810,4247
34110.27,21,1810,4247
34110.41,21,1810,4247
34110.55,21,1810,4247
34110.69,21,1810,4247
34110.82,21,1810,4247
34110.96,21,1810,4247
34120.11,21,1810,4247
34120.24,21,1810,4247
34120.38,21,1810,4247
34120.52,21,1810,4247
34120.65,21,1810,4247
34120.79,21,1810,4247
34120.93,21,1810,4247
34130.11,21,1810,4247
34130.24,21,1810,4247
34130.38,21,1810,4247
34130.52,21,1810,4247
34130.65,21,1810,4247
34130.79,21,1810,4247
34130.93,21,1810,4247
34140.07,21,1810,4247
34140.21,21,1810,4247
34140.35,21,1810,4247
34140.48,21,1810,4247
34140.62,21,1810,4247
34140.76,21,1810,4247
34140.90,21,1810,4247
34150.07,20,1810,4248
34150.20,20,1810,4248
34150.34,20,1810,4248
34150.48,20,1810,4248
34150.61,20,1810,4248
34150.75,20,1810,4248
34150.89,20,1810,4248
34160.03,20,1810,4248
34160.17,20,1810,4248
34160.31,20,1810,4248
34160.44,20,1810,4248
34160.58,20,1810,4248
34160.71,20,1810,4248
34160.85,20,1810,4248
34160.99,20,1810,4248
34170.03,19,1810,4249
34170.16,19,1810,4249
34170.30,19,1810,4249
34170.44,19,1810,4249
34170.57,19,1810,4249
34170.71,19,1810,4249
34170.84,19,1810,4249
34170.98,19,1810,4249
34180.11,19,1810,4249
34180.25,19,1810,4249
34180.39,19,1810,4249
34180.53,19,1810,4249
34180.69,19,1810,4249
34180.83,19,1810,4249
34180.96,19,1810,4249
34190.14,18,1810,4250
34190.28,18,1810,4250
34190.41,18,1810,4250
34190.55,18,1810,4250
34190.69,18,1810,4250
34190.82,18,1810,4250
34190.96,18,1810,4250
34200.11,18,1810,4250
34200.25,18,1810,4250
34200.38,18,1810,4250
34200.52,18,1810,4250
34200.66,18,1810,4250
34200.79,18,1810,4250
34200.93,18,1810,4250
34210.04,18,1810,4250
34210.18,18,1810,4250
34210.32,18,1810,4250
34210.45,18,1810,4250
34210.59,18,1810,4250
34210.73,18,1810,4250
34210.86,18,1810,4250
34211.00,18,1810,4250
34220.14,18,1810,4250
34220.28,18,1810,4250
34220.41,18,1810,4250
34220.55,18,1810,4250
34220.69,18,1810,4250
34220.82,18,1810,4250
34220.96,18,1810,4250
34230.08,18,1810,4250
34230.22,18,1810,4250
34230.36,9,1810,4259
34230.49,9,1810,4259
34230.63,9,1810,4259
34230.77,9,1810,4259
34230.90,9,1810,4259
34240.09,5,1810,4263
34240.23,5,1810,4263
34240.36,5,1810,4263
34240.50,5,1810,4263
34240.64,5,1810,4263
34240.77,5,1810,4263
34240.91,5,1810,4263
34250.06,5,1810,4263
34250.20,5,1810,4263
34250.33,5,1810,4263
34250.46,5,1810,4263
34250.60,5,1810,4263
34250.74,5,1810,4263
34250.87,5,1810,4263
34260.11,17,1812,4264
34260.24,17,1812,4264
34260.38,17,1812,4264
34260.51,17,1812,4264
34260.65,17,1812,4264
34260.79,17,1812,4264
34260.92,17,1812,4264
34270.05,19,1814,4264
34270.19,19,1814,4264
34270.33,19,1814,4264
34270.46,19,1814,4264
34270.60,19,1814,4264
34270.74,19,1814,4264
34270.87,19,1814,4264
34280.05,21,1816,4264
34280.19,21,1816,4264
34280.33,21,1816,4264
34280.47,21,1816,4264
34280.60,21,1816,4264
34280.74,21,1816,4264
34280.88,21,1816,4264
34290.09,21,1816,4264
34290.23,21,1816,4264
34290.36,21,1816,4264
34290.50,21,1816,4264
34290.64,21,1816,4264
34290.78,21,1816,4264
34290.91,21,1816,4264
34300.08,21,1816,4264
34300.22,21,1816,4264
34300.35,21,1816,4264
34300.49,21,1816,4264
34300.63,21,1816,4264
34300.77,21,1816,4264
34300.90,21,1816,4264
34310.10,23,1818,4264
34310.24,23,1818,4264
34310.38,23,1818,4264
34310.51,23,1818,4264
34310.65,23,1818,4264
34310.79,23,1818,4264
34310.93,23,1818,4264
34320.12,23,1818,4264
34320.26,23,1818,4264
34320.40,23,1818,4264
34320.53,23,1818,4264
34320.67,23,1818,4264
34320.81,23,1818,4264
34320.94,23,1818,4264
34330.10,23,1818,4264
34330.24,23,1818,4264
34330.37,23,1818,4264
34330.51,23,1818,4264
34330.65,23,1818,4264
34330.79,23,1818,4264
34330.93,23,1818,4264
34340.12,21,1818,4266
34340.26,21,1818,4266
34340.39,21,1818,4266
34340.53,21,1818,4266
34340.67,21,1818,4266
34340.81,21,1818,4266
34340.94,21,1818,4266
34350.01,21,1818,4266
34350.15,21,1818,4266
34350.28,21,1818,4266
34350.42,21,1818,4266
34350.56,21,1818,4266
34350.69,21,1818,4266
34350.84,21,1818,4266
34350.97,21,1818,4266
34360.01,21,1818,4266
34360.15,21,1818,4266
34360.28,21,1818,4266
34360.42,21,1818,4266
34360.56,21,1818,4266
34360.69,21,1818,4266
34360.83,21,1818,4266
34360.97,21,1818,4266
34370.03,21,1818,4266
34370.17,21,1818,4266
34370.30,21,1818,4266
34370.44,21,1818,4266
34370.58,21,1818,4266
34370.72,21,1818,4266
34370.85,21,1818,4266
34370.99,21,1818,4266
34380.03,20,1818,4267
34380.17,20,1818,4267
34380.31,20,1818,4267
34380.45,20,1818,4267
34380.58,20,1818,4267
34380.75,20,1818,4267
34380.89,20,1818,4267
34390.05,19,1818,4268
34390.26,19,1818,4268
34390.44,19,1818,4268
34390.57,19,1818,4268
34390.71,19,1818,4268
34390.85,19,1818,4268
34390.99,19,1818,4268
34400.05,19,1818,4268
34400.19,19,1818,4268
34400.33,19,1818,4268
34400.46,19,1818,4268
34400.60,19,1818,4268
34400.74,19,1818,4268
34400.88,19,1818,4268
34410.04,19,1818,4268
34410.18,19,1818,4268
34410.32,19,1818,4268
34410.46,19,1818,4268
34410.59,19,1818,4268
34410.73,19,1818,4268
34410.87,19,1818,4268
34411.00,19,1818,4268
34420.07,19,1818,4268
34420.21,19,1818,4268
34420.35,19,1818,4268
34420.48,19,1818,4268
34420.62,19,1818,4268
34420.76,19,1818,4268
34420.89,19,1818,4268
34430.09,6,1818,4281
34430.22,6,1818,4281
34430.36,6,1818,4281
34430.49,6,1818,4281
34430.63,6,1818,4281
34430.76,6,1818,4281
34430.90,6,1818,4281
34440.05,18,1822,4284
34440.19,18,1822,4284
34440.32,18,1822,4284
34440.46,18,1822,4284
34440.60,18,1822,4284
34440.74,18,1822,4284
34440.88,18,1822,4284
34450.08,21,1825,4284
34450.22,21,1825,4284
34450.35,21,1825,4284
34450.49,21,1825,4284
34450.63,21,1825,4284
34450.77,21,1825,4284
34450.90,21,1825,4284
34460.02,23,1827,4284
34460.16,23,1827,4284
34460.30,23,1827,4284
34460.44,23,1827,4284
34460.57,23,1827,4284
34460.71,23,1827,4284
34460.85,23,1827,4284
34460.99,23,1827,4284
34470.06,23,1827,4284
34470.20,23,1827,4284
34470.34,23,1827,4284
34470.47,23,1827,4284
34470.61,23,1827,4284
34470.75,23,1827,4284
34470.89,23,1827,4284
34480.11,23,1827,4284
34480.25,23,1827,4284
34480.39,23,1827,4284
34480.53,23,1827,4284
34480.67,23,1827,4284
34480.80,23,1827,4284
34480.94,23,1827,4284
34490.02,23,1827,4284
34490.16,23,1827,4284
34490.32,23,1827,4284
34490.46,23,1827,4284
34490.60,23,1827,4284
34490.74,23,1827,4284
34490.87,23,1827,4284
34500.10,23,1827,4284
34500.24,23,1827,4284
34500.38,23,1827,4284
34500.51,23,1827,4284
34500.65,23,1827,4284
34500.79,23,1827,4284
34500.93,23,1827,4284
34510.02,23,1827,4284
34510.15,23,1827,4284
34510.29,23,1827,4284
34510.43,23,1827,4284
34510.57,23,1827,4284
34510.71,23,1827,4284
34510.84,23,1827,4284
34510.98,23,1827,4284
34520.05,23,1827,4284
34520.19,23,1827,4284
34520.33,23,1827,4284
34520.47,23,1827,4284
34520.61,23,1827,4284
34520.75,23,1827,4284
34520.88,23,1827,4284
34530.13,23,1827,4284
34530.27,23,1827,4284
34530.41,23,1827,4284
34530.54,23,1827,4284
34530.68,23,1827,4284
34530.82,23,1827,4284
34530.96,23,1827,4284
34540.05,23,1827,4284
34540.19,23,1827,4284
34540.33,23,1827,4284
34540.46,23,1827,4284
34540.61,23,1827,4284
34540.75,23,1827,4284
34540.89,23,1827,4284
34550.13,23,1827,4284
34550.27,23,1827,4284
34550.41,23,1827,4284
34550.55,23,1827,4284
34550.69,23,1827,4284
34550.83,23,1827,4284
34550.96,23,1827,4284
34560.05,22,1827,4285
34560.19,22,1827,4285
34560.32,22,1827,4285
34560.46,22,1827,4285
34560.60,22,1827,4285
34560.74,22,1827,4285
34560.88,22,1827,4285
34570.12,22,1827,4285
34570.26,22,1827,4285
34570.39,22,1827,4285
34570.53,22,1827,4285
34570.67,22,1827,4285
34570.81,22,1827,4285
34570.94,22,1827,4285
34580.02,21,1827,4286
34580.16,21,1827,4286
34580.30,21,1827,4286
34580.44,21,1827,4286
34580.58,21,1827,4286
34580.72,21,1827,4286
34580.85,21,1827,4286
34580.99,21,1827,4286
34590.09,20,1827,4287
34590.23,20,1827,4287
34590.37,20,1827,4287
34590.51,20,1827,4287
34590.65,20,1827,4287
34590.78,20,1827,4287
34590.92,20,1827,4287
34600.02,20,1827,4287
34600.15,20,1827,4287
34600.29,20,1827,4287
34600.43,20,1827,4287
34600.59,9,1827,4298
34600.73,9,1827,4298
34600.87,8,1827,4299
34610.11,15,1827,4303
34610.25,14,1827,4304
34610.39,14,1827,4304
34610.53,14,1827,4304
34610.66,14,1827,4304
34610.80,14,1827,4304
34610.94,14,1827,4304
34620.13,14,1828,4305
34620.27,14,1828,4305
34620.41,14,1828,4305
34620.54,14,1828,4305
34620.68,14,1828,4305
34620.82,14,1828,4305
34620.95,14,1828,4305
34630.03,18,1832,4305
34630.17,18,1832,4305
34630.31,18,1832,4305
34630.45,18,1832,4305
34630.58,18,1832,4305
34630.72,18,1832,4305
34630.86,18,1832,4305
34630.99,18,1832,4305
34640.10,20,1834,4305
34640.24,20,1834,4305
34640.37,20,1834,4305
34640.52,20,1834,4305
34640.65,20,1834,4305
34640.79,20,1834,4305
34640.93,20,1834,4305
34650.02,20,1834,4305
34650.15,20,1834,4305
34650.29,20,1834,4305
34650.43,20,1834,4305
34650.57,20,1834,4305
34650.71,20,1834,4305
34650.84,20,1834,4305
34650.98,20,1834,4305
34660.10,21,1835,4305
34660.24,21,1835,4305
34660.38,21,1835,4305
34660.52,21,1835,4305
34660.65,21,1835,4305
34660.79,21,1835,4305
34660.93,21,1835,4305
34670.02,21,1835,4305
34670.16,21,1835,4305
34670.30,21,1835,4305
34670.43,21,1835,4305
34670.57,21,1835,4305
34670.71,21,1835,4305
34670.85,21,1835,4305
34670.99,21,1835,4305
34680.10,21,1835,4305
34680.24,21,1835,4305
34680.38,21,1835,4305
34680.51,21,1835,4305
34680.65,21,1835,4305
34680.79,21,1835,4305
34680.93,21,1835,4305
34690.02,21,1835,4305
34690.16,21,1835,4305
34690.30,21,1835,4305
34690.44,21,1835,4305
34690.58,21,1835,4305
34690.71,21,1835,4305
34690.85,21,1835,4305
34690.99,21,1835,4305
34700.10,21,1835,4305
34700.24,21,1835,4305
34700.37,21,1835,4305
34700.51,21,1835,4305
34700.65,21,1835,4305
34700.79,21,1835,4305
34700.93,21,1835,4305
34710.02,21,1835,4305
34710.16,21,1835,4305
34710.29,21,1835,4305
34710.46,21,1835,4305
34710.60,21,1835,4305
34710.74,21,1835,4305
34710.87,21,1835,4305
34720.11,21,1835,4305
34720.25,21,1835,4305
34720.38,21,1835,4305
34720.52,21,1835,4305
34720.66,21,1835,4305
34720.80,20,1835,4306
34720.94,20,1835,4306
34730.05,20,1835,4306
34730.19,20,1835,4306
34730.32,20,1835,4306
34730.46,20,1835,4306
34730.60,20,1835,4306
34730.74,20,1835,4306
34730.88,20,1835,4306
34740.02,19,1835,4307
34740.15,19,1835,4307
34740.29,19,1835,4307
34740.43,19,1835,4307
34740.57,19,1835,4307
34740.71,19,1835,4307
34740.84,19,1835,4307
34740.98,19,1835,4307
34750.09,19,1835,4307
34750.22,19,1835,4307
34750.36,19,1835,4307
34750.50,19,1835,4307
34750.64,19,1835,4307
34750.78,19,1835,4307
34750.91,19,1835,4307
34760.14,19,1835,4307
34760.27,19,1835,4307
34760.41,19,1835,4307
34760.55,19,1835,4307
34760.69,19,1835,4307
34760.83,19,1835,4307
34760.96,19,1835,4307
34770.06,19,1835,4307
34770.20,19,1835,4307
34770.34,19,1835,4307
34770.48,19,1835,4307
34770.62,19,1835,4307
34770.75,19,1835,4307
34770.89,19,1835,4307
34780.07,8,1835,4318
34780.21,8,1835,4318
34780.35,8,1835,4318
34780.48,8,1835,4318
34780.62,8,1835,4318
34780.76,8,1835,4318
34780.89,8,1835,4318
34790.05,6,1835,4320
34790.19,6,1835,4320
34790.33,6,1835,4320
34790.46,6,1835,4320
34790.60,6,1835,4320
34790.74,6,1835,4320
34790.87,6,1835,4320
34800.06,17,1838,4323
34800.20,17,1838,4323
34800.34,17,1838,4323
34800.47,17,1838,4323
34800.61,17,1838,4323
34800.75,17,1838,4323
34800.89,17,1838,4323
34810.13,17,1838,4323
34810.26,17,1838,4323
34810.40,17,1838,4323
34810.54,17,1838,4323
34810.68,17,1838,4323
34810.82,17,1838,4323
34810.95,17,1838,4323
34820.05,19,1840,4323
34820.19,19,1840,4323
34820.35,19,1840,4323
34820.49,19,1840,4323
34820.62,19,1840,4323
34820.76,19,1840,4323
34820.90,19,1840,4323
34830.15,19,1840,4323
34830.31,19,1840,4323
34830.45,19,1840,4323
34830.59,19,1840,4323
34830.73,19,1840,4323
34830.87,19,1840,4323
34840.14,20,1841,4323
34840.28,20,1841,4323
34840.42,20,1841,4323
34840.56,20,1841,4323
34840.70,20,1841,4323
34840.83,20,1841,4323
34840.97,20,1841,4323
34850.08,20,1841,4323
34850.22,20,1841,4323
34850.36,20,1841,4323
34850.50,20,1841,4323
34850.63,20,1841,4323
34850.77,20,1841,4323
34850.91,20,1841,4323
34860.03,20,1841,4323
34860.17,20,1841,4323
34860.30,20,1841,4323
34860.44,20,1841,4323
34860.58,20,1841,4323
34860.72,20,1841,4323
34860.86,20,1841,4323
34861.00,20,1841,4323
34870.11,20,1841,4323
34870.25,20,1841,4323
34870.39,20,1841,4323
34870.53,20,1841,4323
34870.67,20,1841,4323
34870.80,20,1841,4323
34870.94,20,1841,4323
34880.09,20,1841,4323
34880.28,20,1841,4323
34880.45,20,1841,4323
34880.59,20,1841,4323
34880.73,20,1841,4323
34880.87,20,1841,4323
34890.12,20,1841,4323
34890.26,20,1841,4323
34890.40,20,1841,4323
34890.53,20,1841,4323
34890.67,20,1841,4323
34890.81,20,1841,4323
34890.95,20,1841,4323
34900.09,20,1841,4323
34900.23,20,1841,4323
34900.37,20,1841,4323
34900.50,20,1841,4323
34900.64,20,1841,4323
34900.78,20,1841,4323
34900.92,20,1841,4323
34910.03,19,1841,4324
34910.16,19,1841,4324
34910.30,19,1841,4324
34910.44,19,1841,4324
34910.58,19,1841,4324
34910.72,18,1841,4325
34910.86,18,1841,4325
34910.99,18,1841,4325
34920.12,18,1841,4325
34920.26,18,1841,4325
34920.40,18,1841,4325
34920.54,18,1841,4325
34920.68,18,1841,4325
34920.82,18,1841,4325
34920.96,18,1841,4325
34930.05,17,1841,4326
34930.19,17,1841,4326
34930.33,17,1841,4326
34930.46,17,1841,4326
34930.60,17,1841,4326
34930.74,17,1841,4326
34930.88,17,1841,4326
34940.01,17,1841,4326
34940.15,17,1841,4326
34940.28,17,1841,4326
34940.42,17,1841,4326
34940.56,17,1841,4326
34940.70,17,1841,4326
34940.84,17,1841,4326
34940.98,17,1841,4326
34950.12,17,1841,4326
34950.25,17,1841,4326
34950.39,17,1841,4326
34950.53,17,1841,4326
34950.67,17,1841,4326
34950.81,17,1841,4326
34950.94,17,1841,4326
34960.05,17,1841,4326
34960.19,17,1841,4326
34960.33,17,1841,4326
34960.47,17,1841,4326
34960.61,17,1841,4326
34960.74,17,1841,4326
34960.88,8,1841,4335
34970.05,6,1841,4337
34970.18,6,1841,4337
34970.32,6,1841,4337
34970.46,6,1841,4337
34970.60,6,1841,4337
34970.73,6,1841,4337
34970.87,6,1841,4337
34980.02,6,1841,4337
34980.16,5,1841,4338
34980.29,5,1841,4338
34980.43,5,1841,4338
34980.57,5,1841,4338
34980.70,5,1841,4338
34980.84,5,1841,4338
34980.98,5,1841,4338
34990.01,5,1841,4338
34990.15,5,1841,4338
34990.28,5,1841,4338
34990.42,5,1841,4338
34990.55,5,1841,4338
34990.69,5,1841,4338
34990.83,5,1841,4338
34990.97,5,1841,4338
35000.06,5,1841,4338
35000.20,5,1841,4338
35000.34,5,1841,4338
35000.47,5,1841,4338
35000.61,5,1841,4338
35000.74,5,1841,4338
35000.88,5,1841,4338
35010.04,5,1841,4338
35010.17,5,1841,4338
35010.31,5,1841,4338
35010.45,5,1841,4338
35010.59,5,1841,4338
35010.72,5,1841,4338
35010.86,5,1841,4338
35011.00,5,1841,4338
35020.14,5,1841,4338
35020.27,5,1841,4338
35020.41,5,1841,4338
35020.55,5,1841,4338
35020.68,5,1841,4338
35020.82,5,1841,4338
35020.96,5,1841,4338
35030.12,5,1841,4338
35030.26,5,1841,4338
35030.39,5,1841,4338
35030.53,5,1841,4338
35030.67,5,1841,4338
35030.81,5,1841,4338
35030.94,5,1841,4338
35040.08,5,1841,4338
35040.22,5,1841,4338
35040.35,5,1841,4338
35040.52,5,1841,4338
35040.65,5,1841,4338
35040.79,5,1841,4338
35040.93,5,1841,4338
35050.09,5,1841,4338
35050.23,5,1841,4338
35050.37,5,1841,4338
35050.51,5,1841,4338
35050.64,5,1841,4338
35050.78,5,1841,4338
35050.91,5,1841,4338
35060.09,5,1841,4338
35060.23,5,1841,4338
35060.37,5,1841,4338
35060.50,5,1841,4338
35060.64,5,1841,4338
35060.78,5,1841,4338
35060.91,5,1841,4338
35070.07,5,1841,4338
35070.20,5,1841,4338
35070.34,15,1841,4340
35070.48,15,1841,4340
35070.62,15,1841,4340
35070.76,15,1841,4340
35070.90,15,1841,4340
35080.04,19,1846,4341
35080.18,19,1846,4341
35080.32,19,1846,4341
35080.45,19,1846,4341
35080.59,19,1846,4341
35080.73,19,1846,4341
35080.87,20,1847,4341
35090.02,21,1849,4342
35090.16,21,1849,4342
35090.30,21,1849,4342
35090.44,21,1849,4342
35090.58,21,1849,4342
35090.72,21,1849,4342
35090.86,21,1849,4342
35091.00,21,1849,4342
35100.05,21,1849,4342
35100.19,21,1849,4342
35100.33,21,1849,4342
35100.47,21,1849,4342
35100.61,21,1849,4342
35100.75,21,1849,4342
35100.88,21,1849,4342
35110.03,20,1849,4343
35110.17,20,1849,4343
35110.31,20,1849,4343
35110.45,20,1849,4343
35110.59,20,1849,4343
35110.73,20,1849,4343
35110.87,20,1849,4343
35120.04,20,1849,4343
35120.18,20,1849,4343
35120.32,20,1849,4343
35120.46,20,1849,4343
35120.60,20,1849,4343
35120.74,21,1850,4343
35120.88,21,1850,4343
35130.11,21,1850,4343
35130.25,21,1850,4343
35130.39,21,1850,4343
35130.53,21,1850,4343
35130.67,21,1850,4343
35130.81,21,1850,4343
35130.95,21,1850,4343
35140.12,21,1850,4343
35140.26,21,1850,4343
35140.40,21,1850,4343
35140.54,21,1850,4343
35140.68,21,1850,4343
35140.82,21,1850,4343
35140.96,21,1850,4343
35150.12,21,1850,4343
35150.26,21,1850,4343
35150.40,21,1850,4343
35150.54,21,1850,4343
35150.68,21,1850,4343
35150.82,21,1850,4343
35150.98,21,1850,4343
35160.14,21,1850,4343
35160.28,21,1850,4343
35160.43,21,1850,4343
35160.56,21,1850,4343
35160.70,21,1850,4343
35160.84,21,1850,4343
35160.98,21,1850,4343
35170.03,21,1850,4343
35170.17,21,1850,4343
35170.32,21,1850,4343
35170.46,21,1850,4343
35170.60,21,1850,4343
35170.74,21,1850,4343
35170.88,21,1850,4343
35180.03,21,1850,4343
35180.17,21,1850,4343
35180.31,21,1850,4343
35180.45,21,1850,4343
35180.59,21,1850,4343
35180.73,21,1850,4343
35180.87,21,1850,4343
35190.05,21,1850,4343
35190.19,21,1850,4343
35190.33,21,1850,4343
35190.47,21,1850,4343
35190.61,21,1850,4343
35190.75,21,1850,4343
35190.89,21,1850,4343
35200.03,21,1850,4343
35200.17,21,1850,4343
35200.31,21,1850,4343
35200.45,21,1850,4343
35200.59,21,1850,4343
35200.73,21,1850,4343
35200.87,21,1850,4343
35210.06,21,1850,4343
35210.20,21,1850,4343
35210.34,21,1850,4343
35210.47,21,1850,4343
35210.62,21,1850,4343
35210.76,21,1850,4343
35210.90,21,1850,4343
35220.05,21,1850,4343
35220.20,21,1850,4343
35220.34,21,1850,4343
35220.48,21,1850,4343
35220.63,21,1850,4343
35220.76,21,1850,4343
35220.90,21,1850,4343
35230.10,21,1850,4343
35230.24,21,1850,4343
35230.38,21,1850,4343
35230.52,21,1850,4343
35230.67,21,1850,4343
35230.80,21,1850,4343
35230.95,21,1850,4343
35240.10,9,1850,4355
35240.24,9,1850,4355
35240.38,9,1850,4355
35240.51,9,1850,4355
35240.65,9,1850,4355
35240.80,9,1850,4355
35240.94,9,1850,4355
35250.01,5,1850,4359
35250.15,5,1850,4359
35250.29,5,1850,4359
35250.43,5,1850,4359
35250.56,5,1850,4359
35250.70,5,1850,4359
35250.84,5,1850,4359
35250.98,5,1850,4359
35260.11,16,1852,4361
35260.25,16,1852,4361
35260.39,16,1852,4361
35260.53,16,1852,4361
35260.67,16,1852,4361
35260.81,16,1852,4361
35260.95,16,1852,4361
35270.02,18,1854,4361
35270.16,18,1854,4361
35270.30,18,1854,4361
35270.44,18,1854,4361
35270.58,18,1854,4361
35270.72,18,1854,4361
35270.86,18,1854,4361
35271.00,18,1854,4361
35280.02,21,1857,4361
35280.16,21,1857,4361
35280.30,21,1857,4361
35280.47,21,1857,4361
35280.61,21,1857,4361
35280.75,21,1857,4361
35280.89,21,1857,4361
35290.07,21,1857,4361
35290.21,22,1858,4361
35290.35,22,1858,4361
35290.49,22,1858,4361
35290.63,22,1858,4361
35290.77,22,1858,4361
35290.91,22,1858,4361
35300.13,23,1859,4361
35300.27,23,1859,4361
35300.41,23,1859,4361
35300.55,23,1859,4361
35300.70,23,1859,4361
35300.84,23,1859,4361
35300.98,23,1859,4361
35310.04,23,1859,4361
35310.18,23,1859,4361
35310.32,23,1859,4361
35310.46,24,1860,4361
35310.60,24,1860,4361
35310.74,24,1860,4361
35310.88,24,1860,4361
35320.12,24,1860,4361
35320.26,24,1860,4361
35320.40,24,1860,4361
35320.54,24,1860,4361
35320.68,24,1860,4361
35320.82,24,1860,4361
35320.96,24,1860,4361
35330.04,24,1860,4361
35330.18,24,1860,4361
35330.32,24,1860,4361
35330.46,24,1860,4361
35330.60,24,1860,4361
35330.74,24,1860,4361
35330.88,24,1860,4361
35340.13,24,1860,4361
35340.27,24,1860,4361
35340.41,24,1860,4361
35340.56,24,1860,4361
35340.70,24,1860,4361
35340.83,24,1860,4361
35340.97,24,1860,4361
35350.05,23,1860,4362
35350.19,23,1860,4362
35350.33,23,1860,4362
35350.47,23,1860,4362
35350.61,23,1860,4362
35350.75,23,1860,4362
35350.89,23,1860,4362
35360.01,22,1860,4363
35360.15,22,1860,4363
35360.29,22,1860,4363
35360.43,22,1860,4363
35360.57,22,1860,4363
35360.71,22,1860,4363
35360.85,22,1860,4363
35360.99,22,1860,4363
35370.05,22,1860,4363
35370.20,22,1860,4363
35370.34,22,1860,4363
35370.48,22,1860,4363
35370.62,22,1860,4363
35370.76,22,1860,4363
35370.89,22,1860,4363
35380.01,22,1860,4363
35380.15,22,1860,4363
35380.28,22,1860,4363
35380.43,22,1860,4363
35380.57,22,1860,4363
35380.71,22,1860,4363
35380.85,22,1860,4363
35380.99,22,1860,4363
35390.05,22,1860,4363
35390.19,22,1860,4363
35390.33,22,1860,4363
35390.47,22,1860,4363
35390.62,22,1860,4363
35390.76,22,1860,4363
35390.90,22,1860,4363
35400.13,21,1860,4364
35400.27,21,1860,4364
35400.41,21,1860,4364
35400.55,21,1860,4364
35400.69,21,1860,4364
35400.83,21,1860,4364
35400.97,21,1860,4364
35410.03,21,1860,4364
35410.17,21,1860,4364
35410.31,21,1860,4364
35410.45,21,1860,4364
35410.62,21,1860,4364
35410.75,21,1860,4364
35410.89,21,1860,4364
35420.14,10,1860,4375
35420.28,10,1860,4375
35420.42,10,1860,4375
35420.55,10,1860,4375
35420.69,10,1860,4375
35420.83,10,1860,4375
35420.97,10,1860,4375
35430.09,6,1860,4379
35430.23,6,1860,4379
35430.37,6,1860,4379
35430.51,6,1860,4379
35430.64,6,1860,4379
35430.78,6,1860,4379
35430.92,6,1860,4379
35440.00,5,1860,4380
35440.14,5,1860,4380
35440.28,5,1860,4380
35440.42,5,1860,4380
35440.55,5,1860,4380
35440.69,5,1860,4380
35440.83,5,1860,4380
35440.97,5,1860,4380
35450.08,14,1860,4382
35450.22,14,1860,4382
35450.36,14,1860,4382
35450.50,14,1860,4382
35450.64,15,1861,4382
35450.78,15,1861,4382
35450.92,15,1861,4382
35460.11,14,1861,4383
35460.25,14,1861,4383
35460.39,14,1861,4383
35460.53,14,1861,4383
35460.67,14,1861,4383
35460.80,14,1861,4383
35460.95,14,1861,4383
35470.12,14,1862,4384
35470.26,14,1862,4384
35470.40,14,1862,4384
35470.53,14,1862,4384
35470.67,14,1862,4384
35470.81,15,1863,4384
35470.95,15,1863,4384
35480.11,17,1865,4384
35480.26,17,1865,4384
35480.40,17,1865,4384
35480.54,17,1865,4384
35480.67,17,1865,4384
35480.81,17,1865,4384
35480.95,17,1865,4384
35490.03,19,1867,4384
35490.17,19,1867,4384
35490.31,19,1867,4384
35490.45,19,1867,4384
35490.59,19,1867,4384
35490.73,19,1867,4384
35490.87,19,1867,4384
35500.08,20,1868,4384
35500.22,20,1868,4384
35500.36,20,1868,4384
35500.50,20,1868,4384
35500.64,20,1868,4384
35500.78,20,1868,4384
35500.92,20,1868,4384
35510.01,20,1868,4384
35510.15,20,1868,4384
35510.29,20,1868,4384
35510.43,20,1868,4384
35510.56,20,1868,4384
35510.71,20,1868,4384
35510.85,20,1868,4384
35510.99,20,1868,4384
35520.07,20,1868,4384
35520.21,20,1868,4384
35520.35,20,1868,4384
35520.49,20,1868,4384
35520.63,20,1868,4384
35520.77,20,1868,4384
35520.91,20,1868,4384
35530.14,20,1868,4384
35530.28,20,1868,4384
35530.42,20,1868,4384
35530.56,20,1868,4384
35530.70,20,1868,4384
35530.84,20,1868,4384
35530.97,20,1868,4384
35540.06,20,1868,4384
35540.23,20,1868,4384
35540.37,20,1868,4384
35540.51,20,1868,4384
35540.65,20,1868,4384
35540.79,20,1868,4384
35540.93,20,1868,4384
35550.14,20,1868,4384
35550.28,20,1868,4384
35550.42,20,1868,4384
35550.56,20,1868,4384
35550.70,20,1868,4384
35550.84,20,1868,4384
35550.98,20,1868,4384
35560.08,20,1868,4384
35560.22,20,1868,4384
35560.36,20,1868,4384
35560.50,20,1868,4384
35560.64,20,1868,4384
35560.78,20,1868,4384
35560.92,20,1868,4384
35570.12,20,1868,4384
35570.26,20,1868,4384
35570.40,20,1868,4384
35570.55,20,1868,4384
35570.69,20,1868,4384
35570.82,20,1868,4384
35570.96,20,1868,4384
35580.08,20,1868,4384
35580.22,20,1868,4384
35580.36,20,1868,4384
35580.50,20,1868,4384
35580.64,20,1868,4384
35580.78,20,1868,4384
35580.92,20,1868,4384
35590.01,19,1868,4385
35590.15,19,1868,4385
35590.29,19,1868,4385
35590.43,19,1868,4385
35590.57,19,1868,4385
35590.71,19,1868,4385
35590.85,19,1868,4385
35590.99,19,1868,4385
35600.08,19,1868,4385
35600.22,19,1868,4385
35600.36,19,1868,4385
35600.50,19,1868,4385
35600.64,19,1868,4385
35600.78,19,1868,4385
35600.92,19,1868,4385
35610.01,19,1868,4385
35610.15,19,1868,4385
35610.29,19,1868,4385
35610.43,19,1868,4385
35610.57,19,1868,4385
35610.71,19,1868,4385
35610.84,19,1868,4385
35610.99,19,1868,4385
35620.06,9,1868,4395
35620.20,9,1868,4395
35620.34,9,1868,4395
35620.48,9,1868,4395
35620.61,9,1868,4395
35620.75,9,1868,4395
35620.89,9,1868,4395
35630.03,9,1868,4395
35630.17,9,1868,4395
35630.31,9,1868,4395
35630.45,9,1868,4395
35630.59,9,1868,4395
35630.72,9,1868,4395
35630.86,9,1868,4395
35631.00,9,1868,4395
35640.03,7,1868,4397
35640.17,7,1868,4397
35640.30,7,1868,4397
35640.44,7,1868,4397
35640.58,7,1868,4397
35640.72,7,1868,4397
35640.86,7,1868,4397
35641.00,7,1868,4397
35650.12,15,1868,4400
35650.26,15,1868,4400
35650.40,15,1868,4400
35650.53,15,1868,4400
35650.67,15,1868,4400
35650.81,15,1868,4400
35650.95,15,1868,4400
35660.03,17,1871,4401
35660.17,17,1871,4401
35660.31,17,1871,4401
35660.45,17,1871,4401
35660.59,17,1871,4401
35660.73,17,1871,4401
35660.87,17,1871,4401
35670.11,18,1872,4401
35670.25,18,1872,4401
35670.39,18,1872,4401
35670.53,18,1872,4401
35670.67,18,1872,4401
35670.81,18,1872,4401
35670.95,18,1872,4401
35680.05,20,1874,4401
35680.23,20,1874,4401
35680.37,20,1874,4401
35680.51,20,1874,4401
35680.65,20,1874,4401
35680.79,20,1874,4401
35680.93,20,1874,4401
35690.06,21,1875,4401
35690.20,21,1875,4401
35690.35,21,1875,4401
35690.49,21,1875,4401
35690.63,21,1875,4401
35690.77,21,1875,4401
35690.91,21,1875,4401
35700.01,21,1875,4401
35700.15,21,1875,4401
35700.29,21,1875,4401
35700.43,21,1875,4401
35700.57,21,1875,4401
35700.72,21,1875,4401
35700.86,21,1875,4401
35701.00,21,1875,4401
35710.14,22,1876,4401
35710.28,22,1876,4401
35710.42,22,1876,4401
35710.56,22,1876,4401
35710.70,22,1876,4401
35710.84,22,1876,4401
35710.98,22,1876,4401
35720.09,22,1876,4401
35720.23,22,1876,4401
35720.37,22,1876,4401
35720.51,22,1876,4401
35720.65,22,1876,4401
35720.79,22,1876,4401
35720.93,22,1876,4401
35730.09,20,1876,4403
35730.23,20,1876,4403
35730.37,20,1876,4403
35730.51,20,1876,4403
35730.65,20,1876,4403
35730.79,20,1876,4403
35730.93,20,1876,4403
35740.04,20,1876,4403
35740.18,20,1876,4403
35740.32,20,1876,4403
35740.46,20,1876,4403
35740.60,20,1876,4403
35740.74,20,1876,4403
35740.88,20,1876,4403
35750.03,20,1876,4403
35750.17,20,1876,4403
35750.31,20,1876,4403
35750.45,20,1876,4403
35750.59,20,1876,4403
35750.73,20,1876,4403
35750.87,20,1876,4403
35760.11,20,1876,4403
35760.25,20,1876,4403
35760.39,20,1876,4403
35760.53,20,1876,4403
35760.67,20,1876,4403
35760.81,20,1876,4403
35760.95,20,1876,4403
35770.01,20,1876,4403
35770.15,20,1876,4403
35770.30,20,1876,4403
35770.43,20,1876,4403
35770.57,20,1876,4403
35770.72,20,1876,4403
35770.85,20,1876,4403
35770.99,20,1876,4403
35780.08,19,1876,4404
35780.22,19,1876,4404
35780.36,19,1876,4404
35780.51,19,1876,4404
35780.64,19,1876,4404
35780.79,19,1876,4404
35780.93,19,1876,4404
35790.04,19,1876,4404
35790.18,19,1876,4404
35790.32,19,1876,4404
35790.46,19,1876,4404
35790.61,19,1876,4404
35790.75,19,1876,4404
35790.89,19,1876,4404
35800.14,19,1876,4404
35800.28,19,1876,4404
35800.42,19,1876,4404
35800.56,19,1876,4404
35800.70,19,1876,4404
35800.85,19,1876,4404
35800.99,19,1876,4404
35810.12,19,1876,4404
35810.26,19,1876,4404
35810.40,19,1876,4404
35810.54,19,1876,4404
35810.68,19,1876,4404
35810.82,19,1876,4404
35810.96,19,1876,4404
35820.08,9,1876,4414
35820.23,9,1876,4414
35820.37,9,1876,4414
35820.50,9,1876,4414
35820.64,9,1876,4414
35820.78,9,1876,4414
35820.92,9,1876,4414
35830.06,7,1876,4416
35830.20,7,1876,4416
35830.34,7,1876,4416
35830.48,7,1876,4416
35830.62,7,1876,4416
35830.76,7,1876,4416
35830.90,7,1876,4416
35840.07,6,1876,4417
35840.21,6,1876,4417
35840.35,6,1876,4417
35840.49,6,1876,4417
35840.63,6,1876,4417
35840.76,6,1876,4417
35840.90,6,1876,4417
35850.11,17,1878,4419
35850.25,17,1878,4419
35850.39,17,1878,4419
35850.53,17,1878,4419
35850.68,17,1878,4419
35850.82,17,1878,4419
35850.96,17,1878,4419
35860.09,17,1879,4420
35860.23,17,1879,4420
35860.37,17,1879,4420
35860.51,17,1879,4420
35860.65,17,1879,4420
35860.79,17,1879,4420
35860.93,17,1879,4420
35870.03,19,1881,4420
35870.18,19,1881,4420
35870.32,19,1881,4420
35870.46,19,1881,4420
35870.60,19,1881,4420
35870.74,19,1881,4420
35870.88,19,1881,4420
35880.02,19,1881,4420
35880.16,20,1882,4420
35880.30,20,1882,4420
35880.44,20,1882,4420
35880.58,20,1882,4420
35880.72,20,1882,4420
35880.86,20,1882,4420
35881.00,20,1882,4420
35890.13,20,1882,4420
35890.27,20,1882,4420
35890.41,20,1882,4420
35890.55,20,1882,4420
35890.70,20,1882,4420
35890.84,20,1882,4420
35890.98,20,1882,4420
35900.13,20,1882,4420
35900.27,20,1882,4420
35900.41,20,1882,4420
35900.55,20,1882,4420
35900.70,20,1882,4420
35900.84,20,1882,4420
35900.98,20,1882,4420
35910.10,20,1882,4420
35910.24,20,1882,4420
35910.38,20,1882,4420
35910.52,20,1882,4420
35910.66,20,1882,4420
35910.80,20,1882,4420
35910.94,20,1882,4420
35920.08,20,1882,4420
35920.23,20,1882,4420
35920.37,20,1882,4420
35920.51,20,1882,4420
35920.65,20,1882,4420
35920.79,20,1882,4420
35920.93,20,1882,4420
35930.06,19,1882,4421
35930.20,19,1882,4421
35930.34,19,1882,4421
35930.49,19,1882,4421
35930.63,19,1882,4421
35930.77,19,1882,4421
35930.91,19,1882,4421
35940.04,18,1882,4422
35940.18,18,1882,4422
35940.32,18,1882,4422
35940.47,18,1882,4422
35940.61,18,1882,4422
35940.75,18,1882,4422
35940.89,18,1882,4422
35950.02,18,1882,4422
35950.16,18,1882,4422
35950.32,18,1882,4422
35950.46,18,1882,4422
35950.60,18,1882,4422
35950.75,18,1882,4422
35950.89,18,1882,4422
35960.13,18,1882,4422
35960.27,18,1882,4422
35960.41,18,1882,4422
35960.55,18,1882,4422
35960.69,18,1882,4422
35960.83,18,1882,4422
35960.98,18,1882,4422
35970.15,18,1882,4422
35970.29,18,1882,4422
35970.43,18,1882,4422
35970.57,18,1882,4422
35970.71,18,1882,4422
35970.85,18,1882,4422
35970.99,18,1882,4422
35980.11,18,1882,4422
35980.25,18,1882,4422
35980.39,18,1882,4422
35980.53,18,1882,4422
35980.67,18,1882,4422
35980.81,18,1882,4422
35980.95,18,1882,4422
35990.09,17,1882,4423
35990.23,17,1882,4423
35990.37,17,1882,4423
35990.51,17,1882,4423
35990.66,17,1882,4423
35990.79,17,1882,4423
35990.93,17,1882,4423
36000.07,17,1882,4423
36000.21,17,1882,4423
36000.35,17,1882,4423
36000.49,17,1882,4423
36000.63,17,1882,4423
36000.78,17,1882,4423
36000.92,17,1882,4423
36010.05,17,1882,4423
36010.19,17,1882,4423
36010.33,17,1882,4423
36010.47,17,1882,4423
36010.61,17,1882,4423
36010.75,17,1882,4423
36010.89,17,1882,4423
36020.09,8,1882,4432
36020.23,8,1882,4432
36020.37,8,1882,4432
36020.51,8,1882,4432
36020.65,8,1882,4432
36020.79,8,1882,4432
36020.93,7,1882,4433
36030.13,7,1882,4433
36030.27,7,1882,4433
36030.41,7,1882,4433
36030.55,7,1882,4433
36030.69,7,1882,4433
36030.83,7,1882,4433
36030.97,7,1882,4433
36040.13,5,1882,4435
36040.27,5,1882,4435
36040.41,5,1882,4435
36040.55,5,1882,4435
36040.69,5,1882,4435
36040.83,5,1882,4435
36040.97,5,1882,4435
36050.01,5,1882,4435
36050.15,5,1882,4435
36050.29,5,1882,4435
36050.43,5,1882,4435
36050.57,5,1882,4435
36050.71,5,1882,4435
36050.85,5,1882,4435
36050.99,5,1882,4435
36060.02,5,1882,4435
36060.16,5,1882,4435
36060.30,5,1882,4435
36060.43,5,1882,4435
36060.57,5,1882,4435
36060.71,5,1882,4435
36060.85,5,1882,4435
36060.99,5,1882,4435
36070.05,5,1882,4435
36070.19,5,1882,4435
36070.33,5,1882,4435
36070.47,5,1882,4435
36070.61,5,1882,4435
36070.75,5,1882,4435
36070.88,5,1882,4435
36080.06,5,1882,4435
36080.20,5,1882,4435
36080.34,5,1882,4435
36080.51,5,1882,4435
36080.65,5,1882,4435
36080.79,5,1882,4435
36080.92,5,1882,4435
36090.09,5,1882,4435
36090.23,5,1882,4435
36090.37,5,1882,4435
36090.51,5,1882,4435
36090.65,5,1882,4435
36090.79,5,1882,4435
36090.92,5,1882,4435
36100.12,5,1882,4435
36100.26,5,1882,4435
36100.40,5,1882,4435
36100.54,5,1882,4435
36100.68,5,1882,4435
36100.82,5,1882,4435
36100.96,5,1882,4435
36110.13,5,1882,4435
36110.26,5,1882,4435
36110.40,5,1882,4435
36110.54,5,1882,4435
36110.68,5,1882,4435
36110.82,5,1882,4435
36110.96,5,1882,4435
36120.02,5,1882,4435
36120.15,5,1882,4435
36120.29,5,1882,4435
36120.43,5,1882,4435
36120.57,5,1882,4435
36120.71,5,1882,4435
36120.85,5,1882,4435
36120.99,5,1882,4435
36130.11,19,1887,4439
36130.25,19,1887,4439
36130.40,19,1887,4439
36130.54,19,1887,4439
36130.68,19,1887,4439
36130.82,19,1887,4439
36130.96,19,1887,4439
36140.14,21,1889,4439
36140.28,21,1889,4439
36140.43,21,1889,4439
36140.57,21,1889,4439
36140.71,21,1889,4439
36140.85,21,1889,4439
36140.99,21,1889,4439
36150.13,22,1890,4439
36150.27,22,1890,4439
36150.41,22,1890,4439
36150.56,22,1890,4439
36150.70,22,1890,4439
36150.84,22,1890,4439
36150.98,22,1890,4439
36160.06,23,1891,4439
36160.20,23,1891,4439
36160.34,23,1891,4439
36160.48,23,1891,4439
36160.62,22,1891,4440
36160.76,22,1891,4440
36160.91,22,1891,4440
36170.08,22,1891,4440
36170.22,22,1891,4440
36170.36,22,1891,4440
36170.50,22,1891,4440
36170.64,22,1891,4440
36170.78,22,1891,4440
36170.92,22,1891,4440
36180.12,22,1891,4440
36180.27,22,1891,4440
36180.41,22,1891,4440
36180.55,22,1891,4440
36180.69,22,1891,4440
36180.83,22,1891,4440
36180.97,22,1891,4440
36190.02,23,1892,4440
36190.16,23,1892,4440
36190.30,23,1892,4440
36190.45,23,1892,4440
36190.59,23,1892,4440
36190.73,23,1892,4440
36190.87,23,1892,4440
36200.09,24,1893,4440
36200.23,24,1893,4440
36200.37,24,1893,4440
36200.52,24,1893,4440
36200.66,24,1893,4440
36200.80,24,1893,4440
36200.95,24,1893,4440
36210.01,24,1893,4440
36210.15,24,1893,4440
36210.29,24,1893,4440
36210.44,24,1893,4440
36210.58,24,1893,4440
36210.72,24,1893,4440
36210.86,24,1893,4440
36211.00,24,1893,4440
36220.09,24,1893,4440
36220.23,24,1893,4440
36220.37,24,1893,4440
36220.51,24,1893,4440
36220.65,24,1893,4440
36220.80,24,1893,4440
36220.94,24,1893,4440
36230.01,24,1893,4440
36230.21,24,1893,4440
36230.35,24,1893,4440
36230.52,24,1893,4440
36230.66,24,1893,4440
36230.80,24,1893,4440
36230.94,24,1893,4440
36240.01,24,1893,4440
36240.15,24,1893,4440
36240.29,24,1893,4440
36240.43,24,1893,4440
36240.58,24,1893,4440
36240.72,24,1893,4440
36240.86,24,1893,4440
36250.12,24,1893,4440
36250.26,24,1893,4440
36250.40,24,1893,4440
36250.54,24,1893,4440
36250.69,24,1893,4440
36250.83,24,1893,4440
36250.97,24,1893,4440
36260.05,24,1893,4440
36260.19,24,1893,4440
36260.33,24,1893,4440
36260.47,24,1893,4440
36260.61,24,1893,4440
36260.75,24,1893,4440
36260.90,24,1893,4440
36270.13,24,1893,4440
36270.27,24,1893,4440
36270.42,24,1893,4440
36270.56,24,1893,4440
36270.70,24,1893,4440
36270.84,24,1893,4440
36270.98,24,1893,4440
36280.05,24,1893,4440
36280.19,24,1893,4440
36280.34,24,1893,4440
36280.48,24,1893,4440
36280.63,24,1893,4440
36280.77,24,1893,4440
36280.91,24,1893,4440
36290.01,24,1893,4440
36290.15,24,1893,4440
36290.29,24,1893,4440
36290.44,24,1893,4440
36290.58,24,1893,4440
36290.72,24,1893,4440
36290.86,24,1893,4440
36300.14,7,1893,4457
36300.28,7,1893,4457
36300.42,7,1893,4457
36300.56,7,1893,4457
36300.70,7,1893,4457
36300.84,7,1893,4457
36300.98,7,1893,4457
36310.08,5,1893,4459
36310.22,5,1893,4459
36310.36,5,1893,4459
36310.50,5,1893,4459
36310.64,5,1893,4459
36310.78,5,1893,4459
36310.92,5,1893,4459
36320.03,17,1895,4460
36320.17,17,1895,4460
36320.31,17,1895,4460
36320.45,17,1895,4460
36320.60,17,1895,4460
36320.74,17,1895,4460
36320.88,17,1895,4460
36330.06,18,1897,4461
36330.21,18,1897,4461
36330.35,18,1897,4461
36330.49,18,1897,4461
36330.63,18,1897,4461
36330.77,18,1897,4461
36330.91,18,1897,4461
36340.09,21,1900,4461
36340.24,21,1900,4461
36340.38,21,1900,4461
36340.52,21,1900,4461
36340.66,21,1900,4461
36340.80,21,1900,4461
36340.95,21,1900,4461
36350.03,21,1900,4461
36350.17,21,1900,4461
36350.31,21,1900,4461
36350.45,21,1900,4461
36350.60,21,1900,4461
36350.74,21,1900,4461
36350.88,21,1900,4461
36360.08,20,1900,4462
36360.22,20,1900,4462
36360.36,20,1900,4462
36360.50,20,1900,4462
36360.65,20,1900,4462
36360.79,20,1900,4462
36360.93,20,1900,4462
36370.01,20,1900,4462
36370.15,20,1900,4462
36370.30,20,1900,4462
36370.44,20,1900,4462
36370.58,20,1900,4462
36370.72,20,1900,4462
36370.86,20,1900,4462
36371.00,20,1900,4462
36380.08,20,1900,4462
36380.22,20,1900,4462
36380.37,20,1900,4462
36380.51,20,1900,4462
36380.66,20,1900,4462
36380.80,20,1900,4462
36380.94,20,1900,4462
36390.01,20,1900,4462
36390.15,20,1900,4462
36390.30,20,1900,4462
36390.44,20,1900,4462
36390.58,20,1900,4462
36390.72,20,1900,4462
36390.87,20,1900,4462
36400.09,20,1900,4462
36400.23,20,1900,4462
36400.37,20,1900,4462
36400.51,20,1900,4462
36400.65,20,1900,4462
36400.80,20,1900,4462
36400.95,20,1900,4462
36410.02,19,1900,4463
36410.16,19,1900,4463
36410.30,19,1900,4463
36410.44,19,1900,4463
36410.58,19,1900,4463
36410.72,19,1900,4463
36410.87,19,1900,4463
36420.11,19,1900,4463
36420.25,19,1900,4463
36420.39,19,1900,4463
36420.53,19,1900,4463
36420.68,19,1900,4463
36420.82,19,1900,4463
36420.96,19,1900,4463
36430.01,19,1900,4463
36430.16,19,1900,4463
36430.30,19,1900,4463
36430.44,19,1900,4463
36430.59,19,1900,4463
36430.73,19,1900,4463
36430.87,19,1900,4463
36440.10,19,1900,4463
36440.24,19,1900,4463
36440.38,19,1900,4463
36440.52,19,1900,4463
36440.67,19,1900,4463
36440.81,19,1900,4463
36440.95,19,1900,4463
36450.01,19,1900,4463
36450.15,19,1900,4463
36450.29,19,1900,4463
36450.44,19,1900,4463
36450.58,19,1900,4463
36450.72,19,1900,4463
36450.86,19,1900,4463
36460.09,19,1900,4463
36460.23,19,1900,4463
36460.37,19,1900,4463
36460.51,19,1900,4463
36460.65,19,1900,4463
36460.79,19,1900,4463
36460.93,19,1900,4463
36470.14,19,1900,4463
36470.28,19,1900,4463
36470.42,19,1900,4463
36470.57,19,1900,4463
36470.71,19,1900,4463
36470.85,19,1900,4463
36470.99,19,1900,4463
36480.07,18,1900,4464
36480.21,18,1900,4464
36480.35,18,1900,4464
36480.49,18,1900,4464
36480.64,18,1900,4464
36480.78,18,1900,4464
36480.92,18,1900,4464
36490.09,6,1900,4476
36490.23,6,1900,4476
36490.37,6,1900,4476
36490.51,6,1900,4476
36490.65,6,1900,4476
36490.79,6,1900,4476
36490.93,6,1900,4476
36500.08,15,1900,4478
36500.22,16,1901,4478
36500.36,16,1901,4478
36500.50,16,1901,4478
36500.65,16,1901,4478
36500.79,16,1901,4478
36500.93,16,1901,4478
36510.01,20,1905,4478
36510.15,20,1905,4478
36510.29,20,1905,4478
36510.43,20,1905,4478
36510.57,20,1905,4478
36510.72,20,1905,4478
36510.86,20,1905,4478
36511.00,20,1905,4478
36520.10,22,1907,4478
36520.25,22,1907,4478
36520.39,22,1907,4478
36520.54,22,1907,4478
36520.68,22,1907,4478
36520.82,22,1907,4478
36520.96,22,1907,4478
36530.06,22,1907,4478
36530.20,22,1907,4478
36530.35,23,1908,4478
36530.49,23,1908,4478
36530.63,23,1908,4478
36530.77,23,1908,4478
36530.91,23,1908,4478
36540.03,23,1908,4478
36540.18,23,1908,4478
36540.32,23,1908,4478
36540.46,23,1908,4478
36540.60,23,1908,4478
36540.75,23,1908,4478
36540.89,23,1908,4478
36550.01,23,1908,4478
36550.15,23,1908,4478
36550.29,23,1908,4478
36550.44,23,1908,4478
36550.58,23,1908,4478
36550.72,23,1908,4478
36550.89,23,1908,4478
36560.13,23,1908,4478
36560.27,23,1908,4478
36560.42,23,1908,4478
36560.56,23,1908,4478
36560.70,23,1908,4478
36560.84,23,1908,4478
36560.98,23,1908,4478
36570.11,23,1908,4478
36570.25,23,1908,4478
36570.39,23,1908,4478
36570.54,23,1908,4478
36570.68,23,1908,4478
36570.82,23,1908,4478
36570.97,23,1908,4478
36580.05,23,1908,4478
36580.19,23,1908,4478
36580.34,23,1908,4478
36580.48,23,1908,4478
36580.63,23,1908,4478
36580.77,23,1908,4478
36580.91,23,1908,4478
36590.08,23,1908,4478
36590.22,23,1908,4478
36590.37,23,1908,4478
36590.51,23,1908,4478
36590.65,23,1908,4478
36590.80,23,1908,4478
36590.94,23,1908,4478
36600.05,23,1908,4478
36600.19,22,1908,4479
36600.33,22,1908,4479
36600.47,22,1908,4479
36600.62,22,1908,4479
36600.76,22,1908,4479
36600.90,22,1908,4479
36610.03,22,1908,4479
36610.18,22,1908,4479
36610.32,22,1908,4479
36610.47,22,1908,4479
36610.61,22,1908,4479
36610.75,22,1908,4479
36610.89,22,1908,4479
36620.02,20,1908,4481
36620.17,20,1908,4481
36620.31,19,1908,4482
36620.45,19,1908,4482
36620.59,19,1908,4482
36620.74,19,1908,4482
36620.88,19,1908,4482
36630.13,19,1908,4482
36630.27,19,1908,4482
36630.41,19,1908,4482
36630.55,19,1908,4482
36630.70,19,1908,4482
36630.84,19,1908,4482
36630.98,19,1908,4482
36640.07,19,1908,4482
36640.21,19,1908,4482
36640.35,19,1908,4482
36640.49,19,1908,4482
36640.63,19,1908,4482
36640.78,19,1908,4482
36640.92,19,1908,4482
36650.04,19,1908,4482
36650.19,19,1908,4482
36650.33,19,1908,4482
36650.47,19,1908,4482
36650.61,19,1908,4482
36650.75,19,1908,4482
36650.90,19,1908,4482
36660.14,19,1908,4482
36660.29,19,1908,4482
36660.43,19,1908,4482
36660.57,19,1908,4482
36660.71,19,1908,4482
36660.86,19,1908,4482
36661.00,19,1908,4482
36670.11,9,1908,4492
36670.25,9,1908,4492
36670.39,9,1908,4492
36670.53,9,1908,4492
36670.67,9,1908,4492
36670.82,9,1908,4492
36670.96,9,1908,4492
36680.12,5,1908,4496
36680.26,5,1908,4496
36680.40,5,1908,4496
36680.54,5,1908,4496
36680.68,5,1908,4496
36680.83,5,1908,4496
36680.97,5,1908,4496
36690.13,15,1909,4498
36690.27,15,1909,4498
36690.41,15,1909,4498
36690.55,15,1909,4498
36690.70,15,1909,4498
36690.84,15,1909,4498
36690.98,15,1909,4498
36700.07,20,1914,4498
36700.22,20,1914,4498
36700.36,20,1914,4498
36700.50,20,1914,4498
36700.64,20,1914,4498
36700.79,20,1914,4498
36700.93,20,1914,4498
36710.06,21,1915,4498
36710.20,21,1915,4498
36710.35,21,1915,4498
36710.49,21,1915,4498
36710.64,21,1915,4498
36710.78,21,1915,4498
36710.92,21,1915,4498
36720.04,22,1916,4498
36720.19,22,1916,4498
36720.33,22,1916,4498
36720.47,22,1916,4498
36720.62,22,1916,4498
36720.76,22,1916,4498
36720.90,22,1916,4498
36730.01,22,1916,4498
36730.16,22,1916,4498
36730.30,22,1916,4498
36730.44,22,1916,4498
36730.58,22,1916,4498
36730.73,22,1916,4498
36730.87,22,1916,4498
36740.15,22,1916,4498
36740.29,22,1916,4498
36740.43,22,1916,4498
36740.57,22,1916,4498
36740.72,22,1916,4498
36740.89,22,1916,4498
36750.14,22,1916,4498
36750.29,22,1916,4498
36750.43,22,1916,4498
36750.58,22,1916,4498
36750.72,22,1916,4498
36750.86,22,1916,4498
36760.08,22,1916,4498
36760.22,22,1916,4498
36760.37,22,1916,4498
36760.51,22,1916,4498
36760.66,22,1916,4498
36760.80,22,1916,4498
36760.94,22,1916,4498
36770.06,22,1916,4498
36770.21,22,1916,4498
36770.35,22,1916,4498
36770.49,22,1916,4498
36770.63,22,1916,4498
36770.78,22,1916,4498
36770.92,22,1916,4498
36780.07,22,1916,4498
36780.22,22,1916,4498
36780.36,22,1916,4498
36780.50,22,1916,4498
36780.64,22,1916,4498
36780.79,22,1916,4498
36780.93,22,1916,4498
36790.05,20,1916,4500
36790.19,20,1916,4500
36790.33,20,1916,4500
36790.47,20,1916,4500
36790.62,20,1916,4500
36790.76,20,1916,4500
36790.90,20,1916,4500
36800.06,20,1916,4500
36800.20,20,1916,4500
36800.35,20,1916,4500
36800.49,20,1916,4500
36800.63,20,1916,4500
36800.78,20,1916,4500
36800.92,20,1916,4500
36810.04,20,1916,4500
36810.18,20,1916,4500
36810.32,20,1916,4500
36810.47,20,1916,4500
36810.61,20,1916,4500
36810.75,20,1916,4500
36810.90,20,1916,4500
36820.03,19,1916,4501
36820.18,19,1916,4501
36820.32,19,1916,4501
36820.46,19,1916,4501
36820.61,19,1916,4501
36820.75,19,1916,4501
36820.90,19,1916,4501
36830.02,19,1916,4501
36830.16,19,1916,4501
36830.30,19,1916,4501
36830.45,19,1916,4501
36830.59,19,1916,4501
36830.73,19,1916,4501
36830.87,19,1916,4501
36840.15,19,1916,4501
36840.29,19,1916,4501
36840.43,19,1916,4501
36840.57,19,1916,4501
36840.72,19,1916,4501
36840.86,19,1916,4501
36841.00,19,1916,4501
36850.12,19,1916,4501
36850.27,19,1916,4501
36850.41,19,1916,4501
36850.55,19,1916,4501
36850.69,19,1916,4501
36850.84,19,1916,4501
36850.98,19,1916,4501
36860.11,8,1916,4512
36860.25,7,1916,4513
36860.39,7,1916,4513
36860.54,7,1916,4513
36860.68,7,1916,4513
36860.82,7,1916,4513
36860.96,7,1916,4513
36870.13,15,1916,4516
36870.28,15,1916,4516
36870.42,15,1916,4516
36870.56,15,1916,4516
36870.71,15,1916,4516
36870.85,15,1916,4516
36870.99,15,1916,4516
36880.11,15,1917,4517
36880.25,15,1917,4517
36880.39,15,1917,4517
36880.53,15,1917,4517
36880.68,15,1917,4517
36880.82,15,1917,4517
36880.96,15,1917,4517
36890.09,19,1921,4517
36890.23,19,1921,4517
36890.37,19,1921,4517
36890.52,19,1921,4517
36890.66,19,1921,4517
36890.80,19,1921,4517
36890.94,19,1921,4517
36900.10,20,1922,4517
36900.24,20,1922,4517
36900.38,20,1922,4517
36900.53,20,1922,4517
36900.67,20,1922,4517
36900.81,20,1922,4517
36900.95,20,1922,4517
36910.09,21,1923,4517
36910.23,21,1923,4517
36910.38,21,1923,4517
36910.52,21,1923,4517
36910.66,21,1923,4517
36910.81,21,1923,4517
36910.95,21,1923,4517
36920.12,21,1923,4517
36920.27,21,1923,4517
36920.41,21,1923,4517
36920.55,21,1923,4517
36920.69,21,1923,4517
36920.84,21,1923,4517
36920.98,21,1923,4517
36930.11,21,1923,4517
36930.25,21,1923,4517
36930.39,21,1923,4517
36930.53,21,1923,4517
36930.70,21,1923,4517
36930.85,21,1923,4517
36930.99,21,1923,4517
36940.13,21,1923,4517
36940.28,21,1923,4517
36940.42,21,1923,4517
36940.57,21,1923,4517
36940.71,21,1923,4517
36940.85,21,1923,4517
36940.99,21,1923,4517
36950.03,21,1923,4517
36950.17,21,1923,4517
36950.31,21,1923,4517
36950.46,21,1923,4517
36950.60,21,1923,4517
36950.74,21,1923,4517
36950.89,21,1923,4517
36960.04,21,1923,4517
36960.18,21,1923,4517
36960.32,21,1923,4517
36960.47,21,1923,4517
36960.61,21,1923,4517
36960.75,21,1923,4517
36960.90,21,1923,4517
36970.08,21,1923,4517
36970.22,21,1923,4517
36970.37,21,1923,4517
36970.51,21,1923,4517
36970.65,21,1923,4517
36970.80,21,1923,4517
36970.94,21,1923,4517
36980.08,20,1923,4518
36980.23,20,1923,4518
36980.37,20,1923,4518
36980.51,20,1923,4518
36980.66,20,1923,4518
36980.80,19,1923,4519
36980.94,19,1923,4519
36990.09,19,1923,4519
36990.24,19,1923,4519
36990.38,19,1923,4519
36990.53,19,1923,4519
36990.67,19,1923,4519
36990.81,19,1923,4519
36990.95,19,1923,4519
37000.08,19,1923,4519
37000.22,19,1923,4519
37000.36,19,1923,4519
37000.51,19,1923,4519
37000.65,19,1923,4519
37000.80,19,1923,4519
37000.94,18,1923,4520
37010.03,18,1923,4520
37010.17,18,1923,4520
37010.31,18,1923,4520
37010.45,18,1923,4520
37010.60,18,1923,4520
37010.74,18,1923,4520
37010.88,18,1923,4520
37020.02,18,1923,4520
37020.16,18,1923,4520
37020.31,18,1923,4520
37020.45,18,1923,4520
37020.59,18,1923,4520
37020.73,18,1923,4520
37020.88,18,1923,4520
37030.05,18,1923,4520
37030.19,18,1923,4520
37030.34,18,1923,4520
37030.48,18,1923,4520
37030.62,18,1923,4520
37030.76,18,1923,4520
37030.91,18,1923,4520
37040.05,18,1923,4520
37040.19,8,1923,4530
37040.33,8,1923,4530
37040.48,8,1923,4530
37040.62,8,1923,4530
37040.76,8,1923,4530
37040.90,8,1923,4530
37050.12,7,1923,4531
37050.26,7,1923,4531
37050.40,7,1923,4531
37050.55,7,1923,4531
37050.69,7,1923,4531
37050.83,7,1923,4531
37050.97,7,1923,4531
37060.07,19,1927,4534
37060.22,19,1927,4534
37060.36,19,1927,4534
37060.50,19,1927,4534
37060.65,19,1927,4534
37060.79,19,1927,4534
37060.93,19,1927,4534
37070.08,19,1927,4534
37070.22,19,1927,4534
37070.37,19,1927,4534
37070.51,19,1927,4534
37070.65,19,1927,4534
37070.79,19,1927,4534
37070.94,19,1927,4534
37080.08,20,1928,4534
37080.22,20,1928,4534
37080.36,20,1928,4534
37080.51,20,1928,4534
37080.65,20,1928,4534
37080.79,20,1928,4534
37080.94,20,1928,4534
37090.09,21,1929,4534
37090.23,21,1929,4534
37090.38,21,1929,4534
37090.52,21,1929,4534
37090.66,21,1929,4534
37090.80,21,1929,4534
37090.95,21,1929,4534
37100.10,21,1929,4534
37100.24,21,1929,4534
37100.38,21,1929,4534
37100.53,21,1929,4534
37100.67,21,1929,4534
37100.81,21,1929,4534
37100.96,21,1929,4534
37110.14,21,1929,4534
37110.29,21,1929,4534
37110.43,21,1929,4534
37110.57,21,1929,4534
37110.72,21,1929,4534
37110.86,21,1929,4534
37111.00,21,1929,4534
37120.01,21,1929,4534
37120.16,21,1929,4534
37120.30,21,1929,4534
37120.44,21,1929,4534
37120.58,21,1929,4534
37120.73,21,1929,4534
37120.90,21,1929,4534
37130.06,21,1929,4534
37130.21,21,1929,4534
37130.35,21,1929,4534
37130.49,21,1929,4534
37130.64,21,1929,4534
37130.78,21,1929,4534
37130.92,21,1929,4534
37140.12,21,1929,4534
37140.26,21,1929,4534
37140.41,21,1929,4534
37140.55,21,1929,4534
37140.69,21,1929,4534
37140.83,21,1929,4534
37140.98,21,1929,4534
37150.12,21,1929,4534
37150.27,21,1929,4534
37150.41,21,1929,4534
37150.55,21,1929,4534
37150.70,21,1929,4534
37150.84,21,1929,4534
37150.98,21,1929,4534
37160.03,20,1929,4535
37160.17,20,1929,4535
37160.31,20,1929,4535
37160.46,20,1929,4535
37160.60,20,1929,4535
37160.75,20,1929,4535
37160.89,20,1929,4535
37170.05,20,1929,4535
37170.19,20,1929,4535
37170.34,20,1929,4535
37170.48,20,1929,4535
37170.62,20,1929,4535
37170.77,20,1929,4535
37170.91,20,1929,4535
37180.09,18,1929,4537
37180.24,18,1929,4537
37180.38,18,1929,4537
37180.52,18,1929,4537
37180.67,18,1929,4537
37180.81,18,1929,4537
37180.95,18,1929,4537
37190.10,18,1929,4537
37190.24,18,1929,4537
37190.38,18,1929,4537
37190.53,18,1929,4537
37190.67,18,1929,4537
37190.81,18,1929,4537
37190.95,18,1929,4537
37200.12,17,1929,4538
37200.26,17,1929,4538
37200.41,17,1929,4538
37200.55,17,1929,4538
37200.70,17,1929,4538
37200.84,17,1929,4538
37200.98,17,1929,4538
37210.10,17,1929,4538
37210.25,17,1929,4538
37210.39,17,1929,4538
37210.54,17,1929,4538
37210.69,17,1929,4538
37210.83,17,1929,4538
37210.97,17,1929,4538
37220.13,17,1929,4538
37220.28,17,1929,4538
37220.42,17,1929,4538
37220.56,17,1929,4538
37220.70,17,1929,4538
37220.85,17,1929,4538
37220.99,17,1929,4538
37230.09,5,1929,4550
37230.23,5,1929,4550
37230.38,5,1929,4550
37230.52,5,1929,4550
37230.66,5,1929,4550
37230.80,5,1929,4550
37230.94,5,1929,4550
37240.13,5,1929,4550
37240.28,5,1929,4550
37240.42,5,1929,4550
37240.56,5,1929,4550
37240.71,5,1929,4550
37240.85,5,1929,4550
37240.99,5,1929,4550
37250.14,5,1929,4550
37250.28,5,1929,4550
37250.43,5,1929,4550
37250.57,5,1929,4550
37250.71,5,1929,4550
37250.85,5,1929,4550
37251.00,5,1929,4550
37260.09,5,1929,4550
37260.23,5,1929,4550
37260.37,5,1929,4550
37260.52,5,1929,4550
37260.66,5,1929,4550
37260.80,5,1929,4550
37260.95,5,1929,4550
37270.13,5,1929,4550
37270.27,5,1929,4550
37270.41,5,1929,4550
37270.56,5,1929,4550
37270.71,5,1929,4550
37270.85,5,1929,4550
37270.99,5,1929,4550
37280.05,5,1929,4550
37280.22,5,1929,4550
37280.36,5,1929,4550
37280.50,5,1929,4550
37280.65,5,1929,4550
37280.79,5,1929,4550
37280.94,5,1929,4550
37290.11,5,1929,4550
37290.26,5,1929,4550
37290.40,5,1929,4550
37290.54,5,1929,4550
37290.69,5,1929,4550
37290.83,5,1929,4550
37290.97,5,1929,4550
37300.05,5,1929,4550
37300.19,5,1929,4550
37300.33,5,1929,4550
37300.47,5,1929,4550
37300.61,5,1929,4550
37300.76,5,1929,4550
37300.90,5,1929,4550
37310.10,5,1929,4550
37310.25,5,1929,4550
37310.39,5,1929,4550
37310.56,5,1929,4550
37310.70,5,1929,4550
37310.85,5,1929,4550
37310.99,5,1929,4550
37320.06,5,1929,4550
37320.20,5,1929,4550
37320.34,5,1929,4550
37320.48,5,1929,4550
37320.62,5,1929,4550
37320.77,5,1929,4550
37320.91,5,1929,4550
37330.14,5,1929,4550
37330.28,5,1929,4550
37330.42,5,1929,4550
37330.57,5,1929,4550
37330.71,5,1929,4550
37330.85,5,1929,4550
37330.99,5,1929,4550
37340.05,5,1929,4550
37340.19,15,1929,4553
37340.33,15,1929,4553
37340.48,15,1929,4553
37340.62,15,1929,4553
37340.77,15,1929,4553
37340.91,15,1929,4553
37350.10,18,1932,4553
37350.24,19,1933,4553
37350.38,19,1933,4553
37350.52,19,1933,4553
37350.67,19,1933,4553
37350.82,19,1933,4553
37350.96,19,1933,4553
37360.13,20,1934,4553
37360.27,20,1934,4553
37360.42,20,1934,4553
37360.56,20,1934,4553
37360.70,20,1934,4553
37360.85,20,1934,4553
37361.00,20,1934,4553
37370.07,20,1935,4554
37370.22,20,1935,4554
37370.36,20,1935,4554
37370.50,20,1935,4554
37370.65,20,1935,4554
37370.79,20,1935,4554
37370.94,20,1935,4554
37380.14,20,1936,4555
37380.29,20,1936,4555
37380.43,20,1936,4555
37380.58,20,1936,4555
37380.72,21,1937,4555
37380.86,21,1937,4555
37390.11,21,1937,4555
37390.25,21,1937,4555
37390.40,21,1937,4555
37390.54,21,1937,4555
37390.69,21,1937,4555
37390.83,21,1937,4555
37390.98,21,1937,4555
37400.02,21,1937,4555
37400.17,21,1937,4555
37400.31,21,1937,4555
37400.45,21,1937,4555
37400.60,21,1937,4555
37400.75,21,1937,4555
37400.89,21,1937,4555
37410.11,21,1937,4555
37410.25,21,1937,4555
37410.39,21,1937,4555
37410.54,21,1937,4555
37410.68,21,1937,4555
37410.83,21,1937,4555
37410.97,21,1937,4555
37420.02,21,1937,4555
37420.16,21,1937,4555
37420.31,21,1937,4555
37420.45,21,1937,4555
37420.59,21,1937,4555
37420.74,21,1937,4555
37420.88,21,1937,4555
37430.11,21,1937,4555
37430.25,21,1937,4555
37430.40,21,1937,4555
37430.54,21,1937,4555
37430.68,21,1937,4555
37430.83,21,1937,4555
37430.97,21,1937,4555
37440.03,21,1937,4555
37440.17,21,1937,4555
37440.32,21,1937,4555
37440.46,21,1937,4555
37440.61,21,1937,4555
37440.75,21,1937,4555
37440.89,21,1937,4555
37450.12,21,1937,4555
37450.27,21,1937,4555
37450.41,21,1937,4555
37450.56,21,1937,4555
37450.70,21,1937,4555
37450.85,21,1937,4555
37450.99,21,1937,4555
37460.05,21,1937,4555
37460.19,21,1937,4555
37460.34,21,1937,4555
37460.48,21,1937,4555
37460.62,21,1937,4555
37460.77,21,1937,4555
37460.91,21,1937,4555
37470.07,21,1937,4555
37470.21,21,1937,4555
37470.36,21,1937,4555
37470.50,21,1937,4555
37470.64,21,1937,4555
37470.79,21,1937,4555
37470.93,21,1937,4555
37480.13,21,1937,4555
37480.28,21,1937,4555
37480.42,21,1937,4555
37480.56,21,1937,4555
37480.71,21,1937,4555
37480.85,21,1937,4555
37481.00,21,1937,4555
37490.08,21,1937,4555
37490.22,21,1937,4555
37490.37,21,1937,4555
37490.51,21,1937,4555
37490.66,21,1937,4555
37490.80,21,1937,4555
37490.94,21,1937,4555
37500.14,21,1937,4555
37500.29,21,1937,4555
37500.43,21,1937,4555
37500.58,21,1937,4555
37500.72,21,1937,4555
37500.87,21,1937,4555
37510.11,21,1937,4555
37510.25,21,1937,4555
37510.39,21,1937,4555
37510.54,21,1937,4555
37510.68,21,1937,4555
37510.83,21,1937,4555
37510.97,21,1937,4555
37520.12,7,1937,4569
37520.26,7,1937,4569
37520.40,7,1937,4569
37520.54,7,1937,4569
37520.71,7,1937,4569
37520.86,7,1937,4569
37521.00,7,1937,4569
37530.08,6,1937,4570
37530.22,6,1937,4570
37530.37,6,1937,4570
37530.51,6,1937,4570
37530.65,6,1937,4570
37530.79,6,1937,4570
37530.93,6,1937,4570
37540.05,6,1937,4570
37540.19,6,1937,4570
37540.33,6,1937,4570
37540.48,6,1937,4570
37540.62,6,1937,4570
37540.76,6,1937,4570
37540.90,6,1937,4570
37550.12,5,1937,4571
37550.26,5,1937,4571
37550.41,5,1937,4571
37550.55,5,1937,4571
37550.69,5,1937,4571
37550.83,5,1937,4571
37550.97,5,1937,4571
37560.08,5,1937,4571
37560.23,5,1937,4571
37560.37,5,1937,4571
37560.51,5,1937,4571
37560.65,5,1937,4571
37560.80,5,1937,4571
37560.94,5,1937,4571
37570.04,5,1937,4571
37570.18,5,1937,4571
37570.32,5,1937,4571
37570.47,5,1937,4571
37570.61,5,1937,4571
37570.75,5,1937,4571
37570.89,5,1937,4571
37580.02,5,1937,4571
37580.17,5,1937,4571
37580.31,5,1937,4571
37580.45,5,1937,4571
37580.59,5,1937,4571
37580.74,5,1937,4571
37580.88,5,1937,4571
37590.11,5,1937,4571
37590.26,5,1937,4571
37590.40,5,1937,4571
37590.54,5,1937,4571
37590.68,5,1937,4571
37590.83,5,1937,4571
37590.97,5,1937,4571
37600.09,5,1937,4571
37600.23,5,1937,4571
37600.37,5,1937,4571
37600.52,5,1937,4571
37600.66,5,1937,4571
37600.80,5,1937,4571
37600.95,5,1937,4571
37610.04,5,1937,4571
37610.18,5,1937,4571
37610.33,5,1937,4571
37610.47,5,1937,4571
37610.61,5,1937,4571
37610.76,5,1937,4571
37610.90,5,1937,4571
37620.01,5,1937,4571
37620.16,5,1937,4571
37620.30,5,1937,4571
37620.44,5,1937,4571
37620.59,5,1937,4571
37620.73,5,1937,4571
37620.87,5,1937,4571
37630.01,17,1939,4572
37630.16,17,1939,4572
37630.30,17,1939,4572
37630.44,17,1939,4572
37630.59,17,1939,4572
37630.73,17,1939,4572
37630.87,17,1939,4572
37640.10,17,1940,4573
37640.25,17,1940,4573
37640.39,17,1940,4573
37640.54,17,1940,4573
37640.68,17,1940,4573
37640.83,17,1940,4573
37640.97,17,1940,4573
37650.02,17,1941,4574
37650.16,17,1941,4574
37650.30,17,1941,4574
37650.45,17,1941,4574
37650.59,17,1941,4574
37650.74,17,1941,4574
37650.88,17,1941,4574
37660.10,18,1943,4575
37660.24,18,1943,4575
37660.38,18,1943,4575
37660.53,18,1943,4575
37660.68,18,1943,4575
37660.82,18,1943,4575
37660.96,18,1943,4575
37670.04,17,1943,4576
37670.18,17,1943,4576
37670.32,17,1943,4576
37670.47,17,1943,4576
37670.61,17,1943,4576
37670.76,17,1943,4576
37670.90,17,1943,4576
37680.13,17,1943,4576
37680.27,17,1943,4576
37680.42,17,1943,4576
37680.56,17,1943,4576
37680.70,17,1943,4576
37680.85,17,1943,4576
37680.99,17,1943,4576
37690.04,17,1943,4576
37690.19,17,1943,4576
37690.34,17,1943,4576
37690.48,17,1943,4576
37690.62,17,1943,4576
37690.77,17,1943,4576
37690.91,17,1943,4576
37700.14,17,1943,4576
37700.28,17,1943,4576
37700.43,17,1943,4576
37700.57,17,1943,4576
37700.72,17,1943,4576
37700.86,17,1943,4576
37710.06,17,1943,4576
37710.20,17,1943,4576
37710.35,17,1943,4576
37710.49,17,1943,4576
37710.64,17,1943,4576
37710.78,17,1943,4576
37710.93,17,1943,4576
37720.01,17,1943,4576
37720.15,17,1943,4576
37720.29,17,1943,4576
37720.44,17,1943,4576
37720.58,17,1943,4576
37720.73,17,1943,4576
37720.87,17,1943,4576
37730.05,17,1943,4576
37730.19,17,1943,4576
37730.36,17,1943,4576
37730.51,17,1943,4576
37730.65,17,1943,4576
37730.79,17,1943,4576
37730.94,17,1943,4576
37740.13,17,1943,4576
37740.27,17,1943,4576
37740.41,17,1943,4576
37740.56,17,1943,4576
37740.70,17,1943,4576
37740.85,17,1943,4576
37740.99,17,1943,4576
37750.09,17,1943,4576
37750.23,17,1943,4576
37750.38,17,1943,4576
37750.52,17,1943,4576
37750.67,17,1943,4576
37750.81,17,1943,4576
37750.95,17,1943,4576
37760.02,17,1943,4576
37760.16,17,1943,4576
37760.31,17,1943,4576
37760.45,17,1943,4576
37760.60,17,1943,4576
37760.74,17,1943,4576
37760.88,17,1943,4576
37770.14,17,1943,4576
37770.28,17,1943,4576
37770.42,17,1943,4576
37770.57,17,1943,4576
37770.71,17,1943,4576
37770.86,17,1943,4576
37771.00,17,1943,4576
37780.06,17,1943,4576
37780.20,17,1943,4576
37780.35,17,1943,4576
37780.49,17,1943,4576
37780.63,17,1943,4576
37780.78,17,1943,4576
37780.93,17,1943,4576
37790.02,17,1943,4576
37790.17,17,1943,4576
37790.31,17,1943,4576
37790.45,17,1943,4576
37790.60,17,1943,4576
37790.74,17,1943,4576
37790.89,17,1943,4576
37800.09,17,1943,4576
37800.24,12,1943,4581
37800.38,12,1943,4581
37800.52,12,1943,4581
37800.67,12,1943,4581
37800.81,12,1943,4581
37800.95,11,1943,4582
37810.12,7,1943,4586
37810.26,7,1943,4586
37810.41,7,1943,4586
37810.55,7,1943,4586
37810.70,7,1943,4586
37810.84,7,1943,4586
37810.98,7,1943,4586
37820.10,6,1943,4587
37820.24,6,1943,4587
37820.39,6,1943,4587
37820.53,6,1943,4587
37820.67,6,1943,4587
37820.82,6,1943,4587
37820.96,6,1943,4587
37830.12,6,1943,4587
37830.27,6,1943,4587
37830.41,6,1943,4587
37830.56,6,1943,4587
37830.70,6,1943,4587
37830.84,6,1943,4587
37830.99,6,1943,4587
37840.12,6,1943,4587
37840.26,6,1943,4587
37840.40,6,1943,4587
37840.54,6,1943,4587
37840.69,6,1943,4587
37840.83,6,1943,4587
37840.97,6,1943,4587
37850.13,6,1943,4587
37850.27,6,1943,4587
37850.42,6,1943,4587
37850.56,6,1943,4587
37850.70,6,1943,4587
37850.84,6,1943,4587
37850.99,6,1943,4587
37860.06,6,1943,4587
37860.20,6,1943,4587
37860.35,6,1943,4587
37860.49,6,1943,4587
37860.63,6,1943,4587
37860.77,6,1943,4587
37860.92,6,1943,4587
37870.07,6,1943,4587
37870.21,6,1943,4587
37870.36,6,1943,4587
37870.50,6,1943,4587
37870.64,6,1943,4587
37870.79,6,1943,4587
37870.93,6,1943,4587
37880.24,6,1943,4587
37880.44,6,1943,4587
37880.60,6,1943,4587
37880.80,6,1943,4587
37881.00,6,1943,4587
37890.13,6,1943,4587
37890.28,6,1943,4587
37890.42,6,1943,4587
37890.56,6,1943,4587
37890.70,6,1943,4587
37890.85,6,1943,4587
37890.99,6,1943,4587
37900.03,6,1943,4587
37900.18,6,1943,4587
37900.32,6,1943,4587
37900.47,6,1943,4587
37900.61,6,1943,4587
37900.75,6,1943,4587
37900.89,6,1943,4587
37910.08,6,1943,4587
37910.22,6,1943,4587
37910.36,6,1943,4587
37910.51,6,1943,4587
37910.65,6,1943,4587
37910.80,6,1943,4587
37910.94,6,1943,4587
37920.13,5,1943,4588
37920.27,5,1943,4588
37920.42,5,1943,4588
37920.56,5,1943,4588
37920.71,5,1943,4588
37920.85,5,1943,4588
37921.00,5,1943,4588
37930.12,18,1946,4589
37930.26,19,1947,4589
37930.41,19,1947,4589
37930.55,19,1947,4589
37930.70,19,1947,4589
37930.84,19,1947,4589
37930.99,19,1947,4589
37940.13,20,1948,4589
37940.28,20,1948,4589
37940.43,20,1948,4589
37940.58,20,1948,4589
37940.73,20,1948,4589
37940.88,20,1948,4589
37950.10,19,1948,4590
37950.25,19,1948,4590
37950.39,19,1948,4590
37950.54,19,1948,4590
37950.68,19,1948,4590
37950.83,19,1948,4590
37950.97,19,1948,4590
37960.12,20,1950,4591
37960.26,20,1950,4591
37960.41,20,1950,4591
37960.56,20,1950,4591
37960.70,20,1950,4591
37960.85,20,1950,4591
37960.99,20,1950,4591
37970.03,21,1951,4591
37970.17,21,1951,4591
37970.32,21,1951,4591
37970.47,21,1951,4591
37970.62,21,1951,4591
37970.76,21,1951,4591
37970.91,21,1951,4591
37980.05,20,1951,4592
37980.19,20,1951,4592
37980.33,20,1951,4592
37980.51,20,1951,4592
37980.66,20,1951,4592
37980.80,20,1951,4592
37980.95,20,1951,4592
37990.08,20,1951,4592
37990.22,20,1951,4592
37990.37,20,1951,4592
37990.51,20,1951,4592
37990.66,20,1951,4592
37990.80,20,1951,4592
37990.95,20,1951,4592
38000.01,20,1951,4592
38000.16,20,1951,4592
38000.30,20,1951,4592
38000.45,20,1951,4592
38000.59,20,1951,4592
38000.73,20,1951,4592
38000.88,20,1951,4592
38010.07,22,1953,4592
38010.22,22,1953,4592
38010.36,22,1953,4592
38010.51,22,1953,4592
38010.65,22,1953,4592
38010.80,22,1953,4592
38010.94,22,1953,4592
38020.08,22,1953,4592
38020.22,22,1953,4592
38020.37,22,1953,4592
38020.51,22,1953,4592
38020.66,22,1953,4592
38020.80,22,1953,4592
38020.95,22,1953,4592
38030.05,23,1954,4592
38030.20,23,1954,4592
38030.34,23,1954,4592
38030.49,23,1954,4592
38030.63,23,1954,4592
38030.78,23,1954,4592
38030.92,23,1954,4592
38040.06,23,1954,4592
38040.21,23,1954,4592
38040.35,23,1954,4592
38040.50,23,1954,4592
38040.65,23,1954,4592
38040.79,23,1954,4592
38040.94,23,1954,4592
38050.06,23,1954,4592
38050.20,23,1954,4592
38050.34,23,1954,4592
38050.49,23,1954,4592
38050.63,23,1954,4592
38050.78,23,1954,4592
38050.92,23,1954,4592
38060.08,24,1955,4592
38060.23,24,1955,4592
38060.37,24,1955,4592
38060.51,24,1955,4592
38060.66,24,1955,4592
38060.80,24,1955,4592
38060.95,24,1955,4592
38070.04,24,1955,4592
38070.19,24,1955,4592
38070.34,24,1955,4592
38070.49,24,1955,4592
38070.65,24,1955,4592
38070.80,24,1955,4592
38070.94,24,1955,4592
38080.05,24,1955,4592
38080.20,24,1955,4592
38080.34,24,1955,4592
38080.49,24,1955,4592
38080.63,24,1955,4592
38080.78,24,1955,4592
38080.92,24,1955,4592
38090.01,24,1955,4592
38090.16,24,1955,4592
38090.30,24,1955,4592
38090.45,24,1955,4592
38090.60,24,1955,4592
38090.74,24,1955,4592
38090.89,24,1955,4592
38100.08,25,1956,4592
38100.25,25,1956,4592
38100.42,25,1956,4592
38100.60,25,1956,4592
38100.77,23,1956,4594
38100.95,22,1956,4595
38110.01,17,1956,4600
38110.16,17,1956,4600
38110.32,17,1956,4600
38110.47,17,1956,4600
38110.62,17,1956,4600
38110.77,17,1956,4600
38110.92,17,1956,4600
38120.13,18,1958,4601
38120.27,18,1958,4601
38120.44,18,1958,4601
38120.59,18,1958,4601
38120.73,18,1958,4601
38120.88,18,1958,4601
38130.07,19,1959,4601
38130.22,19,1959,4601
38130.37,19,1959,4601
38130.51,19,1959,4601
38130.66,19,1959,4601
38130.81,19,1959,4601
38130.96,19,1959,4601
38140.03,21,1962,4602
38140.17,21,1962,4602
38140.32,21,1962,4602
38140.47,21,1962,4602
38140.61,21,1962,4602
38140.76,22,1963,4602
38140.91,22,1963,4602
38150.08,24,1965,4602
38150.23,24,1965,4602
38150.38,24,1965,4602
38150.53,24,1965,4602
38150.68,24,1965,4602
38150.83,24,1965,4602
38150.97,24,1965,4602
38160.15,27,1968,4602
38160.30,27,1968,4602
38160.44,27,1968,4602
38160.59,27,1968,4602
38160.74,27,1968,4602
38160.89,27,1968,4602
38170.03,31,1972,4602
38170.18,31,1972,4602
38170.33,31,1972,4602
38170.47,31,1972,4602
38170.62,31,1972,4602
38170.76,31,1972,4602
38170.91,31,1972,4602
38180.07,33,1974,4602
38180.22,33,1974,4602
38180.37,33,1974,4602
38180.51,33,1974,4602
38180.65,33,1974,4602
38180.80,33,1974,4602
38180.95,33,1974,4602
38190.09,37,1978,4602
38190.24,37,1978,4602
38190.39,37,1978,4602
38190.53,37,1978,4602
38190.68,37,1978,4602
38190.82,37,1978,4602
38190.97,37,1978,4602
38200.05,39,1980,4602
38200.19,39,1980,4602
38200.34,39,1980,4602
38200.49,39,1980,4602
38200.64,39,1980,4602
38200.78,39,1980,4602
38200.93,39,1980,4602
38210.05,40,1981,4602
38210.20,40,1981,4602
38210.34,40,1981,4602
38210.49,40,1981,4602
38210.63,40,1981,4602
38210.78,40,1981,4602
38210.93,40,1981,4602
38220.07,42,1983,4602
38220.22,42,1983,4602
38220.37,42,1983,4602
38220.51,42,1983,4602
38220.66,42,1983,4602
38220.81,42,1983,4602
38220.96,42,1983,4602
38230.11,43,1985,4603
38230.25,43,1985,4603
38230.40,43,1985,4603
38230.55,43,1985,4603
38230.70,43,1985,4603
38230.85,43,1985,4603
38231.00,43,1985,4603
38240.02,47,1989,4603
38240.17,47,1989,4603
38240.32,47,1989,4603
38240.47,47,1989,4603
38240.62,47,1989,4603
38240.77,47,1989,4603
38240.92,47,1989,4603
38250.15,48,1990,4603
38250.29,48,1990,4603
38250.44,48,1990,4603
38250.59,48,1990,4603
38250.74,48,1990,4603
38250.89,48,1990,4603
38260.01,50,1992,4603
38260.16,50,1992,4603
38260.31,50,1992,4603
38260.46,50,1992,4603
38260.61,50,1992,4603
38260.76,50,1992,4603
38260.91,50,1992,4603
38270.01,51,1994,4604
38270.16,51,1994,4604
38270.30,51,1994,4604
38270.45,51,1994,4604
38270.60,51,1994,4604
38270.75,51,1994,4604
38270.89,52,1995,4604
38280.08,52,1995,4604
38280.23,52,1995,4604
38280.38,52,1995,4604
38280.52,52,1995,4604
38280.67,53,1996,4604
38280.82,53,1996,4604
38280.96,53,1996,4604
38290.07,56,1999,4604
38290.22,56,1999,4604
38290.36,56,1999,4604
38290.51,56,1999,4604
38290.65,56,1999,4604
38290.80,56,1999,4604
38290.95,56,1999,4604
38300.09,59,2002,4604
38300.24,58,2002,4605
38300.38,58,2002,4605
38300.53,58,2002,4605
38300.68,58,2002,4605
38300.82,58,2002,4605
38300.97,58,2002,4605
38310.12,62,2006,4605
38310.26,62,2006,4605
38310.41,62,2006,4605
38310.56,62,2006,4605
38310.71,62,2006,4605
38310.86,62,2006,4605
38311.00,62,2006,4605
38320.07,64,2008,4605
38320.21,64,2008,4605
38320.36,64,2008,4605
38320.51,64,2008,4605
38320.66,64,2008,4605
38320.81,64,2008,4605
38320.96,64,2008,4605
38330.13,65,2009,4605
38330.28,65,2009,4605
38330.43,65,2009,4605
38330.58,65,2009,4605
38330.73,65,2009,4605
38330.88,65,2009,4605
38340.14,70,2014,4605
38340.29,70,2014,4605
38340.44,70,2014,4605
38340.59,70,2014,4605
38340.74,70,2014,4605
38340.89,70,2014,4605
38350.03,73,2017,4605
38350.18,73,2017,4605
38350.33,73,2017,4605
38350.48,73,2017,4605
38350.63,73,2017,4605
38350.78,73,2017,4605
38350.93,74,2018,4605
38360.13,75,2019,4605
38360.28,75,2019,4605
38360.43,75,2019,4605
38360.57,75,2019,4605
38360.72,75,2019,4605
38360.87,75,2019,4605
38370.11,80,2024,4605
38370.26,80,2024,4605
38370.41,80,2024,4605
38370.56,80,2024,4605
38370.71,80,2024,4605
38370.86,80,2024,4605
38380.05,80,2025,4606
38380.20,80,2025,4606
38380.35,80,2025,4606
38380.50,80,2025,4606
38380.65,80,2025,4606
38380.80,80,2025,4606
38380.95,80,2025,4606
38390.16,85,2030,4606
38390.30,85,2030,4606
38390.46,85,2030,4606
38390.61,85,2030,4606
38390.76,85,2030,4606
38390.91,85,2030,4606
38400.19,88,2033,4606
38400.36,88,2033,4606
38400.54,88,2033,4606
38400.73,88,2033,4606
38400.93,88,2033,4606
38410.14,90,2035,4606
38410.34,90,2035,4606
38410.51,90,2035,4606
38410.68,91,2036,4606
38410.85,91,2036,4606
38420.10,96,2042,4607
38420.26,96,2042,4607
38420.43,96,2042,4607
38420.60,96,2042,4607
38420.76,96,2042,4607
38420.93,96,2042,4607
38430.01,96,2042,4607
38430.18,96,2042,4607
38430.34,96,2042,4607
38430.51,96,2042,4607
38430.67,96,2042,4607
38430.84,96,2042,4607
38431.00,96,2042,4607
38440.04,100,2046,4607
38440.20,100,2046,4607
38440.36,100,2046,4607
38440.51,100,2046,4607
38440.67,100,2046,4607
38440.83,100,2046,4607
38440.99,100,2046,4607
38450.11,100,2046,4607
38450.26,100,2046,4607
38450.41,100,2046,4607
38450.56,100,2046,4607
38450.72,100,2046,4607
38450.87,100,2046,4607
38460.14,100,2046,4607
38460.29,100,2046,4607
38460.45,100,2046,4607
38460.61,100,2046,4607
38460.77,100,2046,4607
38460.93,100,2046,4607
38470.07,100,2046,4607
38470.22,100,2046,4607
38470.38,100,2046,4607
38470.53,100,2046,4607
38470.68,100,2046,4607
38470.83,100,2046,4607
38470.99,100,2046,4607
38480.04,100,2046,4607
38480.20,100,2046,4607
38480.35,100,2046,4607
38480.51,100,2046,4607
38480.66,100,2046,4607
38480.82,100,2046,4607
38480.97,100,2046,4607
10.04,22,7,0
10.11,22,7,0
10.19,22,7,0
10.27,23,8,0
10.36,23,8,0
10.44,23,8,0
10.52,23,8,0
10.60,23,8,0
10.68,23,8,0
10.75,23,8,0
10.83,23,8,0
10.91,23,8,0
10.99,23,8,0
20.05,25,10,0
20.13,25,10,0
20.20,25,10,0
20.36,25,10,0
20.44,25,10,0
20.61,25,10,0
20.69,25,10,0
20.76,25,10,0
20.84,25,10,0
20.92,25,10,0
21.00,25,10,0
30.03,26,11,0
30.11,26,11,0
30.19,26,11,0
30.34,26,11,0
30.42,26,11,0
30.50,26,11,0
30.58,26,11,0
30.66,26,11,0
30.81,26,11,0
30.90,26,11,0
30.97,26,11,0
40.05,28,13,0
40.21,28,13,0
40.29,28,13,0
40.37,28,13,0
40.45,28,13,0
40.53,28,13,0
40.69,28,13,0
40.76,28,13,0
40.84,28,13,0
41.00,28,13,0
50.06,32,17,0
50.20,32,17,0
50.35,32,17,0
50.44,32,17,0
50.51,32,17,0
50.59,32,17,0
50.67,32,17,0
50.82,32,17,0
50.90,32,17,0
50.98,32,17,0
60.07,33,18,0
60.15,33,18,0
60.22,33,18,0
60.38,33,18,0
60.46,33,18,0
60.61,33,18,0
60.69,33,18,0
60.77,33,18,0
60.85,33,18,0
60.93,33,18,0
70.08,35,20,0
70.26,35,20,0
70.34,35,20,0
70.43,35,20,0
70.53,35,20,0
70.62,35,20,0
70.70,35,20,0
70.78,35,20,0
70.95,35,20,0
80.08,41,26,0
80.17,41,26,0
80.26,41,26,0
80.34,41,26,0
80.50,41,26,0
80.59,41,26,0
80.67,41,26,0
80.75,41,26,0
80.83,41,26,0
80.99,41,26,0
90.04,45,30,0
90.12,45,30,0
90.20,45,30,0
90.34,45,30,0
90.42,45,30,0
90.50,45,30,0
90.64,45,30,0
90.72,45,30,0
90.80,45,30,0
90.87,45,30,0
100.05,50,35,0
100.21,50,35,0
100.29,50,35,0
100.36,50,35,0
100.44,50,35,0
100.52,50,35,0
100.67,50,35,0
100.76,50,35,0
100.84,50,35,0
100.91,50,35,0
110.02,57,42,0
110.10,58,43,0
110.19,58,43,0
110.27,58,43,0
110.43,58,43,0
110.53,58,43,0
110.62,58,43,0
110.71,58,43,0
110.87,58,43,0
110.96,58,43,0
120.05,57,50,8
120.14,57,50,8
120.24,57,50,8
120.31,57,50,8
120.39,57,50,8
120.47,58,51,8
120.56,58,51,8
120.72,58,51,8
120.80,58,51,8
120.90,58,51,8
120.97,58,51,8
130.02,57,54,12
130.09,57,54,12
130.17,57,54,12
130.27,57,54,12
130.34,57,54,12
130.50,57,54,12
130.60,57,54,12
130.67,57,54,12
130.75,57,54,12
130.83,57,54,12
130.93,57,54,12
140.05,68,66,13
140.13,68,66,13
140.21,68,66,13
140.38,68,66,13
140.48,68,66,13
140.57,68,66,13
140.67,68,66,13
140.76,68,66,13
140.85,69,67,13
140.93,69,67,13
150.04,90,88,13
150.14,90,88,13
150.23,90,88,13
150.33,91,89,13
150.42,91,89,13
150.51,91,89,13
150.61,91,89,13
150.70,91,89,13
150.80,91,89,13
150.89,91,89,13
150.99,92,90,13
160.07,100,98,13
160.17,100,98,13
160.26,100,98,13
160.36,100,98,13
160.45,100,98,13
160.55,100,98,13
160.65,100,98,13
160.74,100,98,13
160.83,100,98,13
160.92,100,98,13
170.04,100,98,13
170.14,100,98,13
170.23,100,98,13
170.33,100,98,13
170.42,100,98,13
170.51,100,98,13
170.61,100,98,13
170.70,100,98,13
170.80,100,98,13
170.89,100,98,13
170.99,100,98,13
180.08,100,98,13
180.18,100,98,13
180.28,100,98,13
180.37,100,98,13
180.46,100,98,13
180.56,100,98,13
180.65,100,98,13
180.75,100,98,13
180.84,100,98,13
180.94,100,98,13
190.04,100,98,13
190.15,100,98,13
190.24,100,98,13
190.34,100,98,13
190.43,100,98,13
190.53,100,98,13
190.62,100,98,13
190.72,100,98,13
190.81,100,98,13
190.90,100,98,13
191.00,100,98,13
200.01,100,98,13
200.11,100,98,13
200.21,100,98,13
200.30,100,98,13
200.39,100,98,13
200.49,100,98,13
200.58,100,98,13
200.67,100,98,13
200.77,100,98,13
200.86,100,98,13
200.96,100,98,13
210.15,100,98,13
210.25,100,98,13
210.35,100,98,13
210.45,100,98,13
210.54,100,98,13
210.64,100,98,13
210.73,100,98,13
210.82,100,98,13
210.92,100,98,13
220.04,109,108,14
220.13,109,108,14
220.30,109,108,14
220.40,109,108,14
220.49,109,108,14
220.59,109,108,14
220.68,109,108,14
220.78,109,108,14
220.87,109,108,14
220.96,109,108,14
230.10,109,108,14
230.19,109,108,14
230.29,109,108,14
230.38,109,108,14
230.48,109,108,14
230.57,109,108,14
230.73,109,108,14
230.82,109,108,14
230.92,109,108,14
240.06,109,108,14
240.16,109,108,14
240.25,109,108,14
240.35,109,108,14
240.46,109,108,14
240.61,109,108,14
240.71,109,108,14
240.80,109,108,14
240.96,109,108,14
250.06,109,108,14
250.16,109,108,14
250.25,109,108,14
250.35,109,108,14
250.45,109,108,14
250.55,109,108,14
250.64,109,108,14
250.73,109,108,14
250.83,109,108,14
250.92,109,108,14
260.02,109,108,14
260.11,109,108,14
260.21,109,108,14
260.30,109,108,14
260.40,109,108,14
260.50,109,108,14
260.60,109,108,14
260.70,109,108,14
260.79,109,108,14
260.95,109,108,14
270.08,109,108,14
270.18,109,108,14
270.27,109,108,14
270.37,109,108,14
270.46,109,108,14
270.56,109,108,14
270.65,109,108,14
270.74,109,108,14
270.84,109,108,14
270.94,109,108,14
280.02,109,108,14
280.12,109,108,14
280.21,109,108,14
280.30,109,108,14
280.40,109,108,14
280.49,109,108,14
280.60,109,108,14
280.70,109,108,14
280.79,109,108,14
280.89,109,108,14
280.98,109,108,14
290.07,109,108,14
290.16,109,108,14
290.25,109,108,14
290.34,109,108,14
290.44,109,108,14
290.53,109,108,14
290.70,109,108,14
290.80,109,108,14
290.90,109,108,14
290.99,109,108,14
300.14,109,108,14
300.23,109,108,14
300.33,109,108,14
300.43,109,108,14
300.52,109,108,14
300.61,109,108,14
300.71,109,108,14
300.80,109,108,14
300.91,109,108,14
301.01,109,108,14
310.06,109,108,14
310.16,109,108,14
310.25,109,108,14
310.42,109,108,14
310.52,109,108,14
310.61,109,108,14
310.71,109,108,14
310.80,109,108,14
310.89,109,108,14
310.99,109,108,14
320.02,109,108,14
320.11,109,108,14
320.21,109,108,14
320.30,109,108,14
320.39,109,108,14
320.49,109,108,14
320.58,109,108,14
320.67,109,108,14
320.77,109,108,14
320.88,109,108,14
320.97,109,108,14
330.05,109,108,14
330.17,109,108,14
330.26,109,108,14
330.35,109,108,14
330.45,109,108,14
330.54,109,108,14
330.63,109,108,14
330.73,109,108,14
330.82,109,108,14
330.93,109,108,14
340.06,109,108,14
340.15,109,108,14
340.24,109,108,14
340.34,109,108,14
340.44,109,108,14
340.53,109,108,14
340.62,108,108,15
340.71,108,108,15
340.81,108,108,15
340.91,108,108,15
341.01,108,108,15
350.10,108,108,15
350.19,108,108,15
350.29,107,108,16
350.38,107,108,16
350.48,107,108,16
350.58,107,108,16
350.68,107,108,16
350.77,107,108,16
350.87,107,108,16
350.97,107,108,16
360.10,107,108,16
360.19,107,108,16
360.29,107,108,16
360.38,107,108,16
360.48,107,108,16
360.60,107,108,16
360.69,107,108,16
360.79,107,108,16
360.88,107,108,16
360.98,107,108,16
370.06,107,108,16
370.16,107,108,16
370.25,107,108,16
370.35,107,108,16
370.44,107,108,16
370.53,107,108,16
370.63,107,108,16
370.72,107,108,16
370.81,107,108,16
370.91,107,108,16
371.00,107,108,16
380.03,106,108,17
380.13,106,108,17
380.22,106,108,17
380.32,106,108,17
380.41,106,108,17
380.51,106,108,17
380.60,106,108,17
380.69,106,108,17
380.79,106,108,17
380.88,106,108,17
380.98,106,108,17
390.08,106,108,17
390.17,106,108,17
390.26,106,108,17
390.36,106,108,17
390.45,106,108,17
390.55,106,108,17
390.64,106,108,17
390.74,106,108,17
390.83,106,108,17
390.93,106,108,17
400.02,106,108,17
400.12,106,108,17
400.21,106,108,17
400.31,106,108,17
400.40,106,108,17
400.49,106,108,17
400.59,106,108,17
400.68,106,108,17
400.78,106,108,17
400.87,106,108,17
400.96,106,108,17
410.05,106,108,17
410.15,106,108,17
410.24,106,108,17
410.42,106,108,17
410.51,106,108,17
410.60,106,108,17
410.69,106,108,17
410.79,106,108,17
410.88,106,108,17
410.98,106,108,17
420.01,105,108,18
420.11,105,108,18
420.20,105,108,18
420.30,105,108,18
420.39,105,108,18
420.49,105,108,18
420.65,105,108,18
420.74,105,108,18
420.83,105,108,18
420.93,105,108,18
430.07,105,108,18
430.17,105,108,18
430.26,105,108,18
430.35,105,108,18
430.45,105,108,18
430.54,105,108,18
430.64,105,108,18
430.73,105,108,18
430.83,105,108,18
430.92,105,108,18
440.06,105,108,18
440.23,105,108,18
440.32,105,108,18
440.41,105,108,18
440.50,105,108,18
440.59,105,108,18
440.68,105,108,18
440.78,105,108,18
440.87,105,108,18
440.96,105,108,18
450.06,105,108,18
450.16,105,108,18
450.25,105,108,18
450.41,105,108,18
450.50,105,108,18
450.60,105,108,18
450.69,105,108,18
450.78,105,108,18
450.88,105,108,18
450.97,105,108,18
460.04,105,108,18
460.14,105,108,18
460.23,105,108,18
460.33,105,108,18
460.42,105,108,18
460.51,105,108,18
460.61,105,108,18
460.70,105,108,18
460.79,105,108,18
460.89,105,108,18
460.98,105,108,18
470.09,105,108,18
470.19,105,108,18
470.28,105,108,18
470.38,105,108,18
470.47,105,108,18
470.57,105,108,18
470.66,105,108,18
470.76,105,108,18
470.85,105,108,18
470.95,105,108,18
480.09,105,108,18
480.19,105,108,18
480.36,105,108,18
480.45,105,108,18
480.55,105,108,18
480.64,105,108,18
480.74,105,108,18
480.83,105,108,18
480.93,105,108,18
490.05,105,108,18
490.14,105,108,18
490.24,105,108,18
490.33,105,108,18
490.50,105,108,18
490.60,105,108,18
490.69,105,108,18
490.79,105,108,18
490.88,105,108,18
490.97,105,108,18
500.04,105,108,18
500.13,105,108,18
500.22,105,108,18
500.32,105,108,18
500.41,105,108,18
500.51,105,108,18
500.60,105,108,18
500.70,105,108,18
500.81,105,108,18
500.90,105,108,18
501.00,105,108,18
510.09,105,108,18
510.19,105,108,18
510.28,105,108,18
510.38,105,108,18
510.47,105,108,18
510.57,105,108,18
510.66,105,108,18
510.75,105,108,18
510.85,105,108,18
510.94,105,108,18
520.07,104,108,19
520.17,104,108,19
520.26,104,108,19
520.44,104,108,19
520.53,104,108,19
520.62,104,108,19
520.72,104,108,19
520.81,104,108,19
520.91,104,108,19
521.00,104,108,19
530.07,104,108,19
530.16,104,108,19
530.26,104,108,19
530.35,104,108,19
530.45,104,108,19
530.54,104,108,19
530.71,104,108,19
530.81,104,108,19
530.90,104,108,19
531.00,104,108,19
540.10,104,108,19
540.20,104,108,19
540.29,104,108,19
540.39,104,108,19
540.48,104,108,19
540.57,104,108,19
540.67,104,108,19
540.76,104,108,19
540.94,104,108,19
550.05,104,108,19
550.14,104,108,19
550.29,104,108,19
550.39,104,108,19
550.48,104,108,19
550.60,104,108,19
550.69,104,108,19
550.79,104,108,19
550.88,104,108,19
550.97,104,108,19
560.05,104,108,19
560.15,104,108,19
560.24,104,108,19
560.34,104,108,19
560.43,104,108,19
560.53,104,108,19
560.62,104,108,19
560.72,104,108,19
560.81,104,108,19
560.91,104,108,19
561.00,104,108,19
570.02,104,108,19
570.11,104,108,19
570.21,104,108,19
570.30,104,108,19
570.40,104,108,19
570.49,104,108,19
570.58,104,108,19
570.68,104,108,19
570.77,104,108,19
570.87,104,108,19
570.96,104,108,19
580.07,104,108,19
580.16,104,108,19
580.26,104,108,19
580.35,104,108,19
580.45,104,108,19
580.54,104,108,19
580.64,104,108,19
580.73,104,108,19
580.82,104,108,19
580.92,104,108,19
590.04,103,108,20
590.13,103,108,20
590.31,103,108,20
590.40,103,108,20
590.49,103,108,20
590.59,103,108,20
590.68,103,108,20
590.78,103,108,20
590.87,103,108,20
590.97,103,108,20
600.06,103,108,20
600.15,103,108,20
600.24,103,108,20
600.34,103,108,20
600.45,103,108,20
600.54,103,108,20
600.64,103,108,20
600.73,103,108,20
600.83,103,108,20
600.92,103,108,20
610.02,103,108,20
610.11,103,108,20
610.21,103,108,20
610.30,103,108,20
610.40,103,108,20
610.49,103,108,20
610.58,103,108,20
610.68,103,108,20
610.77,103,108,20
610.87,103,108,20
610.96,103,108,20
620.09,103,108,20
620.18,103,108,20
620.28,103,108,20
620.37,103,108,20
620.47,103,108,20
620.56,103,108,20
620.65,103,108,20
620.75,103,108,20
620.84,103,108,20
620.94,103,108,20
630.06,103,108,20
630.23,103,108,20
630.32,103,108,20
630.42,103,108,20
630.51,103,108,20
630.60,103,108,20
630.70,103,108,20
630.80,103,108,20
630.89,103,108,20
630.98,103,108,20
640.08,103,108,20
640.17,103,108,20
640.27,103,108,20
640.36,103,108,20
640.46,103,108,20
640.55,103,108,20
640.65,103,108,20
640.74,103,108,20
640.84,103,108,20
640.93,103,108,20
650.07,103,108,20
650.17,103,108,20
650.26,103,108,20
650.36,103,108,20
650.47,103,108,20
650.56,103,108,20
650.66,103,108,20
650.75,103,108,20
650.91,103,108,20
651.00,103,108,20
660.01,103,108,20
660.18,103,108,20
660.28,103,108,20
660.37,103,108,20
660.47,103,108,20
660.56,103,108,20
660.65,103,108,20
660.75,103,108,20
660.84,103,108,20
660.93,103,108,20
670.08,103,108,20
670.17,103,108,20
670.27,103,108,20
670.37,103,108,20
670.46,103,108,20
670.55,103,108,20
670.72,103,108,20
670.82,103,108,20
670.91,103,108,20
671.01,103,108,20
680.05,103,108,20
680.14,103,108,20
680.24,103,108,20
680.33,103,108,20
680.42,103,108,20
680.51,103,108,20
680.61,103,108,20
680.70,103,108,20
680.80,103,108,20
680.89,103,108,20
690.10,103,108,20
690.19,103,108,20
690.29,103,108,20
690.38,103,108,20
690.48,103,108,20
690.57,103,108,20
690.67,103,108,20
690.84,103,108,20
690.93,103,108,20
700.06,103,108,20
700.15,103,108,20
700.25,103,108,20
700.34,103,108,20
700.47,103,108,20
700.56,103,108,20
700.66,103,108,20
700.75,103,108,20
700.85,103,108,20
700.94,103,108,20
710.08,103,108,20
710.18,103,108,20
710.27,103,108,20
710.44,103,108,20
710.54,103,108,20
710.63,103,108,20
710.72,103,108,20
710.82,103,108,20
710.91,103,108,20
711.00,103,108,20
720.03,103,108,20
720.13,103,108,20
720.22,103,108,20
720.32,103,108,20
720.41,103,108,20
720.51,103,108,20
720.60,103,108,20
720.77,103,108,20
720.87,103,108,20
720.96,103,108,20
730.01,103,108,20
730.11,103,108,20
730.20,103,108,20
730.31,103,108,20
730.40,103,108,20
730.50,103,108,20
730.59,103,108,20
730.69,103,108,20
730.78,103,108,20
730.88,103,108,20
740.05,103,108,20
740.22,103,108,20
740.31,103,108,20
740.41,103,108,20
740.50,103,108,20
740.60,103,108,20
740.69,103,108,20
740.78,103,108,20
740.87,103,108,20
740.97,103,108,20
750.09,103,108,20
750.18,103,108,20
750.28,103,108,20
750.37,103,108,20
750.50,103,108,20
750.59,103,108,20
750.68,103,108,20
750.78,103,108,20
750.88,103,108,20
750.97,103,108,20
760.05,103,108,20
760.14,103,108,20
760.24,103,108,20
760.33,103,108,20
760.43,103,108,20
760.52,103,108,20
760.61,103,108,20
760.70,103,108,20
760.88,103,108,20
760.97,103,108,20
770.02,103,108,20
770.11,103,108,20
770.21,103,108,20
770.30,103,108,20
770.40,103,108,20
770.49,103,108,20
770.59,103,108,20
770.68,103,108,20
770.77,103,108,20
770.87,103,108,20
780.09,103,108,20
780.18,103,108,20
780.28,103,108,20
780.37,103,108,20
780.47,103,108,20
780.56,103,108,20
780.66,103,108,20
780.75,103,108,20
780.84,103,108,20
780.94,103,108,20
790.05,103,108,20
790.15,103,108,20
790.24,103,108,20
790.33,103,108,20
790.43,103,108,20
790.52,103,108,20
790.62,103,108,20
790.71,103,108,20
790.81,103,108,20
790.90,103,108,20
790.99,103,108,20
800.08,103,108,20
800.17,103,108,20
800.26,103,108,20
800.36,103,108,20
800.47,103,108,20
800.56,103,108,20
800.66,103,108,20
800.76,103,108,20
800.85,103,108,20
800.94,103,108,20
810.05,103,108,20
810.14,103,108,20
810.23,103,108,20
810.33,103,108,20
810.42,103,108,20
810.52,103,108,20
810.61,103,108,20
810.71,103,108,20
810.80,103,108,20
810.89,103,108,20
810.99,103,108,20
820.10,103,108,20
820.19,103,108,20
820.29,103,108,20
820.38,103,108,20
820.48,103,108,20
820.57,103,108,20
820.66,103,108,20
820.76,103,108,20
820.85,103,108,20
820.95,103,108,20
830.09,103,108,20
830.19,103,108,20
830.28,103,108,20
830.38,103,108,20
830.47,103,108,20
830.56,103,108,20
830.72,103,108,20
830.82,103,108,20
830.91,103,108,20
831.00,103,108,20
840.08,103,108,20
840.17,103,108,20
840.26,103,108,20
840.36,103,108,20
840.45,103,108,20
840.55,103,108,20
840.64,103,108,20
840.73,103,108,20
840.91,103,108,20
841.00,103,108,20
850.04,103,108,20
850.14,103,108,20
850.25,103,108,20
850.34,103,108,20
850.44,103,108,20
850.53,103,108,20
850.63,103,108,20
850.72,103,108,20
850.81,103,108,20
850.91,103,108,20
851.00,103,108,20
860.05,103,108,20
860.15,103,108,20
860.24,103,108,20
860.34,103,108,20
860.51,103,108,20
860.60,103,108,20
860.70,103,108,20
860.79,103,108,20
860.89,103,108,20
860.98,103,108,20
870.02,103,108,20
870.11,103,108,20
870.21,103,108,20
870.30,103,108,20
870.39,103,108,20
870.49,103,108,20
870.58,103,108,20
870.68,103,108,20
870.84,103,108,20
870.93,103,108,20
880.04,103,108,20
880.20,103,108,20
880.29,103,108,20
880.39,103,108,20
880.48,103,108,20
880.58,103,108,20
880.67,103,108,20
880.76,103,108,20
880.86,103,108,20
880.95,103,108,20
890.02,103,108,20
890.11,103,108,20
890.27,103,108,20
890.36,103,108,20
890.45,103,108,20
890.55,103,108,20
890.64,103,108,20
890.74,103,108,20
890.84,103,108,20
890.93,103,108,20
900.03,103,108,20
900.12,103,108,20
900.22,103,108,20
900.31,103,108,20
900.41,103,108,20
900.50,103,108,20
900.59,103,108,20
900.69,103,108,20
900.78,103,108,20
900.88,103,108,20
900.97,103,108,20
910.02,103,108,20
910.12,103,108,20
910.21,103,108,20
910.31,103,108,20
910.40,103,108,20
910.50,103,108,20
910.59,103,108,20
910.76,103,108,20
910.86,103,108,20
910.95,103,108,20
920.05,103,108,20
920.21,103,108,20
920.30,103,108,20
920.39,103,108,20
920.49,103,108,20
920.58,103,108,20
920.68,103,108,20
920.77,103,108,20
920.87,103,108,20
920.96,103,108,20
930.04,103,108,20
930.13,103,108,20
930.23,103,108,20
930.32,103,108,20
930.41,103,108,20
930.51,103,108,20
930.60,103,108,20
930.70,103,108,20
930.79,103,108,20
930.88,103,108,20
930.98,103,108,20
940.02,103,108,20
940.11,103,108,20
940.21,103,108,20
940.30,103,108,20
940.40,103,108,20
940.49,103,108,20
940.59,103,108,20
940.68,103,108,20
940.78,103,108,20
940.87,103,108,20
940.97,103,108,20
950.09,103,108,20
950.18,103,108,20
950.28,103,108,20
950.37,103,108,20
950.47,103,108,20
950.56,103,108,20
950.66,103,108,20
950.75,103,108,20
950.85,103,108,20
950.94,103,108,20
960.08,103,108,20
960.17,103,108,20
960.27,103,108,20
960.45,103,108,20
960.54,103,108,20
960.63,103,108,20
960.73,103,108,20
960.82,103,108,20
960.91,103,108,20
961.01,103,108,20
970.02,103,108,20
970.12,103,108,20
970.21,103,108,20
970.31,103,108,20
970.40,103,108,20
970.49,103,108,20
970.59,103,108,20
970.68,103,108,20
970.84,103,108,20
970.93,103,108,20
980.05,103,108,20
980.14,103,108,20
980.32,103,108,20
980.41,103,108,20
980.50,103,108,20
980.60,103,108,20
980.69,103,108,20
980.79,103,108,20
980.88,103,108,20
980.97,103,108,20
990.02,103,108,20
990.12,103,108,20
990.22,103,108,20
990.31,103,108,20
990.41,103,108,20
990.50,103,108,20
990.60,103,108,20
990.69,103,108,20
990.79,103,108,20
990.88,103,108,20
990.97,103,108,20
1000.05,103,108,20
1000.14,103,108,20
1000.24,103,108,20
1000.33,103,108,20
1000.42,103,108,20
1000.60,103,108,20
1000.71,103,108,20
1000.83,103,108,20
1000.93,103,108,20
1010.05,103,108,20
1010.15,103,108,20
1010.24,103,108,20
1010.34,103,108,20
1010.43,103,108,20
1010.53,103,108,20
1010.62,103,108,20
1010.71,103,108,20
1010.81,103,108,20
1010.90,103,108,20
1011.00,103,108,20
1020.07,103,108,20
1020.17,103,108,20
1020.26,103,108,20
1020.35,103,108,20
1020.45,103,108,20
1020.54,103,108,20
1020.64,103,108,20
1020.73,103,108,20
1020.83,103,108,20
1020.92,103,108,20
1030.02,103,108,20
1030.11,103,108,20
1030.21,103,108,20
1030.30,103,108,20
1030.46,103,108,20
1030.55,103,108,20
1030.65,103,108,20
1030.74,103,108,20
1030.84,103,108,20
1030.93,103,108,20
1040.02,103,108,20
1040.11,103,108,20
1040.21,103,108,20
1040.30,103,108,20
1040.40,103,108,20
1040.49,103,108,20
1040.59,103,108,20
1040.68,103,108,20
1040.78,103,108,20
1040.87,103,108,20
1040.97,103,108,20
1050.04,102,108,21
1050.14,102,108,21
1050.23,102,108,21
1050.33,102,108,21
1050.42,102,108,21
1050.52,102,108,21
1050.61,102,108,21
1050.70,102,108,21
1050.80,102,108,21
1050.89,102,108,21
1050.99,102,108,21
1060.01,102,108,21
1060.11,102,108,21
1060.20,102,108,21
1060.29,102,108,21
1060.39,102,108,21
1060.48,102,108,21
1060.58,102,108,21
1060.67,102,108,21
1060.77,102,108,21
1060.86,102,108,21
1060.96,102,108,21
1070.04,102,108,21
1070.14,102,108,21
1070.23,102,108,21
1070.32,102,108,21
1070.42,102,108,21
1070.51,102,108,21
1070.61,102,108,21
1070.70,102,108,21
1070.79,102,108,21
1070.89,102,108,21
1070.98,102,108,21
1080.08,102,108,21
1080.17,102,108,21
1080.26,102,108,21
1080.36,102,108,21
1080.45,102,108,21
1080.55,102,108,21
1080.64,102,108,21
1080.81,102,108,21
1080.90,102,108,21
1081.00,102,108,21
1090.06,102,108,21
1090.16,102,108,21
1090.25,102,108,21
1090.34,102,108,21
1090.44,102,108,21
1090.54,102,108,21
1090.63,102,108,21
1090.72,102,108,21
1090.82,102,108,21
1090.99,102,108,21
1100.02,102,108,21
1100.12,102,108,21
1100.21,102,108,21
1100.30,102,108,21
1100.40,102,108,21
1100.49,102,108,21
1100.59,102,108,21
1100.68,102,108,21
1100.78,102,108,21
1100.87,102,108,21
1100.96,102,108,21
1110.02,102,108,21
1110.11,102,108,21
1110.21,102,108,21
1110.30,102,108,21
1110.40,102,108,21
1110.57,102,108,21
1110.66,102,108,21
1110.76,102,108,21
1110.85,102,108,21
1110.95,102,108,21
1120.08,102,108,21
1120.18,102,108,21
1120.27,102,108,21
1120.37,102,108,21
1120.46,102,108,21
1120.55,102,108,21
1120.65,102,108,21
1120.74,102,108,21
1120.91,102,108,21
1121.01,102,108,21
1130.05,102,108,21
1130.14,102,108,21
1130.24,102,108,21
1130.33,102,108,21
1130.42,102,108,21
1130.52,102,108,21
1130.61,102,108,21
1130.71,102,108,21
1130.80,102,108,21
1130.90,102,108,21
1140.06,102,108,21
1140.16,102,108,21
1140.25,102,108,21
1140.35,102,108,21
1140.44,102,108,21
1140.54,102,108,21
1140.63,102,108,21
1140.73,102,108,21
1140.82,102,108,21
1140.92,102,108,21
1150.07,102,108,21
1150.17,102,108,21
1150.34,102,108,21
1150.44,102,108,21
1150.53,102,108,21
1150.62,102,108,21
1150.72,102,108,21
1150.82,102,108,21
1150.91,102,108,21
1151.00,102,108,21
1160.08,102,108,21
1160.18,102,108,21
1160.27,102,108,21
1160.36,102,108,21
1160.46,102,108,21
1160.55,102,108,21
1160.65,102,108,21
1160.74,102,108,21
1160.84,102,108,21
1160.93,102,108,21
1170.04,102,108,21
1170.14,102,108,21
1170.23,102,108,21
1170.33,102,108,21
1170.43,102,108,21
1170.53,102,108,21
1170.62,102,108,21
1170.72,102,108,21
1170.81,102,108,21
1170.90,102,108,21
1171.00,102,108,21
1180.03,102,108,21
1180.13,102,108,21
1180.22,102,108,21
1180.32,102,108,21
1180.41,102,108,21
1180.51,102,108,21
1180.60,102,108,21
1180.69,102,108,21
1180.79,102,108,21
1180.88,102,108,21
1180.97,102,108,21
1190.08,102,108,21
1190.25,102,108,21
1190.34,102,108,21
1190.44,102,108,21
1190.53,102,108,21
1190.63,102,108,21
1190.72,102,108,21
1190.82,102,108,21
1190.91,102,108,21
1191.00,102,108,21
1200.06,102,108,21
1200.15,102,108,21
1200.24,102,108,21
1200.34,102,108,21
1200.43,102,108,21
1200.53,102,108,21
1200.62,102,108,21
1200.72,102,108,21
1200.81,102,108,21
1200.90,102,108,21
1201.00,102,108,21
1210.03,102,108,21
1210.13,102,108,21
1210.22,102,108,21
1210.32,102,108,21
1210.41,102,108,21
1210.51,102,108,21
1210.60,102,108,21
1210.70,102,108,21
1210.79,102,108,21
1210.89,102,108,21
1210.98,102,108,21
1220.08,102,108,21
1220.17,102,108,21
1220.27,102,108,21
1220.36,102,108,21
1220.46,102,108,21
1220.55,102,108,21
1220.65,102,108,21
1220.74,102,108,21
1220.84,102,108,21
1220.93,102,108,21
1230.04,102,108,21
1230.14,102,108,21
1230.23,102,108,21
1230.33,102,108,21
1230.42,102,108,21
1230.52,102,108,21
1230.61,102,108,21
1230.71,102,108,21
1230.80,102,108,21
1230.89,102,108,21
1230.99,102,108,21
1240.10,102,108,21
1240.20,102,108,21
1240.29,102,108,21
1240.39,102,108,21
1240.48,102,108,21
1240.57,102,108,21
1240.67,102,108,21
1240.76,102,108,21
1240.86,102,108,21
1240.95,102,108,21
1250.07,102,108,21
1250.17,102,108,21
1250.26,102,108,21
1250.36,102,108,21
1250.45,102,108,21
1250.54,102,108,21
1250.64,102,108,21
1250.73,102,108,21
1250.83,102,108,21
1250.92,102,108,21
1260.11,102,108,21
1260.20,102,108,21
1260.30,102,108,21
1260.39,102,108,21
1260.48,102,108,21
1260.58,102,108,21
1260.67,102,108,21
1260.77,102,108,21
1260.87,102,108,21
1260.96,102,108,21
1270.09,102,108,21
1270.19,102,108,21
1270.28,102,108,21
1270.45,102,108,21
1270.55,102,108,21
1270.64,102,108,21
1270.74,102,108,21
1270.83,102,108,21
1270.93,102,108,21
1280.06,102,108,21
1280.15,102,108,21
1280.25,102,108,21
1280.34,102,108,21
1280.44,102,108,21
1280.61,102,108,21
1280.70,102,108,21
1280.80,102,108,21
1280.90,102,108,21
1280.99,102,108,21
1290.02,102,108,21
1290.11,102,108,21
1290.20,102,108,21
1290.30,102,108,21
1290.39,102,108,21
1290.49,102,108,21
1290.58,102,108,21
1290.67,102,108,21
1290.77,102,108,21
1290.94,102,108,21
1300.02,102,108,21
1300.11,102,108,21
1300.20,102,108,21
1300.30,102,108,21
1300.39,102,108,21
1300.49,102,108,21
1300.58,102,108,21
1300.67,102,108,21
1300.77,102,108,21
1300.87,102,108,21
1300.96,102,108,21
1310.06,102,108,21
1310.15,102,108,21
1310.25,102,108,21
1310.36,102,108,21
1310.47,102,108,21
1310.59,102,108,21
1310.70,102,108,21
1310.80,102,108,21
1310.89,102,108,21
1310.98,102,108,21
1320.07,102,108,21
1320.17,102,108,21
1320.26,102,108,21
1320.36,102,108,21
1320.45,102,108,21
1320.54,102,108,21
1320.64,102,108,21
1320.73,102,108,21
1320.90,102,108,21
1321.00,102,108,21
1330.05,102,108,21
1330.18,102,108,21
1330.28,102,108,21
1330.37,102,108,21
1330.47,102,108,21
1330.56,102,108,21
1330.66,102,108,21
1330.75,102,108,21
1330.84,102,108,21
1340.01,102,108,21
1340.10,102,108,21
1340.20,102,108,21
1340.29,102,108,21
1340.39,102,108,21
1340.48,102,108,21
1340.59,102,108,21
1340.68,102,108,21
1340.86,102,108,21
1340.95,102,108,21
1350.05,102,108,21
1350.15,102,108,21
1350.26,102,108,21
1350.36,102,108,21
1350.46,102,108,21
1350.55,102,108,21
1350.65,102,108,21
1350.74,102,108,21
1350.84,102,108,21
1350.93,102,108,21
1360.05,102,108,21
1360.15,102,108,21
1360.24,102,108,21
1360.34,102,108,21
1360.43,102,108,21
1360.52,102,108,21
1360.61,102,108,21
1360.71,102,108,21
1360.80,102,108,21
1360.90,102,108,21
1360.99,102,108,21
1370.05,102,108,21
1370.14,102,108,21
1370.23,102,108,21
1370.33,102,108,21
1370.42,102,108,21
1370.60,102,108,21
1370.69,102,108,21
1370.79,102,108,21
1370.88,102,108,21
1370.97,102,108,21
1380.08,102,108,21
1380.17,102,108,21
1380.26,102,108,21
1380.36,102,108,21
1380.45,102,108,21
1380.55,102,108,21
1380.64,102,108,21
1380.74,102,108,21
1380.83,102,108,21
1380.92,102,108,21
1390.04,102,108,21
1390.21,102,108,21
1390.31,102,108,21
1390.40,102,108,21
1390.50,102,108,21
1390.59,102,108,21
1390.68,102,108,21
1390.78,102,108,21
1390.87,102,108,21
1390.97,102,108,21
1400.08,102,108,21
1400.17,102,108,21
1400.27,102,108,21
1400.39,102,108,21
1400.49,102,108,21
1400.58,102,108,21
1400.67,102,108,21
1400.77,102,108,21
1400.86,102,108,21
1400.96,102,108,21
1410.05,102,108,21
1410.15,102,108,21
1410.24,102,108,21
1410.34,102,108,21
1410.43,102,108,21
1410.53,102,108,21
1410.70,102,108,21
1410.79,102,108,21
1410.89,102,108,21
1410.98,102,108,21
1420.07,102,108,21
1420.17,102,108,21
1420.26,102,108,21
1420.36,102,108,21
1420.45,102,108,21
1420.54,102,108,21
1420.64,102,108,21
1420.73,102,108,21
1420.82,102,108,21
1420.92,102,108,21
1430.03,102,108,21
1430.12,102,108,21
1430.21,102,108,21
1430.31,102,108,21
1430.41,102,108,21
1430.50,102,108,21
1430.59,102,108,21
1430.69,102,108,21
1430.78,102,108,21
1430.87,102,108,21
1430.97,102,108,21
1440.06,102,108,21
1440.16,102,108,21
1440.26,102,108,21
1440.35,102,108,21
1440.45,102,108,21
1440.54,102,108,21
1440.63,102,108,21
1440.73,102,108,21
1440.83,102,108,21
1440.92,102,108,21
1450.01,102,108,21
1450.11,102,108,21
1450.20,102,108,21
1450.32,102,108,21
1450.41,102,108,21
1450.50,102,108,21
1450.60,102,108,21
1450.69,102,108,21
1450.78,102,108,21
1450.88,102,108,21
1450.97,102,108,21
1460.04,102,108,21
1460.14,102,108,21
1460.23,102,108,21
1460.33,102,108,21
1460.42,102,108,21
1460.51,102,108,21
1460.61,102,108,21
1460.70,102,108,21
1460.79,102,108,21
1460.97,102,108,21
1470.02,102,108,21
1470.12,102,108,21
1470.21,102,108,21
1470.31,102,108,21
1470.40,102,108,21
1470.50,102,108,21
1470.59,102,108,21
1470.68,102,108,21
1470.78,102,108,21
1470.87,102,108,21
1470.97,102,108,21
1480.07,102,108,21
1480.16,102,108,21
1480.26,102,108,21
1480.35,102,108,21
1480.45,102,108,21
1480.54,102,108,21
1480.64,102,108,21
1480.73,102,108,21
1480.83,102,108,21
1480.92,102,108,21
1490.09,102,108,21
1490.19,102,108,21
1490.28,102,108,21
1490.37,102,108,21
1490.47,102,108,21
1490.56,102,108,21
1490.66,102,108,21
1490.75,102,108,21
1490.92,102,108,21
1500.06,102,108,21
1500.15,102,108,21
1500.25,102,108,21
1500.37,102,108,21
1500.47,102,108,21
1500.56,102,108,21
1500.65,102,108,21
1500.75,102,108,21
1500.84,102,108,21
1500.94,102,108,21
1510.07,102,108,21
1510.16,102,108,21
1510.36,102,108,21
1510.46,102,108,21
1510.58,102,108,21
1510.69,102,108,21
1510.79,102,108,21
1510.88,102,108,21
1510.98,102,108,21
1520.10,102,108,21
1520.20,102,108,21
1520.29,102,108,21
1520.39,102,108,21
1520.50,102,108,21
1520.59,102,108,21
1520.68,102,108,21
1520.78,102,108,21
1520.87,102,108,21
1520.97,102,108,21
1530.04,102,108,21
1530.13,102,108,21
1530.33,102,108,21
1530.45,102,108,21
1530.58,102,108,21
1530.67,102,108,21
1530.77,102,108,21
1530.86,102,108,21
1530.95,102,108,21
1540.07,102,108,21
1540.16,102,108,21
1540.26,102,108,21
1540.35,102,108,21
1540.44,102,108,21
1540.54,102,108,21
1540.63,102,108,21
1540.72,102,108,21
1540.82,102,108,21
1540.91,102,108,21
1550.05,102,108,21
1550.15,102,108,21
1550.24,102,108,21
1550.34,102,108,21
1550.44,102,108,21
1550.53,102,108,21
1550.62,102,108,21
1550.75,102,108,21
1550.84,102,108,21
1550.94,102,108,21
1560.05,102,108,21
1560.15,102,108,21
1560.24,102,108,21
1560.34,102,108,21
1560.43,102,108,21
1560.52,102,108,21
1560.62,102,108,21
1560.79,102,108,21
1560.88,102,108,21
1560.98,102,108,21
1570.02,102,108,21
1570.13,102,108,21
1570.23,102,108,21
1570.32,102,108,21
1570.42,102,108,21
1570.51,102,108,21
1570.60,102,108,21
1570.70,102,108,21
1570.79,102,108,21
1570.89,102,108,21
1570.98,102,108,21
1580.09,102,108,21
1580.19,102,108,21
1580.28,102,108,21
1580.37,102,108,21
1580.47,102,108,21
1580.56,102,108,21
1580.65,102,108,21
1580.75,102,108,21
1580.84,102,108,21
1580.94,102,108,21
1590.05,102,108,21
1590.14,102,108,21
1590.24,102,108,21
1590.33,102,108,21
1590.43,102,108,21
1590.52,102,108,21
1590.61,102,108,21
1590.71,102,108,21
1590.80,102,108,21
1590.90,102,108,21
1590.99,102,108,21
1600.09,102,108,21
1600.18,102,108,21
1600.28,102,108,21
1600.37,102,108,21
1600.47,102,108,21
1600.56,102,108,21
1600.66,102,108,21
1600.75,102,108,21
1600.84,102,108,21
1600.97,102,108,21
1610.16,102,108,21
1610.25,102,108,21
1610.35,102,108,21
1610.44,102,108,21
1610.54,102,108,21
1610.63,102,108,21
1610.73,102,108,21
1610.82,102,108,21
1610.92,102,108,21
1620.04,102,108,21
1620.14,102,108,21
1620.31,102,108,21
1620.41,102,108,21
1620.50,102,108,21
1620.59,102,108,21
1620.69,102,108,21
1620.78,102,108,21
1620.87,102,108,21
1620.97,102,108,21
1630.10,102,108,21
1630.19,102,108,21
1630.29,102,108,21
1630.38,102,108,21
1630.47,102,108,21
1630.65,102,108,21
1630.74,102,108,21
1630.83,102,108,21
1630.93,102,108,21
1640.02,102,108,21
1640.12,102,108,21
1640.21,102,108,21
1640.31,102,108,21
1640.40,102,108,21
1640.50,102,108,21
1640.59,102,108,21
1640.69,102,108,21
1640.78,102,108,21
1640.88,102,108,21
1640.97,102,108,21
1650.05,102,108,21
1650.15,102,108,21
1650.24,102,108,21
1650.33,102,108,21
1650.43,102,108,21
1650.52,102,108,21
1650.61,102,108,21
1650.71,102,108,21
1650.80,102,108,21
1650.91,102,108,21
1651.01,102,108,21
1660.10,102,108,21
1660.19,102,108,21
1660.29,102,108,21
1660.38,102,108,21
1660.47,102,108,21
1660.57,102,108,21
1660.66,102,108,21
1660.76,102,108,21
1660.85,102,108,21
1660.94,102,108,21
1670.02,102,108,21
1670.12,102,108,21
1670.22,102,108,21
1670.31,102,108,21
1670.40,102,108,21
1670.50,102,108,21
1670.59,102,108,21
1670.69,102,108,21
1670.78,102,108,21
1670.87,102,108,21
1670.97,102,108,21
1680.04,102,108,21
1680.14,102,108,21
1680.24,102,108,21
1680.33,102,108,21
1680.42,102,108,21
1680.52,102,108,21
1680.61,102,108,21
1680.70,102,108,21
1680.80,102,108,21
1680.89,102,108,21
1680.99,102,108,21
1690.09,102,108,21
1690.19,102,108,21
1690.28,102,108,21
1690.38,102,108,21
1690.55,102,108,21
1690.67,102,108,21
1690.77,102,108,21
1690.87,102,108,21
1690.96,102,108,21
1700.07,102,108,21
1700.16,102,108,21
1700.25,102,108,21
1700.35,102,108,21
1700.44,102,108,21
1700.54,102,108,21
1700.63,102,108,21
1700.73,102,108,21
1700.82,102,108,21
1700.92,102,108,21
1701.01,102,108,21
1710.16,102,108,21
1710.25,102,108,21
1710.35,102,108,21
1710.44,102,108,21
1710.53,102,108,21
1710.63,102,108,21
1710.72,102,108,21
1710.82,102,108,21
1710.91,102,108,21
1711.01,102,108,21
1720.01,102,108,21
1720.11,102,108,21
1720.20,102,108,21
1720.30,102,108,21
1720.47,102,108,21
1720.56,102,108,21
1720.66,102,108,21
1720.75,102,108,21
1720.85,102,108,21
1720.94,102,108,21
1730.01,102,108,21
1730.11,102,108,21
1730.20,102,108,21
1730.29,102,108,21
1730.39,102,108,21
1730.49,102,108,21
1730.58,102,108,21
1730.68,102,108,21
1730.84,102,108,21
1730.94,102,108,21
1740.06,102,108,21
1740.16,102,108,21
1740.25,102,108,21
1740.34,102,108,21
1740.44,102,108,21
1740.53,102,108,21
1740.63,102,108,21
1740.72,102,108,21
1740.81,102,108,21
1740.91,102,108,21
1750.02,102,108,21
1750.11,102,108,21
1750.21,102,108,21
1750.30,102,108,21
1750.40,102,108,21
1750.49,102,108,21
1750.58,102,108,21
1750.68,102,108,21
1750.77,102,108,21
1750.86,102,108,21
1750.96,102,108,21
1760.07,102,108,21
1760.16,102,108,21
1760.26,102,108,21
1760.35,102,108,21
1760.44,102,108,21
1760.54,102,108,21
1760.63,102,108,21
1760.73,102,108,21
1760.82,102,108,21
1760.91,102,108,21
1761.01,102,108,21
1770.06,102,108,21
1770.18,102,108,21
1770.28,102,108,21
1770.38,102,108,21
1770.48,102,108,21
1770.57,102,108,21
1770.67,102,108,21
1770.77,102,108,21
1770.87,102,108,21
1770.97,102,108,21
1780.08,102,108,21
1780.18,102,108,21
1780.27,102,108,21
1780.37,102,108,21
1780.46,102,108,21
1780.55,102,108,21
1780.65,102,108,21
1780.74,102,108,21
1780.84,102,108,21
1780.93,102,108,21
1790.05,102,108,21
1790.14,102,108,21
1790.24,102,108,21
1790.33,102,108,21
1790.42,102,108,21
1790.52,102,108,21
1790.61,102,108,21
1790.71,102,108,21
1790.80,102,108,21
1790.90,102,108,21
1790.99,102,108,21
1800.06,102,108,21
1800.17,102,108,21
1800.27,102,108,21
1800.36,102,108,21
1800.45,102,108,21
1800.55,102,108,21
1800.65,102,108,21
1800.74,102,108,21
1800.85,102,108,21
1800.94,102,108,21
1810.04,102,108,21
1810.14,102,108,21
1810.23,102,108,21
1810.32,102,108,21
1810.41,102,108,21
1810.51,102,108,21
1810.61,102,108,21
1810.70,102,108,21
1810.79,102,108,21
1810.88,102,108,21
1810.98,102,108,21
1820.06,102,108,21
1820.15,102,108,21
1820.24,102,108,21
1820.34,102,108,21
1820.43,102,108,21
1820.69,102,108,21
1820.78,102,108,21
1820.87,102,108,21
1820.97,102,108,21
1830.04,102,108,21
1830.13,102,108,21
1830.22,102,108,21
1830.32,102,108,21
1830.41,102,108,21
1830.51,102,108,21
1830.60,102,108,21
1830.69,102,108,21
1830.79,102,108,21
1830.88,102,108,21
1830.98,102,108,21
1840.04,102,108,21
1840.16,102,108,21
1840.26,102,108,21
1840.35,102,108,21
1840.45,102,108,21
1840.54,102,108,21
1840.64,102,108,21
1840.73,102,108,21
1840.84,102,108,21
1840.94,102,108,21
1850.08,102,108,21
1850.17,102,108,21
1850.27,102,108,21
1850.36,102,108,21
1850.46,102,108,21
1850.55,102,108,21
1850.65,102,108,21
1850.74,102,108,21
1850.83,102,108,21
1850.92,102,108,21
1860.06,102,108,21
1860.16,102,108,21
1860.25,102,108,21
1860.35,102,108,21
1860.44,102,108,21
1860.53,102,108,21
1860.63,102,108,21
1860.72,102,108,21
1860.82,102,108,21
1860.91,102,108,21
1861.00,102,108,21
1870.03,102,108,21
1870.12,102,108,21
1870.22,102,108,21
1870.31,102,108,21
1870.40,102,108,21
1870.50,102,108,21
1870.59,102,108,21
1870.69,102,108,21
1870.78,102,108,21
1870.88,102,108,21
1880.07,102,108,21
1880.16,102,108,21
1880.26,102,108,21
1880.35,102,108,21
1880.45,102,108,21
1880.54,102,108,21
1880.63,102,108,21
1880.73,102,108,21
1880.82,102,108,21
1880.91,102,108,21
1881.01,102,108,21
1890.06,102,108,21
1890.15,102,108,21
1890.32,102,108,21
1890.42,102,108,21
1890.51,102,108,21
1890.61,102,108,21
1890.70,102,108,21
1890.80,102,108,21
1890.91,102,108,21
1891.00,102,108,21
1900.02,102,108,21
1900.11,102,108,21
1900.21,102,108,21
1900.30,102,108,21
1900.40,102,108,21
1900.49,102,108,21
1900.66,102,108,21
1900.75,102,108,21
1900.85,102,108,21
1900.94,102,108,21
10.07,23,8,0
10.11,23,8,0
10.16,23,8,0
10.25,23,8,0
10.33,23,8,0
10.42,23,8,0
10.47,23,8,0
10.58,23,8,0
10.62,23,8,0
10.66,23,8,0
10.77,23,8,0
10.81,23,8,0
10.95,23,8,0
11.00,23,8,0
20.13,25,10,0
20.21,25,10,0
20.30,25,10,0
20.39,25,10,0
20.49,25,10,0
20.58,25,10,0
20.68,25,10,0
20.77,25,10,0
20.86,25,10,0
20.96,25,10,0
30.02,25,10,0
30.10,25,10,0
30.23,25,10,0
30.33,25,10,0
30.43,25,10,0
30.51,25,10,0
30.64,25,10,0
30.72,25,10,0
30.81,25,10,0
30.91,25,10,0
40.08,26,11,0
40.16,26,11,0
40.30,26,11,0
40.39,26,11,0
40.47,26,11,0
40.55,26,11,0
40.72,26,11,0
40.77,26,11,0
40.86,26,11,0
40.95,26,11,0
50.06,27,12,0
50.15,27,12,0
50.24,27,12,0
50.34,27,12,0
50.43,27,12,0
50.54,27,12,0
50.63,27,12,0
50.68,27,12,0
50.82,27,12,0
50.92,27,12,0
60.04,28,13,0
60.22,28,13,0
60.26,28,13,0
60.44,28,13,0
60.48,28,13,0
60.58,28,13,0
60.67,28,13,0
60.77,28,13,0
60.86,28,13,0
60.95,28,13,0
70.04,29,14,0
70.13,29,14,0
70.21,29,14,0
70.33,29,14,0
70.42,29,14,0
70.55,29,14,0
70.63,29,14,0
70.71,29,14,0
70.82,29,14,0
70.91,29,14,0
71.00,29,14,0
80.09,32,17,0
80.18,32,17,0
80.26,32,17,0
80.35,32,17,0
80.45,32,17,0
80.54,32,17,0
80.67,32,17,0
80.76,32,17,0
80.85,32,17,0
80.99,32,17,0
90.06,35,20,0
90.15,35,20,0
90.24,35,20,0
90.32,35,20,0
90.45,35,20,0
90.53,35,20,0
90.63,35,20,0
90.71,35,20,0
90.81,35,20,0
90.90,35,20,0
100.07,39,24,0
100.17,39,24,0
100.29,39,24,0
100.37,39,24,0
100.51,39,24,0
100.61,39,24,0
100.65,39,24,0
100.78,39,24,0
100.87,39,24,0
100.97,39,24,0
110.05,41,26,0
110.13,41,26,0
110.25,41,26,0
110.35,41,26,0
110.44,41,26,0
110.53,41,26,0
110.63,41,26,0
110.72,41,26,0
110.80,41,26,0
110.93,41,26,0
120.04,35,31,11
120.13,35,31,11
120.22,35,31,11
120.27,35,31,11
120.41,35,31,11
120.51,35,31,11
120.55,35,31,11
120.68,35,31,11
120.78,35,31,11
120.86,36,32,11
130.09,38,39,16
130.18,38,39,16
130.27,38,39,16
130.35,38,39,16
130.44,38,39,16
130.54,38,39,16
130.66,38,39,16
130.76,38,39,16
130.85,39,40,16
130.95,39,40,16
140.08,48,50,17
140.22,48,50,17
140.32,48,50,17
140.37,48,50,17
140.45,48,50,17
140.55,48,50,17
140.60,48,50,17
140.65,48,50,17
140.69,49,51,17
140.74,49,51,17
140.90,50,52,17
140.95,50,52,17
150.06,67,69,17
150.38,67,69,17
150.44,67,69,17
150.49,68,70,17
150.54,68,70,17
150.60,68,70,17
150.71,68,70,17
150.76,68,70,17
150.86,68,70,17
150.91,68,70,17
150.96,68,70,17
160.03,87,89,17
160.09,87,89,17
160.15,87,89,17
160.22,88,90,17
160.29,88,90,17
160.36,89,91,17
160.47,89,91,17
170.02,100,102,17
170.13,100,102,17
170.19,100,102,17
170.30,100,102,17
170.41,100,102,17
170.52,100,102,17
170.63,100,102,17
170.74,100,102,17
170.80,100,102,17
170.91,100,102,17
170.98,100,102,17
180.08,100,102,17
180.18,100,102,17
180.24,100,102,17
180.35,100,102,17
180.46,100,102,17
180.52,100,102,17
180.63,100,102,17
180.74,100,102,17
180.85,100,102,17
180.94,100,102,17
190.05,107,111,19
190.14,107,111,19
190.20,107,111,19
190.31,107,111,19
190.42,107,111,19
200.06,106,111,20
200.12,106,111,20
200.28,106,111,20
200.39,106,111,20
200.45,106,111,20
200.55,106,111,20
200.67,106,111,20
200.73,106,111,20
200.83,106,111,20
200.95,106,111,20
201.01,106,111,20
210.03,106,111,20
210.13,106,111,20
210.19,106,111,20
210.29,106,111,20
210.39,106,111,20
210.49,106,111,20
210.63,106,111,20
210.72,106,111,20
210.82,106,111,20
210.93,106,111,20
220.06,106,111,20
220.16,106,111,20
220.27,106,111,20
220.33,106,111,20
220.43,106,111,20
220.54,106,111,20
220.65,106,111,20
220.81,106,111,20
220.90,106,111,20
220.96,106,111,20
230.09,106,111,20
230.59,106,111,20
230.65,106,111,20
230.71,106,111,20
230.77,106,111,20
230.84,106,111,20
230.90,106,111,20
231.01,106,111,20
240.04,106,111,20
240.16,106,111,20
240.27,106,111,20
240.38,106,111,20
240.49,106,111,20
240.59,106,111,20
240.65,106,111,20
240.76,106,111,20
240.87,106,111,20
240.98,106,111,20
250.05,106,111,20
250.11,106,111,20
250.23,106,111,20
250.28,106,111,20
250.39,106,111,20
250.50,106,111,20
250.61,106,111,20
250.72,106,111,20
250.83,106,111,20
250.89,106,111,20
251.00,106,111,20
260.07,106,111,20
260.18,106,111,20
260.29,106,111,20
260.40,106,111,20
260.46,106,111,20
260.57,106,111,20
260.68,106,111,20
260.74,106,111,20
260.90,106,111,20
261.01,106,111,20
270.04,106,111,20
270.15,106,111,20
270.26,106,111,20
270.33,106,111,20
270.43,106,111,20
270.55,106,111,20
270.65,106,111,20
270.72,106,111,20
270.83,106,111,20
270.93,106,111,20
271.00,106,111,20
280.04,106,111,20
280.14,106,111,20
280.23,106,111,20
280.35,106,111,20
280.46,106,111,20
280.57,106,111,20
280.68,106,111,20
280.74,106,111,20
280.84,106,111,20
280.95,106,111,20
290.02,106,111,20
290.13,106,111,20
290.24,106,111,20
290.35,106,111,20
290.42,106,111,20
290.52,106,111,20
290.66,106,111,20
290.72,106,111,20
290.86,106,111,20
290.92,106,111,20
300.10,106,111,20
300.21,106,111,20
300.27,106,111,20
300.38,106,111,20
300.49,106,111,20
300.60,106,111,20
300.66,106,111,20
300.77,106,111,20
300.83,106,111,20
300.99,106,111,20
310.02,106,111,20
310.14,106,111,20
310.24,106,111,20
310.35,106,111,20
310.42,106,111,20
310.53,106,111,20
310.64,106,111,20
310.70,106,111,20
310.81,106,111,20
310.92,106,111,20
320.11,106,111,20
320.17,106,111,20
320.28,106,111,20
320.39,106,111,20
320.45,106,111,20
320.61,106,111,20
320.67,106,111,20
320.78,106,111,20
320.89,106,111,20
320.96,106,111,20
330.03,106,111,20
330.15,106,111,20
330.21,106,111,20
330.32,106,111,20
330.43,106,111,20
330.49,106,111,20
330.60,106,111,20
330.74,106,111,20
330.83,106,111,20
330.94,106,111,20
340.10,106,111,20
340.19,106,111,20
340.30,106,111,20
340.41,106,111,20
340.47,106,111,20
340.59,106,111,20
340.70,106,111,20
340.76,106,111,20
340.87,106,111,20
340.93,106,111,20
350.05,106,111,20
350.15,106,111,20
350.22,106,111,20
350.37,106,111,20
350.49,106,111,20
350.54,106,111,20
350.65,106,111,20
350.75,106,111,20
350.86,106,111,20
350.92,106,111,20
360.07,106,111,20
360.13,106,111,20
360.19,106,111,20
360.30,106,111,20
360.36,106,111,20
360.47,106,111,20
360.57,106,111,20
360.68,106,111,20
360.78,106,111,20
360.88,106,111,20
360.99,106,111,20
370.09,106,111,20
370.16,106,111,20
370.22,106,111,20
370.33,106,111,20
370.43,106,111,20
370.54,106,111,20
370.60,106,111,20
370.69,106,111,20
370.84,106,111,20
370.94,106,111,20
380.12,106,111,20
380.23,106,111,20
380.29,106,111,20
380.39,106,111,20
380.50,106,111,20
380.56,106,111,20
380.67,106,111,20
380.78,106,111,20
380.84,106,111,20
380.96,106,111,20
390.07,106,111,20
390.13,106,111,20
390.24,106,111,20
390.30,106,111,20
390.36,106,111,20
390.42,106,111,20
390.49,106,111,20
390.59,106,111,20
390.66,106,111,20
390.72,106,111,20
390.81,106,111,20
390.88,106,111,20
390.94,106,111,20
391.00,106,111,20
400.09,106,111,20
400.20,106,111,20
400.31,106,111,20
400.37,106,111,20
400.48,106,111,20
400.54,106,111,20
400.65,106,111,20
400.81,106,111,20
400.87,106,111,20
400.98,106,111,20
410.06,106,111,20
410.18,106,111,20
410.24,106,111,20
410.35,106,111,20
410.46,106,111,20
410.56,106,111,20
410.63,106,111,20
410.72,106,111,20
410.83,106,111,20
410.94,106,111,20
420.11,106,111,20
420.23,106,111,20
420.29,106,111,20
420.40,106,111,20
420.51,106,111,20
420.62,106,111,20
420.69,106,111,20
420.79,106,111,20
420.90,106,111,20
420.96,106,111,20
430.04,106,111,20
430.67,106,111,20
430.73,106,111,20
430.79,106,111,20
430.86,106,111,20
430.92,106,111,20
440.07,106,111,20
440.22,106,111,20
440.29,106,111,20
440.40,106,111,20
440.50,106,111,20
440.56,106,111,20
440.69,106,111,20
440.75,106,111,20
440.84,106,111,20
440.93,106,111,20
450.03,106,111,20
450.09,106,111,20
450.20,106,111,20
450.35,106,111,20
450.46,106,111,20
450.53,106,111,20
450.64,106,111,20
450.77,106,111,20
450.84,106,111,20
450.90,106,111,20
460.09,106,111,20
460.16,106,111,20
460.27,106,111,20
460.33,106,111,20
460.44,106,111,20
460.55,106,111,20
460.71,106,111,20
460.77,106,111,20
460.86,106,111,20
461.00,106,111,20
470.08,106,111,20
470.14,106,111,20
470.26,106,111,20
470.36,106,111,20
470.43,106,111,20
470.54,106,111,20
470.64,106,111,20
470.71,106,111,20
470.86,106,111,20
470.92,106,111,20
480.08,106,111,20
480.14,106,111,20
480.33,106,111,20
480.39,106,111,20
480.50,106,111,20
480.56,106,111,20
480.67,106,111,20
480.78,106,111,20
480.88,106,111,20
480.99,106,111,20
490.04,106,111,20
490.14,106,111,20
490.25,106,111,20
490.31,106,111,20
490.46,106,111,20
490.57,106,111,20
490.63,106,111,20
490.75,106,111,20
490.85,106,111,20
490.92,106,111,20
500.09,106,111,20
500.20,106,111,20
500.26,106,111,20
500.35,106,111,20
500.46,106,111,20
500.58,106,111,20
500.64,106,111,20
500.78,106,111,20
500.89,106,111,20
500.99,106,111,20
510.07,106,111,20
510.18,106,111,20
510.25,106,111,20
510.32,106,111,20
510.43,106,111,20
510.56,106,111,20
510.62,106,111,20
510.73,106,111,20
510.83,106,111,20
510.97,106,111,20
520.11,106,111,20
520.20,106,111,20
520.31,106,111,20
520.42,106,111,20
520.50,106,111,20
520.61,106,111,20
520.68,106,111,20
520.80,106,111,20
520.87,106,111,20
520.97,106,111,20
530.06,106,111,20
530.16,106,111,20
530.23,106,111,20
530.32,106,111,20
530.43,106,111,20
530.59,106,111,20
530.65,106,111,20
530.76,106,111,20
530.85,106,111,20
530.91,106,111,20
540.04,106,111,20
540.15,106,111,20
540.21,106,111,20
540.31,106,111,20
540.41,106,111,20
540.55,106,111,20
540.62,106,111,20
540.73,106,111,20
540.79,106,111,20
540.90,106,111,20
540.99,106,111,20
550.12,106,111,20
550.18,106,111,20
550.29,106,111,20
550.40,106,111,20
550.46,106,111,20
550.57,106,111,20
550.71,106,111,20
550.77,106,111,20
550.88,106,111,20
550.94,106,111,20
560.04,106,111,20
560.15,106,111,20
560.27,106,111,20
560.37,106,111,20
560.44,106,111,20
560.55,106,111,20
560.61,106,111,20
560.72,106,111,20
560.87,106,111,20
560.93,106,111,20
570.01,106,111,20
570.12,106,111,20
570.23,106,111,20
570.29,106,111,20
570.40,106,111,20
570.51,106,111,20
570.62,106,111,20
570.68,106,111,20
570.78,106,111,20
570.89,106,111,20
570.98,106,111,20
580.04,106,111,20
580.14,106,111,20
580.25,106,111,20
580.31,106,111,20
580.42,106,111,20
580.53,106,111,20
580.64,106,111,20
580.75,106,111,20
580.85,106,111,20
580.97,106,111,20
590.02,106,111,20
590.13,106,111,20
590.20,106,111,20
590.31,106,111,20
590.42,106,111,20
590.48,106,111,20
590.59,106,111,20
590.68,106,111,20
590.78,106,111,20
590.87,106,111,20
590.98,106,111,20
600.08,106,111,20
600.18,106,111,20
600.28,106,111,20
600.34,106,111,20
600.46,106,111,20
600.53,106,111,20
600.64,106,111,20
600.70,106,111,20
600.80,106,111,20
600.90,106,111,20
600.99,106,111,20
610.03,106,111,20
610.13,106,111,20
610.22,106,111,20
610.34,106,111,20
610.41,106,111,20
610.52,106,111,20
610.58,106,111,20
610.69,106,111,20
610.81,106,111,20
610.91,106,111,20
610.97,106,111,20
620.06,106,111,20
620.18,106,111,20
620.24,106,111,20
620.33,106,111,20
620.44,106,111,20
620.55,106,111,20
620.66,106,111,20
620.77,106,111,20
620.83,106,111,20
620.93,106,111,20
630.11,106,111,20
630.19,106,111,20
630.31,106,111,20
630.42,106,111,20
630.52,106,111,20
630.59,106,111,20
630.70,106,111,20
630.82,106,111,20
630.90,106,111,20
640.04,106,111,20
640.19,106,111,20
640.25,106,111,20
640.36,106,111,20
640.66,106,111,20
640.72,106,111,20
640.78,106,111,20
640.85,106,111,20
640.91,106,111,20
650.02,106,111,20
650.12,106,111,20
650.22,106,111,20
650.28,106,111,20
650.37,106,111,20
650.53,106,111,20
650.59,106,111,20
650.71,106,111,20
650.81,106,111,20
650.87,106,111,20
650.98,106,111,20
660.12,106,111,20
660.18,106,111,20
660.29,106,111,20
660.36,106,111,20
660.45,106,111,20
660.59,106,111,20
660.66,106,111,20
660.76,106,111,20
660.84,106,111,20
660.95,106,111,20
670.08,106,111,20
670.14,106,111,20
670.20,106,111,20
670.31,106,111,20
670.42,106,111,20
670.51,106,111,20
670.57,106,111,20
670.68,106,111,20
670.79,106,111,20
670.90,106,111,20
670.96,106,111,20
680.01,106,111,20
680.15,106,111,20
680.22,106,111,20
680.32,106,111,20
680.39,106,111,20
680.50,106,111,20
680.61,106,111,20
680.67,106,111,20
680.77,106,111,20
680.84,106,111,20
680.99,106,111,20
690.01,106,111,20
690.12,106,111,20
690.25,106,111,20
690.30,106,111,20
690.42,106,111,20
690.53,106,111,20
690.64,106,111,20
690.74,106,111,20
690.81,106,111,20
690.92,106,111,20
700.09,106,111,20
700.20,106,111,20
700.29,106,111,20
700.40,106,111,20
700.47,106,111,20
700.56,106,111,20
700.66,106,111,20
700.75,106,111,20
700.86,106,111,20
700.97,106,111,20
710.03,106,111,20
710.13,106,111,20
710.22,106,111,20
710.33,106,111,20
710.44,106,111,20
710.55,106,111,20
710.61,106,111,20
710.71,106,111,20
710.82,106,111,20
710.93,106,111,20
720.05,106,111,20
720.19,106,111,20
720.29,106,111,20
720.40,106,111,20
720.50,106,111,20
720.57,106,111,20
720.67,106,111,20
720.74,106,111,20
720.85,106,111,20
720.96,106,111,20
730.05,106,111,20
730.15,106,111,20
730.22,106,111,20
730.31,106,111,20
730.42,106,111,20
730.53,106,111,20
730.64,106,111,20
730.70,106,111,20
730.81,106,111,20
730.92,106,111,20
740.05,106,111,20
740.11,106,111,20
740.22,106,111,20
740.33,106,111,20
740.40,106,111,20
740.51,106,111,20
740.60,106,111,20
740.71,106,111,20
740.85,106,111,20
740.91,106,111,20
740.97,106,111,20
750.08,106,111,20
750.14,106,111,20
750.25,106,111,20
750.31,106,111,20
750.41,106,111,20
750.52,106,111,20
750.63,106,111,20
750.69,106,111,20
750.79,106,111,20
750.89,106,111,20
760.08,106,111,20
760.14,106,111,20
760.30,106,111,20
760.41,106,111,20
760.50,106,111,20
760.56,106,111,20
760.67,106,111,20
760.78,106,111,20
760.84,106,111,20
760.95,106,111,20
770.04,106,111,20
770.15,106,111,20
770.24,106,111,20
770.31,106,111,20
770.45,106,111,20
770.51,106,111,20
770.66,106,111,20
770.73,106,111,20
770.84,106,111,20
770.90,106,111,20
771.01,106,111,20
780.05,106,111,20
780.12,106,111,20
780.23,106,111,20
780.29,106,111,20
780.44,106,111,20
780.50,106,111,20
780.61,106,111,20
780.80,106,111,20
780.86,106,111,20
780.97,106,111,20
790.06,106,111,20
790.17,106,111,20
790.28,106,111,20
790.35,106,111,20
790.45,106,111,20
790.60,106,111,20
790.66,106,111,20
790.77,106,111,20
790.88,106,111,20
790.94,106,111,20
800.03,106,111,20
800.14,106,111,20
800.20,106,111,20
800.30,106,111,20
800.41,106,111,20
800.50,106,111,20
800.60,106,111,20
800.75,106,111,20
800.86,106,111,20
800.97,106,111,20
810.08,106,111,20
810.19,106,111,20
810.28,106,111,20
810.42,106,111,20
810.49,106,111,20
810.55,106,111,20
810.66,106,111,20
810.77,106,111,20
810.83,106,111,20
810.94,106,111,20
820.04,106,111,20
820.14,106,111,20
820.20,106,111,20
820.36,106,111,20
820.42,106,111,20
820.57,106,111,20
820.63,106,111,20
820.74,106,111,20
820.83,106,111,20
820.94,106,111,20
821.00,106,111,20
830.01,106,111,20
830.08,106,111,20
830.19,106,111,20
830.29,106,111,20
830.35,106,111,20
830.47,106,111,20
830.62,106,111,20
830.69,106,111,20
830.80,106,111,20
830.90,106,111,20
830.97,106,111,20
840.08,106,111,20
840.14,106,111,20
840.25,106,111,20
840.31,106,111,20
840.41,106,111,20
840.52,106,111,20
840.63,106,111,20
840.72,106,111,20
840.86,106,111,20
840.97,106,111,20
850.10,106,111,20
850.21,106,111,20
850.30,106,111,20
850.42,106,111,20
850.48,106,111,20
850.57,106,111,20
850.68,106,111,20
850.77,106,111,20
850.89,106,111,20
850.95,106,111,20
860.03,106,111,20
860.14,106,111,20
860.23,106,111,20
860.33,106,111,20
860.39,106,111,20
860.50,106,111,20
860.61,106,111,20
860.67,106,111,20
860.78,106,111,20
860.87,106,111,20
860.98,106,111,20
870.09,106,111,20
870.19,106,111,20
870.30,106,111,20
870.39,106,111,20
870.50,106,111,20
870.56,106,111,20
870.67,106,111,20
870.74,106,111,20
870.83,106,111,20
870.97,106,111,20
880.02,106,111,20
880.13,106,111,20
880.24,106,111,20
880.30,106,111,20
880.44,106,111,20
880.50,106,111,20
880.62,106,111,20
880.73,106,111,20
880.79,106,111,20
880.90,106,111,20
881.01,106,111,20
890.05,106,111,20
890.15,106,111,20
890.25,106,111,20
890.35,106,111,20
890.46,106,111,20
890.57,106,111,20
890.63,106,111,20
890.79,106,111,20
890.85,106,111,20
890.96,106,111,20
900.05,106,111,20
900.16,106,111,20
900.22,106,111,20
900.33,106,111,20
900.39,106,111,20
900.50,106,111,20
900.60,106,111,20
900.71,106,111,20
900.77,106,111,20
900.93,106,111,20
900.99,106,111,20
910.11,106,111,20
910.22,106,111,20
910.28,106,111,20
910.39,106,111,20
910.49,106,111,20
910.60,106,111,20
910.66,106,111,20
910.77,106,111,20
910.83,106,111,20
910.94,106,111,20
920.11,106,111,20
920.22,106,111,20
920.34,106,111,20
920.44,106,111,20
920.56,106,111,20
920.62,106,111,20
920.73,106,111,20
920.85,106,111,20
920.96,106,111,20
930.07,106,111,20
930.17,106,111,20
930.26,106,111,20
930.37,106,111,20
930.47,106,111,20
930.53,106,111,20
930.67,106,111,20
930.78,106,111,20
930.89,106,111,20
931.00,106,111,20
940.05,106,111,20
940.16,106,111,20
940.27,106,111,20
940.36,106,111,20
940.43,106,111,20
940.54,106,111,20
940.60,106,111,20
940.71,106,111,20
940.82,106,111,20
940.88,106,111,20
950.02,106,111,20
950.08,106,111,20
950.19,106,111,20
950.30,106,111,20
950.41,106,111,20
950.50,106,111,20
950.57,106,111,20
950.68,106,111,20
950.77,106,111,20
950.88,106,111,20
950.94,106,111,20
960.01,106,111,20
960.12,106,111,20
960.23,106,111,20
960.30,106,111,20
960.45,106,111,20
960.56,106,111,20
960.65,106,111,20
960.75,106,111,20
960.86,106,111,20
960.92,106,111,20
970.10,106,111,20
970.21,106,111,20
970.32,106,111,20
970.43,106,111,20
970.49,106,111,20
970.60,106,111,20
970.71,106,111,20
970.82,106,111,20
970.88,106,111,20
970.98,106,111,20
980.07,106,111,20
980.16,106,111,20
980.26,106,111,20
980.35,106,111,20
980.46,106,111,20
980.57,106,111,20
980.63,106,111,20
980.74,106,111,20
980.85,106,111,20
980.96,106,111,20
990.04,106,111,20
990.15,106,111,20
990.21,106,111,20
990.32,106,111,20
990.43,106,111,20
990.49,106,111,20
990.60,106,111,20
990.67,106,111,20
990.78,106,111,20
990.94,106,111,20
991.00,106,111,20
1000.02,106,111,20
1000.14,106,111,20
1000.24,106,111,20
1000.31,106,111,20
1000.42,106,111,20
1000.57,106,111,20
1000.63,106,111,20
1000.74,106,111,20
1000.86,106,111,20
1000.96,106,111,20
1010.03,106,111,20
1010.09,106,111,20
1010.21,106,111,20
1010.31,106,111,20
1010.38,106,111,20
1010.49,106,111,20
1010.55,106,111,20
1010.66,106,111,20
1010.77,106,111,20
1010.92,106,111,20
1010.98,106,111,20
1020.05,106,111,20
1020.17,106,111,20
1020.25,106,111,20
1020.40,106,111,20
1020.46,106,111,20
1020.55,106,111,20
1020.66,106,111,20
1020.73,106,111,20
1020.85,106,111,20
1020.92,106,111,20
1030.07,106,111,20
1030.13,106,111,20
1030.24,106,111,20
1030.35,106,111,20
1030.51,106,111,20
1030.57,106,111,20
1030.66,106,111,20
1030.77,106,111,20
1030.87,106,111,20
1030.99,106,111,20
1040.05,106,111,20
1040.17,106,111,20
1040.27,106,111,20
1040.34,106,111,20
1040.44,106,111,20
1040.55,106,111,20
1040.66,106,111,20
1040.73,106,111,20
1040.83,106,111,20
1040.95,106,111,20
1050.01,106,111,20
1050.12,106,111,20
1050.23,106,111,20
1050.29,106,111,20
1050.40,106,111,20
1050.51,106,111,20
1050.57,106,111,20
1050.68,106,111,20
1050.74,106,111,20
1050.85,106,111,20
1050.99,106,111,20
1060.04,106,111,20
1060.10,106,111,20
1060.21,106,111,20
1060.31,106,111,20
1060.38,106,111,20
1060.49,106,111,20
1060.60,106,111,20
1060.66,106,111,20
1060.77,106,111,20
1060.88,106,111,20
1060.99,106,111,20
1070.09,106,111,20
1070.15,106,111,20
1070.26,106,111,20
1070.37,106,111,20
1070.43,106,111,20
1070.55,106,111,20
1070.65,106,111,20
1070.75,106,111,20
1070.81,106,111,20
1070.92,106,111,20
1080.10,106,111,20
1080.24,106,111,20
1080.30,106,111,20
1080.41,106,111,20
1080.47,106,111,20
1080.58,106,111,20
1080.69,106,111,20
1080.79,106,111,20
1080.85,106,111,20
1080.96,106,111,20
1090.07,106,111,20
1090.13,106,111,20
1090.22,106,111,20
1090.35,106,111,20
1090.42,106,111,20
1090.58,106,111,20
1090.65,106,111,20
1090.72,106,111,20
1090.83,106,111,20
1090.93,106,111,20
1091.00,106,111,20
1100.04,106,111,20
1100.11,106,111,20
1100.21,106,111,20
1100.33,106,111,20
1100.43,106,111,20
1100.50,106,111,20
1100.61,106,111,20
1100.72,106,111,20
1100.79,106,111,20
1100.89,106,111,20
1100.98,106,111,20
1110.04,106,111,20
1110.20,106,111,20
1110.27,106,111,20
1110.39,106,111,20
1110.46,106,111,20
1110.55,106,111,20
1110.66,106,111,20
1110.72,106,111,20
1110.83,106,111,20
1110.95,106,111,20
1120.04,106,111,20
1120.15,106,111,20
1120.27,106,111,20
1120.33,106,111,20
1120.42,106,111,20
1120.52,106,111,20
1120.62,106,111,20
1120.72,106,111,20
1120.88,106,111,20
1120.99,106,111,20
1130.13,106,111,20
1130.24,106,111,20
1130.35,106,111,20
1130.41,106,111,20
1130.52,106,111,20
1130.61,106,111,20
1130.68,106,111,20
1130.79,106,111,20
1130.90,106,111,20
1131.00,106,111,20
1140.04,106,111,20
1140.15,106,111,20
1140.25,106,111,20
1140.31,106,111,20
1140.42,106,111,20
1140.50,106,111,20
1140.60,106,111,20
1140.69,106,111,20
1140.79,106,111,20
1140.89,106,111,20
1140.99,106,111,20
1150.10,106,111,20
1150.21,106,111,20
1150.27,106,111,20
1150.36,106,111,20
1150.48,106,111,20
1150.63,106,111,20
1150.74,106,111,20
1150.80,106,111,20
1150.91,106,111,20
1160.06,106,111,20
1160.17,106,111,20
1160.28,106,111,20
1160.34,106,111,20
1160.48,106,111,20
1160.55,106,111,20
1160.66,106,111,20
1160.72,106,111,20
1160.82,106,111,20
1160.93,106,111,20
1170.06,106,111,20
1170.17,106,111,20
1170.23,106,111,20
1170.34,106,111,20
1170.45,106,111,20
1170.55,106,111,20
1170.61,106,111,20
1170.72,106,111,20
1170.81,106,111,20
1170.91,106,111,20
1171.00,106,111,20
1180.08,106,111,20
1180.14,106,111,20
1180.23,106,111,20
1180.39,106,111,20
1180.48,106,111,20
1180.64,106,111,20
1180.70,106,111,20
1190.05,106,111,20
1190.11,106,111,20
1190.23,106,111,20
1190.33,106,111,20
1190.40,106,111,20
1190.51,106,111,20
1190.57,106,111,20
1190.73,106,111,20
1190.84,106,111,20
1190.90,106,111,20
1191.01,106,111,20
1200.10,106,111,20
1200.21,106,111,20
1200.27,106,111,20
1200.39,106,111,20
1200.49,106,111,20
1200.56,106,111,20
1200.67,106,111,20
1200.73,106,111,20
1200.89,106,111,20
1201.00,106,111,20
1210.03,106,111,20
1210.09,106,111,20
1210.20,106,111,20
1210.36,106,111,20
1210.42,106,111,20
1210.53,106,111,20
1210.59,106,111,20
1210.70,106,111,20
1210.81,106,111,20
1210.92,106,111,20
1210.98,106,111,20
1220.08,106,111,20
1220.15,106,111,20
1220.26,106,111,20
1220.37,106,111,20
1220.48,106,111,20
1220.59,106,111,20
1220.69,106,111,20
1220.76,106,111,20
1220.87,106,111,20
1220.93,106,111,20
1230.02,106,111,20
1230.14,106,111,20
1230.24,106,111,20
1230.31,106,111,20
1230.42,106,111,20
1230.52,106,111,20
1230.59,106,111,20
1230.70,106,111,20
1230.84,106,111,20
1230.94,106,111,20
1231.01,106,111,20
1240.12,106,111,20
1240.18,106,111,20
1240.29,106,111,20
1240.36,106,111,20
1240.46,106,111,20
1240.56,106,111,20
1240.67,106,111,20
1240.78,106,111,20
1240.84,106,111,20
1240.98,106,111,20
1250.07,106,111,20
1250.13,106,111,20
1250.24,106,111,20
1250.35,106,111,20
1250.44,106,111,20
1250.55,106,111,20
1250.61,106,111,20
1250.72,106,111,20
1250.83,106,111,20
1250.94,106,111,20
1251.00,106,111,20
1260.08,106,111,20
1260.14,106,111,20
1260.28,106,111,20
1260.34,106,111,20
1260.45,106,111,20
1260.61,106,111,20
1260.67,106,111,20
1260.78,106,111,20
1260.89,106,111,20
1260.98,106,111,20
1270.05,106,111,20
1270.11,106,111,20
1270.22,106,111,20
1270.31,106,111,20
1270.41,106,111,20
1270.52,106,111,20
1270.63,106,111,20
1270.69,106,111,20
1270.80,106,111,20
1270.95,106,111,20
1280.08,106,111,20
1280.18,106,111,20
1280.29,106,111,20
1280.40,106,111,20
1280.50,106,111,20
1280.56,106,111,20
1280.67,106,111,20
1280.78,106,111,20
1280.84,106,111,20
1280.94,106,111,20
1290.02,106,111,20
1290.12,106,111,20
1290.18,106,111,20
1290.39,106,111,20
1290.45,106,111,20
1290.54,106,111,20
1290.64,106,111,20
1290.75,106,111,20
1290.81,106,111,20
1290.92,106,111,20
1300.07,106,111,20
1300.18,106,111,20
1300.29,106,111,20
1300.35,106,111,20
1300.47,106,111,20
1300.57,106,111,20
1300.67,106,111,20
1300.78,106,111,20
1300.89,106,111,20
1301.00,106,111,20
1310.03,106,111,20
1310.13,106,111,20
1310.25,106,111,20
1310.31,106,111,20
1310.42,106,111,20
1310.53,106,111,20
1310.63,106,111,20
1310.77,106,111,20
1310.83,106,111,20
1310.94,106,111,20
1320.10,106,111,20
1320.16,106,111,20
1320.32,106,111,20
1320.38,106,111,20
1320.48,106,111,20
1320.59,106,111,20
1320.65,106,111,20
1320.76,106,111,20
1320.85,106,111,20
1320.96,106,111,20
1330.05,106,111,20
1330.11,106,111,20
1330.22,106,111,20
1330.33,106,111,20
1330.93,106,111,20
1330.99,106,111,20
1340.10,106,111,20
1340.21,106,111,20
1340.27,106,111,20
1340.38,106,111,20
1340.44,106,111,20
1340.55,106,111,20
1340.65,106,111,20
1340.80,106,111,20
1340.91,106,111,20
1340.98,106,111,20
1350.06,106,111,20
1350.17,106,111,20
1350.28,106,111,20
1350.34,106,111,20
1350.45,106,111,20
1350.51,106,111,20
1350.62,106,111,20
1350.73,106,111,20
1350.84,106,111,20
1350.94,106,111,20
1360.02,106,111,20
1360.11,106,111,20
1360.22,106,111,20
1360.33,106,111,20
1360.44,106,111,20
1360.50,106,111,20
1360.61,106,111,20
1360.72,106,111,20
1360.79,106,111,20
1360.90,106,111,20
1360.96,106,111,20
1370.07,106,111,20
1370.16,106,111,20
1370.22,106,111,20
1370.33,106,111,20
1370.44,106,111,20
1370.55,106,111,20
1370.66,106,111,20
1370.72,106,111,20
1370.83,106,111,20
1370.94,106,111,20
1371.01,106,111,20
1380.12,106,111,20
1380.18,106,111,20
1380.32,106,111,20
1380.39,106,111,20
1380.50,106,111,20
1380.59,106,111,20
1380.69,106,111,20
1380.80,106,111,20
1380.91,106,111,20
1390.05,106,111,20
1390.16,106,111,20
1390.27,106,111,20
1390.41,106,111,20
1390.47,106,111,20
1390.54,106,111,20
1390.65,106,111,20
1390.76,106,111,20
1390.82,106,111,20
1390.93,106,111,20
1400.11,106,111,20
1400.18,106,111,20
1400.33,106,111,20
1400.44,106,111,20
1400.50,106,111,20
1400.60,106,111,20
1400.69,106,111,20
1400.80,106,111,20
1400.86,106,111,20
1400.97,106,111,20
1410.07,106,111,20
1410.13,106,111,20
1410.24,106,111,20
1410.37,106,111,20
1410.45,106,111,20
1410.56,106,111,20
1410.62,106,111,20
1410.73,106,111,20
1410.84,106,111,20
1410.93,106,111,20
1411.00,106,111,20
1420.07,106,111,20
1420.17,106,111,20
1420.28,106,111,20
1420.40,106,111,20
1420.49,106,111,20
1420.55,106,111,20
1420.66,106,111,20
1420.77,106,111,20
1420.88,106,111,20
1420.94,106,111,20
1430.03,106,111,20
1430.14,106,111,20
1430.24,106,111,20
1430.31,106,111,20
1430.42,106,111,20
1430.53,106,111,20
1430.64,106,111,20
1430.74,106,111,20
1430.81,106,111,20
1430.92,106,111,20
1440.06,106,111,20
1440.17,106,111,20
1440.28,106,111,20
1440.39,106,111,20
1440.45,106,111,20
1440.56,106,111,20
1440.67,106,111,20
1440.73,106,111,20
1440.85,106,111,20
1440.95,106,111,20
1450.03,106,111,20
1450.15,106,111,20
1450.24,106,111,20
1450.35,106,111,20
1450.46,106,111,20
1450.53,106,111,20
1450.62,106,111,20
1450.73,106,111,20
1450.84,106,111,20
1450.90,106,111,20
1460.09,106,111,20
1460.16,106,111,20
1460.25,106,111,20
1460.39,106,111,20
1460.50,106,111,20
1460.57,106,111,20
1460.67,106,111,20
1460.77,106,111,20
1460.88,106,111,20
1460.95,106,111,20
1470.06,106,111,20
1470.12,106,111,20
1470.22,106,111,20
1470.33,106,111,20
1470.39,106,111,20
1470.55,106,111,20
1470.66,106,111,20
1470.72,106,111,20
1470.83,106,111,20
1470.94,106,111,20
1471.00,106,111,20
1480.10,106,111,20
1480.21,106,111,20
1480.27,106,111,20
1480.38,106,111,20
1480.49,106,111,20
1480.60,106,111,20
1480.71,106,111,20
1480.81,106,111,20
1480.93,106,111,20
1480.99,106,111,20
1490.03,106,111,20
1490.17,106,111,20
1490.23,106,111,20
1490.33,106,111,20
1490.44,106,111,20
1490.55,106,111,20
1490.66,106,111,20
1490.72,106,111,20
1490.82,106,111,20
1490.93,106,111,20
1490.99,106,111,20
1500.15,106,111,20
1500.21,106,111,20
1500.27,106,111,20
1500.38,106,111,20
1500.48,106,111,20
1500.58,106,111,20
1500.69,106,111,20
1500.76,106,111,20
1500.87,106,111,20
1500.96,106,111,20
1510.01,106,111,20
1510.12,106,111,20
1510.22,106,111,20
1510.33,106,111,20
1510.43,106,111,20
1510.50,106,111,20
1510.65,106,111,20
1510.75,106,111,20
1510.86,106,111,20
1510.95,106,111,20
1520.02,106,111,20
1520.14,106,111,20
1520.23,106,111,20
1520.34,106,111,20
1520.40,106,111,20
1520.51,106,111,20
1520.62,106,111,20
1520.73,106,111,20
1520.84,106,111,20
1520.90,106,111,20
1530.04,106,111,20
1530.10,106,111,20
1530.21,106,111,20
1530.31,106,111,20
1530.43,106,111,20
1530.50,106,111,20
1530.60,106,111,20
1530.72,106,111,20
1530.82,106,111,20
1530.89,106,111,20
1530.98,106,111,20
1540.03,106,111,20
1540.09,106,111,20
1540.25,106,111,20
1540.31,106,111,20
1540.43,106,111,20
1540.59,106,111,20
1540.65,106,111,20
1540.74,106,111,20
1540.84,106,111,20
1540.93,106,111,20
1550.07,106,111,20
1550.18,106,111,20
1550.24,106,111,20
1550.40,106,111,20
1550.51,106,111,20
1550.57,106,111,20
1550.68,106,111,20
1550.77,106,111,20
1550.88,106,111,20
1550.94,106,111,20
1560.04,106,111,20
1560.15,106,111,20
1560.26,106,111,20
1560.32,106,111,20
1560.43,106,111,20
1560.54,106,111,20
1560.60,106,111,20
1560.76,106,111,20
1560.82,106,111,20
1560.96,106,111,20
1570.10,106,111,20
1570.21,106,111,20
1570.32,106,111,20
1570.38,106,111,20
1570.49,106,111,20
1570.60,106,111,20
1570.66,106,111,20
1570.77,106,111,20
1570.88,106,111,20
1570.99,106,111,20
1580.01,106,111,20
1580.15,106,111,20
1580.26,106,111,20
1580.32,106,111,20
1580.43,106,111,20
1580.54,106,111,20
1580.60,106,111,20
1580.71,106,111,20
1580.82,106,111,20
1580.89,106,111,20
1581.00,106,111,20
1590.02,106,111,20
1590.08,106,111,20
1590.19,106,111,20
1590.30,106,111,20
1590.41,106,111,20
1590.52,106,111,20
1590.58,106,111,20
1590.67,106,111,20
1590.77,106,111,20
1590.88,106,111,20
1590.98,106,111,20
1600.04,106,111,20
1600.14,106,111,20
1600.25,106,111,20
1600.35,106,111,20
1600.43,106,111,20
1600.55,106,111,20
1600.61,106,111,20
1600.70,106,111,20
1600.85,106,111,20
1600.95,106,111,20
1610.15,106,111,20
1610.21,106,111,20
1610.32,106,111,20
1610.38,106,111,20
1610.48,106,111,20
1610.59,106,111,20
1610.68,106,111,20
1610.74,106,111,20
1610.84,106,111,20
1611.00,106,111,20
1620.13,106,111,20
1620.19,106,111,20
1620.33,106,111,20
1620.40,106,111,20
1620.50,106,111,20
1620.56,106,111,20
1620.68,106,111,20
1620.74,106,111,20
1620.85,106,111,20
1620.96,106,111,20
1630.11,106,111,20
1630.22,106,111,20
1630.28,106,111,20
1630.39,106,111,20
1630.45,106,111,20
1630.59,106,111,20
1630.70,106,111,20
1630.77,106,111,20
1630.88,106,111,20
1630.99,106,111,20
1640.06,106,111,20
1640.17,106,111,20
1640.28,106,111,20
1640.36,106,111,20
1640.47,106,111,20
1640.53,106,111,20
1640.65,106,111,20
1640.77,106,111,20
1640.88,106,111,20
1640.97,106,111,20
1650.02,106,111,20
1650.11,106,111,20
1650.22,106,111,20
1650.33,106,111,20
1650.39,106,111,20
1650.50,106,111,20
1650.61,106,111,20
1650.67,106,111,20
1650.79,106,111,20
1650.84,106,111,20
1650.95,106,111,20
1660.05,106,111,20
1660.16,106,111,20
1660.27,106,111,20
1660.38,106,111,20
1660.44,106,111,20
1660.55,106,111,20
1660.65,106,111,20
1660.71,106,111,20
1660.82,106,111,20
1660.93,106,111,20
1670.04,106,111,20
1670.10,106,111,20
1670.21,106,111,20
1670.32,106,111,20
1670.38,106,111,20
1670.44,106,111,20
1670.50,106,111,20
1670.55,106,111,20
1670.61,106,111,20
1670.68,106,111,20
1670.74,106,111,20
1670.80,106,111,20
1670.86,106,111,20
1670.92,106,111,20
1670.99,106,111,20
1680.02,106,111,20
1680.13,106,111,20
1680.19,106,111,20
1680.25,106,111,20
1680.31,106,111,20
1680.36,106,111,20
1680.47,106,111,20
1680.54,106,111,20
1680.64,106,111,20
1680.71,106,111,20
1680.77,106,111,20
1680.83,106,111,20
1680.89,106,111,20
1681.00,106,111,20
1690.03,106,111,20
1690.09,106,111,20
1690.15,106,111,20
1690.26,106,111,20
1690.33,106,111,20
1690.39,106,111,20
1690.45,106,111,20
1690.55,106,111,20
1690.60,106,111,20
1690.65,106,111,20
1690.81,106,111,20
1690.88,106,111,20
1690.99,106,111,20
1700.07,106,111,20
1700.13,106,111,20
1700.23,106,111,20
1700.29,106,111,20
1700.35,106,111,20
1700.45,106,111,20
1700.51,106,111,20
1700.62,106,111,20
1700.67,106,111,20
1700.73,106,111,20
1700.79,106,111,20
1700.88,106,111,20
1700.93,106,111,20
1700.99,106,111,20
1710.06,106,111,20
1710.12,106,111,20
1710.23,106,111,20
1710.29,106,111,20
1710.41,106,111,20
1710.47,106,111,20
1710.57,106,111,20
1710.67,106,111,20
1710.73,106,111,20
1710.78,106,111,20
1710.84,106,111,20
1710.90,106,111,20
1710.97,106,111,20
1720.05,106,111,20
1720.11,106,111,20
1720.22,106,111,20
1720.28,106,111,20
1720.33,106,111,20
1720.40,106,111,20
1720.46,106,111,20
1720.54,106,111,20
1720.60,106,111,20
1720.74,106,111,20
1720.80,106,111,20
1720.85,106,111,20
1720.91,106,111,20
1720.97,106,111,20
1730.06,106,111,20
1730.17,106,111,20
1730.28,106,111,20
1730.34,106,111,20
1730.45,106,111,20
1730.61,106,111,20
1730.72,106,111,20
1730.78,106,111,20
1730.89,106,111,20
1731.00,106,111,20
1740.06,106,111,20
1740.16,106,111,20
1740.23,106,111,20
1740.34,106,111,20
1740.44,106,111,20
1740.54,106,111,20
1740.64,106,111,20
1740.70,106,111,20
1740.82,106,111,20
1740.92,106,111,20
1750.04,106,111,20
1750.20,106,111,20
1750.26,106,111,20
1750.37,106,111,20
1750.48,106,111,20
1750.54,106,111,20
1750.65,106,111,20
1750.74,106,111,20
1750.85,106,111,20
1750.96,106,111,20
1760.04,106,111,20
1760.10,106,111,20
1760.21,106,111,20
1760.37,106,111,20
1760.44,106,111,20
1760.57,106,111,20
1760.63,106,111,20
1760.74,106,111,20
1760.80,106,111,20
1760.91,106,111,20
1770.07,106,111,20
1770.16,106,111,20
1770.28,106,111,20
1770.38,106,111,20
1770.45,106,111,20
1770.56,106,111,20
1770.70,106,111,20
1770.76,106,111,20
1770.87,106,111,20
1770.96,106,111,20
1780.09,106,111,20
1780.15,106,111,20
1780.26,106,111,20
1780.32,106,111,20
1780.43,106,111,20
1780.49,106,111,20
1780.60,106,111,20
1780.71,106,111,20
1780.82,106,111,20
1780.88,106,111,20
1790.11,106,111,20
1790.17,106,111,20
1790.32,106,111,20
1790.39,106,111,20
1790.50,106,111,20
1790.61,106,111,20
1790.67,106,111,20
1790.78,106,111,20
1790.84,106,111,20
1790.95,106,111,20
1800.02,106,111,20
1800.11,106,111,20
1800.22,106,111,20
1800.33,106,111,20
1800.48,106,111,20
1800.58,106,111,20
1800.65,106,111,20
1800.75,106,111,20
1800.86,106,111,20
1800.96,106,111,20
1810.01,106,111,20
1810.07,106,111,20
1810.21,106,111,20
1810.27,106,111,20
1810.39,106,111,20
1810.49,106,111,20
1810.56,106,111,20
1810.65,106,111,20
1810.81,106,111,20
1810.87,106,111,20
1810.97,106,111,20
1820.05,106,111,20
1820.16,106,111,20
1820.25,106,111,20
1820.36,106,111,20
1820.43,106,111,20
1820.54,106,111,20
1820.65,106,111,20
1820.71,106,111,20
1820.82,106,111,20
1820.96,106,111,20
1830.08,106,111,20
1830.18,106,111,20
1830.29,106,111,20
1830.38,106,111,20
1830.49,106,111,20
1830.60,106,111,20
1830.71,106,111,20
1830.77,106,111,20
1830.87,106,111,20
1830.98,106,111,20
1840.06,106,111,20
1840.12,106,111,20
1840.23,106,111,20
1840.30,106,111,20
1840.41,106,111,20
1840.56,106,111,20
1840.68,106,111,20
1840.75,106,111,20
1840.81,106,111,20
1840.92,106,111,20
1850.02,106,111,20
1850.18,106,111,20
1850.24,106,111,20
1850.30,106,111,20
1850.36,106,111,20
1850.47,106,111,20
1850.58,106,111,20
1850.64,106,111,20
1850.74,106,111,20
1850.88,106,111,20
1860.02,106,111,20
1860.17,106,111,20
1860.32,106,111,20
1860.38,106,111,20
1860.44,106,111,20
1860.55,106,111,20
1860.66,106,111,20
1860.72,106,111,20
1860.84,106,111,20
1860.94,106,111,20
1870.02,106,111,20
1870.08,106,111,20
1870.19,106,111,20
1870.39,106,111,20
1870.46,106,111,20
1870.52,106,111,20
1870.59,106,111,20
1870.68,106,111,20
1870.79,106,111,20
1870.90,106,111,20
1870.96,106,111,20
1880.04,106,111,20
1880.15,106,111,20
1880.21,106,111,20
1880.32,106,111,20
1880.43,106,111,20
1880.55,106,111,20
1880.66,106,111,20
1880.78,106,111,20
1880.84,106,111,20
1880.95,106,111,20
1890.02,106,111,20
1890.13,106,111,20
1890.19,106,111,20
1890.30,106,111,20
1890.41,106,111,20
1890.47,106,111,20
1890.58,106,111,20
1890.69,106,111,20
1890.78,106,111,20
1890.85,106,111,20
1891.00,106,111,20
1900.03,106,111,20
1900.14,106,111,20
1900.24,106,111,20
1900.35,106,111,20
1900.46,106,111,20
1900.57,106,111,20
1900.67,106,111,20
1900.74,106,111,20
1900.88,106,111,20
1900.94,106,111,20
1910.11,106,111,20
1910.18,106,111,20
1910.29,106,111,20
1910.44,106,111,20
1910.51,106,111,20
1910.62,106,111,20
1910.68,106,111,20
1910.79,106,111,20
1910.90,106,111,20
1920.09,106,111,20
1920.15,106,111,20
1920.26,106,111,20
1920.37,106,111,20
1920.43,106,111,20
1920.54,106,111,20
1920.65,106,111,20
1920.76,106,111,20
1920.86,106,111,20
1920.96,106,111,20
1930.04,106,111,20
1930.15,106,111,20
1930.21,106,111,20
1930.32,106,111,20
1930.43,106,111,20
1930.49,106,111,20
1930.61,106,111,20
1930.67,106,111,20
1930.77,106,111,20
1930.93,106,111,20
1940.06,106,111,20
1940.17,106,111,20
1940.23,106,111,20
1940.38,106,111,20
1940.45,106,111,20
1940.56,106,111,20
1940.67,106,111,20
1940.73,106,111,20
1940.79,106,111,20
1940.90,106,111,20
1950.10,106,111,20
1950.16,106,111,20
1950.27,106,111,20
1950.38,106,111,20
1950.52,106,111,20
1950.63,106,111,20
1950.69,106,111,20
1950.80,106,111,20
1950.90,106,111,20
1951.01,106,111,20
1960.05,106,111,20
1960.16,106,111,20
1960.27,106,111,20
1960.33,106,111,20
1960.44,106,111,20
1960.55,106,111,20
1960.66,106,111,20
1960.72,106,111,20
1960.88,106,111,20
1960.94,106,111,20
1970.14,106,111,20
1970.20,106,111,20
1970.31,106,111,20
1970.43,106,111,20
1970.53,106,111,20
1970.64,106,111,20
1970.70,106,111,20
1970.81,106,111,20
1970.87,106,111,20
1980.06,106,111,20
1980.17,106,111,20
1980.30,106,111,20
1980.40,106,111,20
1980.47,106,111,20
1980.58,106,111,20
1980.69,106,111,20
1980.75,106,111,20
1980.86,106,111,20
1980.97,106,111,20
1990.04,106,111,20
1990.18,106,111,20
1990.25,106,111,20
1990.31,106,111,20
1990.42,106,111,20
1990.48,106,111,20
1990.64,106,111,20
1990.74,106,111,20
1990.81,106,111,20
1990.90,106,111,20
1991.00,106,111,20
2000.06,106,111,20
2000.12,106,111,20
2000.18,106,111,20
2000.24,106,111,20
2000.29,106,111,20
2000.42,106,111,20
2000.48,106,111,20
2000.59,106,111,20
2000.65,106,111,20
2000.76,106,111,20
2000.83,106,111,20
2000.89,106,111,20
2000.94,106,111,20
2001.00,106,111,20
2010.07,106,111,20
2010.13,106,111,20
2010.19,106,111,20
2010.25,106,111,20
2010.40,106,111,20
2010.46,106,111,20
2010.52,106,111,20
2010.58,106,111,20
2010.65,106,111,20
2010.74,106,111,20
2010.84,106,111,20
2010.90,106,111,20
2010.96,106,111,20
2020.03,106,111,20
2020.17,106,111,20
2020.23,106,111,20
2020.30,106,111,20
2020.36,106,111,20
2020.42,106,111,20
2020.53,106,111,20
2020.59,106,111,20
2020.64,106,111,20
2020.70,106,111,20
2020.77,106,111,20
2020.90,106,111,20
2020.96,106,111,20
2030.03,106,111,20
2030.16,106,111,20
2030.22,106,111,20
2030.31,106,111,20
2030.38,106,111,20
2030.51,106,111,20
2030.57,106,111,20
2030.63,106,111,20
2030.68,106,111,20
2030.74,106,111,20
2030.88,106,111,20
2030.93,106,111,20
2030.99,106,111,20
2040.16,106,111,20
2040.21,106,111,20
2040.27,106,111,20
2040.34,106,111,20
2040.40,106,111,20
2040.50,106,111,20
2040.56,106,111,20
2040.66,106,111,20
2040.73,106,111,20
2040.79,106,111,20
2040.86,106,111,20
2040.92,106,111,20
2050.02,106,111,20
2050.12,106,111,20
2050.18,106,111,20
2050.23,106,111,20
2050.30,106,111,20
2050.35,106,111,20
2050.41,106,111,20
2050.47,106,111,20
2050.56,106,111,20
2050.66,106,111,20
2050.72,106,111,20
2050.81,106,111,20
2050.87,106,111,20
2051.00,106,111,20
2060.07,106,111,20
2060.13,106,111,20
2060.25,106,111,20
2060.32,106,111,20
2060.38,106,111,20
2060.44,106,111,20
2060.50,106,111,20
2060.63,106,111,20
2060.69,106,111,20
2060.75,106,111,20
2060.81,106,111,20
2060.86,106,111,20
2061.00,106,111,20
2070.02,106,111,20
2070.08,106,111,20
2070.14,106,111,20
2070.26,106,111,20
2070.33,106,111,20
2070.44,106,111,20
2070.50,106,111,20
2070.58,106,111,20
2070.64,106,111,20
2070.70,106,111,20
2070.76,106,111,20
2070.82,106,111,20
2070.95,106,111,20
2080.06,106,111,20
2080.12,106,111,20
2080.25,106,111,20
2080.31,106,111,20
2080.38,106,111,20
2080.44,106,111,20
2080.53,106,111,20
2080.60,106,111,20
2080.66,106,111,20
2080.77,106,111,20
2080.84,106,111,20
2080.90,106,111,20
2080.96,106,111,20
2090.07,106,111,20
2090.14,106,111,20
2090.19,106,111,20
2090.25,106,111,20
2090.41,106,111,20
2090.46,106,111,20
2090.55,106,111,20
2090.61,106,111,20
2090.66,106,111,20
2090.76,106,111,20
2090.82,106,111,20
2090.92,106,111,20
2090.98,106,111,20
2100.03,106,111,20
2100.09,106,111,20
2100.20,106,111,20
2100.29,106,111,20
2100.39,106,111,20
2100.44,106,111,20
2100.50,106,111,20
2100.56,106,111,20
2100.62,106,111,20
2100.71,106,111,20
2100.78,106,111,20
2100.84,106,111,20
2100.89,106,111,20
2100.95,106,111,20
2110.12,106,111,20
2110.19,106,111,20
2110.25,106,111,20
2110.36,106,111,20
2110.47,106,111,20
2110.53,106,111,20
2110.64,106,111,20
2110.73,106,111,20
2110.79,106,111,20
2110.95,106,111,20
2120.07,106,111,20
2120.20,106,111,20
2120.30,106,111,20
2120.40,106,111,20
2120.51,106,111,20
2120.58,106,111,20
2120.68,106,111,20
2120.78,106,111,20
2120.87,106,111,20
2120.97,106,111,20
2130.06,106,111,20
2130.15,106,111,20
2130.25,106,111,20
2130.34,106,111,20
2130.45,106,111,20
2130.56,106,111,20
2130.67,106,111,20
2130.76,106,111,20
2130.82,106,111,20
2130.94,106,111,20
2140.02,106,111,20
2140.12,106,111,20
2140.18,106,111,20
2140.28,106,111,20
2140.34,106,111,20
2140.49,106,111,20
2140.57,106,111,20
2140.67,106,111,20
2140.73,106,111,20
2140.83,106,111,20
2140.89,106,111,20
2140.95,106,111,20
2141.00,106,111,20
2150.12,106,111,20
2150.18,106,111,20
2150.23,106,111,20
2150.32,106,111,20
2150.39,106,111,20
2150.45,106,111,20
2150.51,106,111,20
2150.62,106,111,20
2150.67,106,111,20
2150.74,106,111,20
2150.79,106,111,20
2150.86,106,111,20
2151.00,106,111,20
2160.14,106,111,20
2160.20,106,111,20
2160.30,106,111,20
2160.40,106,111,20
2160.50,106,111,20
2160.60,106,111,20
2160.70,106,111,20
2160.80,106,111,20
2160.90,106,111,20
2160.99,106,111,20
2170.03,106,111,20
2170.17,106,111,20
2170.23,106,111,20
2170.35,106,111,20
2170.45,106,111,20
2170.55,106,111,20
2170.65,106,111,20
2170.75,106,111,20
2170.86,106,111,20
2170.96,106,111,20
2180.04,106,111,20
2180.14,106,111,20
2180.20,106,111,20
2180.31,106,111,20
2180.41,106,111,20
2180.47,106,111,20
2180.62,106,111,20
2180.68,106,111,20
2180.79,106,111,20
2180.90,106,111,20
2181.00,106,111,20
2190.01,106,111,20
2190.07,106,111,20
2190.23,106,111,20
2190.32,106,111,20
2190.39,106,111,20
2190.44,106,111,20
2190.51,106,111,20
2190.58,106,111,20
2190.63,106,111,20
2190.73,106,111,20
2190.79,106,111,20
2190.86,106,111,20
2190.92,106,111,20
2190.98,106,111,20
2200.05,106,111,20
2200.22,106,111,20
2200.28,106,111,20
2200.35,106,111,20
2200.41,106,111,20
2200.60,106,111,20
2200.66,106,111,20
2200.77,106,111,20
2200.87,106,111,20
2200.97,106,111,20
2210.04,106,111,20
2210.15,106,111,20
2210.24,106,111,20
2210.35,106,111,20
2210.43,106,111,20
2210.54,106,111,20
2210.60,106,111,20
2210.71,106,111,20
2210.78,106,111,20
2210.92,106,111,20
2220.06,106,111,20
2220.17,106,111,20
2220.26,106,111,20
2220.37,106,111,20
2220.48,106,111,20
2220.62,106,111,20
2220.68,106,111,20
2220.74,106,111,20
2220.85,106,111,20
2220.96,106,111,20
2230.12,106,111,20
2230.21,106,111,20
2230.31,106,111,20
2230.38,106,111,20
2230.44,106,111,20
2230.49,106,111,20
2230.56,106,111,20
2230.66,106,111,20
2230.71,106,111,20
2230.84,106,111,20
2230.90,106,111,20
2230.96,106,111,20
2240.01,106,111,20
2240.07,106,111,20
2240.19,106,111,20
2240.28,106,111,20
2240.39,106,111,20
2240.45,106,111,20
2240.56,106,111,20
2240.70,106,111,20
2240.80,106,111,20
2240.90,106,111,20
2240.96,106,111,20
2250.04,106,111,20
2250.14,106,111,20
2250.23,106,111,20
2250.34,106,111,20
2250.44,106,111,20
2250.54,106,111,20
2250.61,106,111,20
2250.70,106,111,20
2250.79,106,111,20
2250.90,106,111,20
2260.08,106,111,20
2260.17,106,111,20
2260.28,106,111,20
2260.39,106,111,20
2260.50,106,111,20
2260.56,106,111,20
2260.65,106,111,20
2260.75,106,111,20
2260.84,106,111,20
2260.95,106,111,20
2270.04,106,111,20
2270.14,106,111,20
2270.20,106,111,20
2270.34,106,111,20
2270.48,106,111,20
2270.55,106,111,20
2270.65,106,111,20
2270.75,106,111,20
2270.84,106,111,20
2270.94,106,111,20
2280.09,106,111,20
2280.19,106,111,20
2280.28,106,111,20
2280.34,106,111,20
2280.48,106,111,20
2280.53,106,111,20
2280.63,106,111,20
2280.80,106,111,20
2280.92,106,111,20
2280.99,106,111,20
2290.10,106,111,20
2290.17,106,111,20
2290.23,106,111,20
2290.33,106,111,20
2290.44,106,111,20
2290.54,106,111,20
2290.61,106,111,20
2290.70,106,111,20
2290.80,106,111,20
2290.97,106,111,20
2300.09,106,111,20
2300.19,106,111,20
2300.28,106,111,20
2300.38,106,111,20
2300.49,106,111,20
2300.58,106,111,20
2300.68,106,111,20
2300.78,106,111,20
2300.87,106,111,20
2300.96,106,111,20
2310.02,106,111,20
2310.12,106,111,20
2310.22,106,111,20
2310.31,106,111,20
2310.41,106,111,20
2310.56,106,111,20
2310.65,106,111,20
2310.76,106,111,20
2310.87,106,111,20
2310.93,106,111,20
2320.09,106,111,20
2320.18,106,111,20
2320.29,106,111,20
2320.38,106,111,20
2320.47,106,111,20
2320.57,106,111,20
2320.68,106,111,20
2320.79,106,111,20
2320.90,106,111,20
2321.01,106,111,20
2330.03,106,111,20
2330.15,106,111,20
2330.25,106,111,20
2330.36,106,111,20
2330.47,106,111,20
2330.53,106,111,20
2330.63,106,111,20
2330.74,106,111,20
2330.83,106,111,20
2330.93,106,111,20
2340.09,106,111,20
2340.19,106,111,20
2340.29,106,111,20
2340.35,106,111,20
2340.48,106,111,20
2340.59,106,111,20
2340.70,106,111,20
2340.80,106,111,20
2340.91,106,111,20
2340.98,106,111,20
2350.06,106,111,20
2350.12,106,111,20
2350.23,106,111,20
2350.34,106,111,20
2350.40,106,111,20
2350.51,106,111,20
2350.65,106,111,20
2350.76,106,111,20
2350.82,106,111,20
2350.93,106,111,20
2360.14,106,111,20
2360.23,106,111,20
2360.30,106,111,20
2360.41,106,111,20
2360.47,106,111,20
2360.58,106,111,20
2360.67,106,111,20
2360.76,106,111,20
2360.86,106,111,20
2361.00,106,111,20
2370.10,106,111,20
2370.27,106,111,20
2370.36,106,111,20
2370.47,106,111,20
2370.53,106,111,20
2370.63,106,111,20
2370.73,106,111,20
2370.83,106,111,20
2370.93,106,111,20
2380.07,106,111,20
2380.18,106,111,20
2380.29,106,111,20
2380.43,106,111,20
2380.54,106,111,20
2380.60,106,111,20
2380.74,106,111,20
2380.81,106,111,20
2380.87,106,111,20
2380.97,106,111,20
2390.04,106,111,20
2390.14,106,111,20
2390.23,106,111,20
2390.33,106,111,20
2390.44,106,111,20
2390.50,106,111,20
2390.60,106,111,20
2390.78,106,111,20
2390.84,106,111,20
2390.94,106,111,20
2400.06,106,111,20
2400.12,106,111,20
2400.23,106,111,20
2400.34,106,111,20
2400.40,106,111,20
2400.49,106,111,20
2400.60,106,111,20
2400.70,106,111,20
2400.80,106,111,20
2400.90,106,111,20
2400.96,106,111,20
2410.02,106,111,20
2410.16,106,111,20
2410.23,106,111,20
2410.28,106,111,20
2420.09,106,111,20
2420.18,106,111,20
2420.28,106,111,20
2420.41,106,111,20
2420.52,106,111,20
2420.63,106,111,20
2420.73,106,111,20
2420.82,106,111,20
2420.92,106,111,20
2420.99,106,111,20
2430.06,106,111,20
2430.15,106,111,20
2430.25,106,111,20
2430.34,106,111,20
2430.44,106,111,20
2430.54,106,111,20
2430.63,106,111,20
2430.73,106,111,20
2430.86,106,111,20
2430.95,106,111,20
2440.15,106,111,20
2440.21,106,111,20
2440.31,106,111,20
2440.42,106,111,20
2440.53,106,111,20
2440.58,106,111,20
2440.68,106,111,20
2440.79,106,111,20
2440.85,106,111,20
2450.06,106,111,20
2450.17,106,111,20
2450.28,106,111,20
2450.34,106,111,20
2450.44,106,111,20
2450.55,106,111,20
2450.64,106,111,20
2450.73,106,111,20
2450.82,106,111,20
2450.94,106,111,20
2451.00,106,111,20
2460.12,106,111,20
2460.23,106,111,20
2460.29,106,111,20
2460.39,106,111,20
2460.50,106,111,20
2460.64,106,111,20
2460.73,106,111,20
2460.83,106,111,20
2460.93,106,111,20
2461.00,106,111,20
2470.06,105,111,21
2470.15,105,111,21
2470.25,105,111,21
2470.35,105,111,21
2470.44,105,111,21
2470.55,105,111,21
2470.65,105,111,21
2470.74,105,111,21
2470.84,105,111,21
2470.98,105,111,21
2480.01,105,111,21
2480.11,105,111,21
2480.25,105,111,21
2480.31,105,111,21
2480.42,105,111,21
2480.53,105,111,21
2480.59,105,111,21
2480.69,105,111,21
2480.78,105,111,21
2480.88,105,111,21
2480.97,105,111,21
2490.09,105,111,21
2490.18,105,111,21
2490.31,105,111,21
2490.38,105,111,21
2490.49,105,111,21
2490.58,105,111,21
2490.68,105,111,21
2490.78,105,111,21
2490.87,105,111,21
2490.94,105,111,21
2500.02,105,111,21
2500.13,105,111,21
2500.23,105,111,21
2500.36,105,111,21
2500.43,105,111,21
2500.49,105,111,21
2500.60,105,111,21
2500.74,105,111,21
2500.80,105,111,21
2500.94,105,111,21
2510.07,105,111,21
2510.17,105,111,21
2510.26,105,111,21
2510.36,105,111,21
2510.46,105,111,21
2510.55,105,111,21
2510.66,105,111,21
2510.80,105,111,21
2510.86,105,111,21
2510.96,105,111,21
2520.09,105,111,21
2520.20,105,111,21
2520.31,105,111,21
2520.42,105,111,21
2520.51,105,111,21
2520.62,105,111,21
2520.72,105,111,21
2520.81,105,111,21
2520.92,105,111,21
2520.98,105,111,21
2530.09,105,111,21
2530.19,105,111,21
2530.30,105,111,21
2530.36,105,111,21
2530.49,105,111,21
2530.60,105,111,21
2530.69,105,111,21
2530.79,105,111,21
2530.86,105,111,21
2530.95,105,111,21
2540.14,105,111,21
2540.20,105,111,21
2540.31,105,111,21
2540.42,105,111,21
2540.52,105,111,21
2540.59,105,111,21
2540.73,105,111,21
2540.80,105,111,21
2540.87,105,111,21
2540.98,105,111,21
2550.06,105,111,21
2550.17,105,111,21
2550.23,105,111,21
2550.33,105,111,21
2550.47,105,111,21
2550.58,105,111,21
2550.63,105,111,21
2550.73,105,111,21
2550.83,105,111,21
2550.94,105,111,21
2551.00,105,111,21
2560.10,105,111,21
2560.21,105,111,21
2560.27,105,111,21
2560.39,105,111,21
2560.48,105,111,21
2560.63,105,111,21
2560.73,105,111,21
2560.84,105,111,21
2560.90,105,111,21
2570.06,105,111,21
2570.15,105,111,21
2570.25,105,111,21
2570.40,105,111,21
2570.46,105,111,21
2570.56,105,111,21
2570.63,105,111,21
2570.73,105,111,21
2570.82,105,111,21
2570.96,105,111,21
2580.07,105,111,21
2580.23,105,111,21
2580.34,105,111,21
2580.40,105,111,21
2580.51,105,111,21
2580.57,105,111,21
2580.71,105,111,21
2580.78,105,111,21
2580.89,105,111,21
2581.00,105,111,21
2590.04,105,111,21
2590.15,105,111,21
2590.25,105,111,21
2590.35,105,111,21
2590.45,105,111,21
2590.54,105,111,21
2590.63,105,111,21
2590.73,105,111,21
2590.82,105,111,21
2590.92,105,111,21
2600.10,105,111,21
2600.19,105,111,21
2600.28,105,111,21
2600.38,105,111,21
2600.48,105,111,21
2600.58,105,111,21
2600.71,105,111,21
2600.81,105,111,21
2600.90,105,111,21
2601.00,105,111,21
2610.07,105,111,21
2610.17,105,111,21
2610.26,105,111,21
2610.38,105,111,21
2610.44,105,111,21
2610.54,105,111,21
2610.65,105,111,21
2610.75,105,111,21
2610.84,105,111,21
2610.94,105,111,21
2620.02,105,111,21
2620.11,105,111,21
2620.20,105,111,21
2620.34,105,111,21
2620.45,105,111,21
2620.51,105,111,21
2620.62,105,111,21
2620.71,105,111,21
2620.78,105,111,21
2620.88,105,111,21
2621.00,105,111,21
2630.09,105,111,21
2630.15,105,111,21
2630.26,105,111,21
2630.37,105,111,21
2630.48,105,111,21
2630.59,105,111,21
2630.68,105,111,21
2630.81,105,111,21
2630.87,105,111,21
2630.96,105,111,21
2640.03,105,111,21
2640.12,105,111,21
2640.23,105,111,21
2640.29,105,111,21
2640.40,105,111,21
2640.50,105,111,21
2640.56,105,111,21
2640.69,105,111,21
2640.82,105,111,21
2640.92,105,111,21
2650.12,105,111,21
2650.18,105,111,21
2650.29,105,111,21
2650.40,105,111,21
2650.46,105,111,21
2650.57,105,111,21
2650.66,105,111,21
2650.73,105,111,21
2650.84,105,111,21
2650.95,105,111,21
2651.01,105,111,21
2660.01,105,111,21
2660.11,105,111,21
2660.20,105,111,21
2660.31,105,111,21
2660.42,105,111,21
2660.53,105,111,21
2660.63,105,111,21
2660.73,105,111,21
2660.79,105,111,21
2660.89,105,111,21
2660.98,105,111,21
2670.07,105,111,21
2670.18,105,111,21
2670.25,105,111,21
2670.34,105,111,21
2670.45,105,111,21
2670.60,105,111,21
2670.73,105,111,21
2670.78,105,111,21
2670.87,105,111,21
2670.97,105,111,21
2680.03,105,111,21
2680.12,105,111,21
2680.22,105,111,21
2680.31,105,111,21
2680.41,105,111,21
2680.52,105,111,21
2680.62,105,111,21
2680.71,105,111,21
2680.81,105,111,21
2680.95,105,111,21
2690.07,105,111,21
2690.22,105,111,21
2690.28,105,111,21
2690.39,105,111,21
2690.45,105,111,21
2690.56,105,111,21
2690.65,105,111,21
2690.74,105,111,21
2690.84,105,111,21
2690.95,105,111,21
2700.10,105,111,21
2700.20,105,111,21
2700.30,105,111,21
2700.43,105,111,21
2700.52,105,111,21
2700.63,105,111,21
2700.70,105,111,21
2700.80,105,111,21
2700.92,105,111,21
2710.02,105,111,21
2710.09,105,111,21
2710.18,105,111,21
2710.28,105,111,21
2710.34,105,111,21
2710.44,105,111,21
2710.54,105,111,21
2710.68,105,111,21
2710.78,105,111,21
2710.87,105,111,21
2710.97,105,111,21
2720.04,105,111,21
2720.15,105,111,21
2720.25,105,111,21
2720.34,105,111,21
2720.40,105,111,21
2720.51,105,111,21
2720.62,105,111,21
2720.73,105,111,21
2720.79,105,111,21
2720.90,105,111,21
2730.07,105,111,21
2730.17,105,111,21
2730.30,105,111,21
2730.40,105,111,21
2730.49,105,111,21
2730.55,105,111,21
2730.68,105,111,21
2730.79,105,111,21
2730.85,105,111,21
2730.94,105,111,21
2740.10,105,111,21
2740.19,105,111,21
2740.34,105,111,21
2740.44,105,111,21
2740.55,105,111,21
2740.61,105,111,21
2740.71,105,111,21
2740.81,105,111,21
2740.90,105,111,21
2741.00,105,111,21
2750.07,105,111,21
2750.17,105,111,21
2750.26,105,111,21
2750.37,105,111,21
2750.44,105,111,21
2750.54,105,111,21
2750.64,105,111,21
2750.78,105,111,21
2750.87,105,111,21
2750.98,105,111,21
2760.07,105,111,21
2760.14,105,111,21
2760.23,105,111,21
2760.33,105,111,21
2760.44,105,111,21
2760.53,105,111,21
2760.63,105,111,21
2760.73,105,111,21
2760.79,105,111,21
2760.91,105,111,21
2761.00,105,111,21
2770.06,105,111,21
2770.20,105,111,21
2770.28,105,111,21
2770.38,105,111,21
2770.48,105,111,21
2770.58,105,111,21
2770.68,105,111,21
2770.78,105,111,21
2770.88,105,111,21
2770.98,105,111,21
2780.09,105,111,21
2780.18,105,111,21
2780.29,105,111,21
2780.40,105,111,21
2780.46,105,111,21
2780.57,105,111,21
2780.68,105,111,21
2780.74,105,111,21
2780.84,105,111,21
2780.94,105,111,21
2790.07,105,111,21
2790.17,105,111,21
2790.26,105,111,21
2790.37,105,111,21
2790.48,105,111,21
2790.54,105,111,21
2790.64,105,111,21
2790.73,105,111,21
2790.82,105,111,21
2790.92,105,111,21
2800.10,105,111,21
2800.24,105,111,21
2800.31,105,111,21
2800.37,105,111,21
2800.48,105,111,21
2800.59,105,111,21
2800.70,105,111,21
2800.79,105,111,21
2800.91,105,111,21
2800.98,105,111,21
2810.06,105,111,21
2810.16,105,111,21
2810.26,105,111,21
2810.32,105,111,21
2810.41,105,111,21
2810.51,105,111,21
2810.61,105,111,21
2810.71,105,111,21
2810.81,105,111,21
2810.90,105,111,21
2820.10,105,111,21
2820.20,105,111,21
2820.30,105,111,21
2820.41,105,111,21
2820.47,105,111,21
2820.61,105,111,21
2820.70,105,111,21
2820.80,105,111,21
2820.90,105,111,21
2821.00,105,111,21
2830.04,105,111,21
2830.14,105,111,21
2830.23,105,111,21
2830.33,105,111,21
2830.44,105,111,21
2830.53,105,111,21
2830.63,105,111,21
2830.73,105,111,21
2830.83,105,111,21
2830.92,105,111,21
2840.09,105,111,21
2840.19,105,111,21
2840.29,105,111,21
2840.38,105,111,21
2840.49,105,111,21
2840.55,105,111,21
2840.65,105,111,21
2840.81,105,111,21
2840.92,105,111,21
2850.09,105,111,21
2850.15,105,111,21
2850.25,105,111,21
2850.36,105,111,21
2850.42,105,111,21
2850.56,105,111,21
2850.62,105,111,21
2850.71,105,111,21
2850.81,105,111,21
2850.90,105,111,21
2851.00,105,111,21
2860.06,105,111,21
2860.15,105,111,21
2860.26,105,111,21
2860.35,105,111,21
2860.44,105,111,21
2860.51,105,111,21
2860.63,105,111,21
2860.78,105,111,21
2860.84,105,111,21
2860.95,105,111,21
2870.13,105,111,21
2870.24,105,111,21
2870.31,105,111,21
2870.42,105,111,21
2870.53,105,111,21
2870.59,105,111,21
2870.69,105,111,21
2870.78,105,111,21
2870.89,105,111,21
2870.99,105,111,21
2880.04,105,111,21
2880.15,105,111,21
2880.25,105,111,21
2880.35,105,111,21
2880.47,105,111,21
2880.56,105,111,21
2880.66,105,111,21
2880.76,105,111,21
2880.82,105,111,21
2880.94,105,111,21
2890.09,105,111,21
2890.19,105,111,21
2890.27,105,111,21
2890.38,105,111,21
2890.60,105,111,21
2890.65,105,111,21
2890.71,105,111,21
2890.83,105,111,21
2890.89,105,111,21
2890.99,105,111,21
2900.06,105,111,21
2900.15,105,111,21
2900.24,105,111,21
2900.34,105,111,21
2900.44,105,111,21
2900.55,105,111,21
2900.65,105,111,21
2900.71,105,111,21
2900.87,105,111,21
2900.98,105,111,21
2910.10,105,111,21
2910.20,105,111,21
2910.30,105,111,21
2910.40,105,111,21
2910.49,105,111,21
2910.58,105,111,21
2910.68,105,111,21
2910.78,105,111,21
2910.87,105,111,21
2920.05,105,111,21
2920.15,105,111,21
2920.29,105,111,21
2920.35,105,111,21
2920.46,105,111,21
2920.55,105,111,21
2920.67,105,111,21
2920.73,105,111,21
2920.84,105,111,21
2920.95,105,111,21
2930.14,105,111,21
2930.20,105,111,21
2930.31,105,111,21
2930.37,105,111,21
2930.48,105,111,21
2930.62,105,111,21
2930.73,105,111,21
2930.84,105,111,21
2930.90,105,111,21
2931.00,105,111,21
2940.07,105,111,21
2940.18,105,111,21
2940.29,105,111,21
2940.35,105,111,21
2940.47,105,111,21
2940.56,105,111,21
2940.67,105,111,21
2940.73,105,111,21
2940.83,105,111,21
2940.97,105,111,21
2950.09,105,111,21
2950.25,105,111,21
2950.31,105,111,21
2950.42,105,111,21
2950.48,105,111,21
2950.59,105,111,21
2950.68,105,111,21
2950.78,105,111,21
2950.92,105,111,21
2950.98,105,111,21
2960.06,105,111,21
2960.15,105,111,21
2960.26,105,111,21
2960.44,105,111,21
2960.50,105,111,21
2960.60,105,111,21
2960.70,105,111,21
2960.79,105,111,21
2960.86,105,111,21
2960.95,105,111,21
2970.04,105,111,21
2970.14,105,111,21
2970.23,105,111,21
2970.33,105,111,21
2970.39,105,111,21
2970.51,105,111,21
2970.57,105,111,21
2970.71,105,111,21
2970.81,105,111,21
2970.91,105,111,21
2980.07,105,111,21
2980.17,105,111,21
2980.26,105,111,21
2980.36,105,111,21
2980.46,105,111,21
2980.57,105,111,21
2980.66,105,111,21
2980.79,105,111,21
2980.85,105,111,21
2980.94,105,111,21
2990.02,105,111,21
2990.15,105,111,21
2990.21,105,111,21
2990.33,105,111,21
2990.42,105,111,21
2990.53,105,111,21
2990.63,105,111,21
2990.68,105,111,21
2990.78,105,111,21
2990.87,105,111,21
2990.97,105,111,21
3000.08,105,111,21
3000.17,105,111,21
3000.28,105,111,21
3000.34,105,111,21
3000.50,105,111,21
3000.60,105,111,21
3000.70,105,111,21
3000.79,105,111,21
3000.86,105,111,21
3000.95,105,111,21
3010.05,105,111,21
3010.12,105,111,21
3010.23,105,111,21
3010.34,105,111,21
3010.40,105,111,21
3010.51,105,111,21
3010.57,105,111,21
3010.70,105,111,21
3010.84,105,111,21
3010.95,105,111,21
3020.07,105,111,21
3020.18,105,111,21
3020.27,105,111,21
3020.39,105,111,21
3020.49,105,111,21
3020.56,105,111,21
3020.65,105,111,21
3020.74,105,111,21
3020.86,105,111,21
3021.01,105,111,21
3030.02,105,111,21
3030.11,105,111,21
3030.20,105,111,21
3030.30,105,111,21
3030.45,105,111,21
3030.52,105,111,21
3030.62,105,111,21
3030.71,105,111,21
3030.81,105,111,21
3030.91,105,111,21
3040.09,105,111,21
3040.15,105,111,21
3040.26,105,111,21
3040.36,105,111,21
3040.46,105,111,21
3040.61,105,111,21
3040.73,105,111,21
3040.79,105,111,21
3040.89,105,111,21
3041.00,105,111,21
3050.06,105,111,21
3050.15,105,111,21
3050.28,105,111,21
3050.34,105,111,21
3050.44,105,111,21
3050.51,105,111,21
3050.62,105,111,21
3050.71,105,111,21
3050.81,105,111,21
3050.94,105,111,21
3060.07,105,111,21
3060.21,105,111,21
3060.30,105,111,21
3060.40,105,111,21
3060.50,105,111,21
3060.56,105,111,21
3060.65,105,111,21
3060.74,105,111,21
3060.84,105,111,21
3060.94,105,111,21
3070.04,105,111,21
3070.09,105,111,21
3070.23,105,111,21
3070.33,105,111,21
3070.43,105,111,21
3070.53,105,111,21
3070.68,105,111,21
3070.74,105,111,21
3070.85,105,111,21
3070.92,105,111,21
3080.10,105,111,21
3080.16,105,111,21
3080.30,105,111,21
3080.36,105,111,21
3080.47,105,111,21
3080.54,105,111,21
3080.64,105,111,21
3080.74,105,111,21
3080.84,105,111,21
3080.94,105,111,21
3090.07,105,111,21
3090.17,105,111,21
3090.32,105,111,21
3090.42,105,111,21
3090.53,105,111,21
3090.67,105,111,21
3090.73,105,111,21
3090.79,105,111,21
3090.90,105,111,21
3100.06,105,111,21
3100.16,105,111,21
3100.26,105,111,21
3100.35,105,111,21
3100.46,105,111,21
3100.56,105,111,21
3100.65,105,111,21
3100.75,105,111,21
3100.84,105,111,21
3100.95,105,111,21
3110.04,105,111,21
3110.19,105,111,21
3110.25,105,111,21
3110.32,105,111,21
3110.41,105,111,21
3110.52,105,111,21
3110.62,105,111,21
3110.72,105,111,21
3110.82,105,111,21
3110.91,105,111,21
3111.00,105,111,21
3120.12,105,111,21
3120.18,105,111,21
3120.29,105,111,21
3120.36,105,111,21
3120.46,105,111,21
3120.58,105,111,21
3120.69,105,111,21
3120.75,105,111,21
3120.86,105,111,21
3120.92,105,111,21
3130.02,105,111,21
3130.11,105,111,21
3130.21,105,111,21
3130.32,105,111,21
3130.46,105,111,21
3130.52,105,111,21
3130.63,105,111,21
3130.70,105,111,21
3130.79,105,111,21
3130.91,105,111,21
3130.99,105,111,21
3140.06,105,111,21
3140.17,105,111,21
3140.23,105,111,21
3140.34,105,111,21
3140.45,105,111,21
3140.61,105,111,21
3140.70,105,111,21
3140.81,105,111,21
3140.95,105,111,21
3141.01,105,111,21
3150.04,105,111,21
3150.14,105,111,21
3150.25,105,111,21
3150.32,105,111,21
3150.43,105,111,21
3150.53,105,111,21
3150.62,105,111,21
3150.71,105,111,21
3150.81,105,111,21
3150.94,105,111,21
3160.05,105,111,21
3160.17,105,111,21
3160.28,105,111,21
3160.39,105,111,21
3160.50,105,111,21
3160.56,105,111,21
3160.65,105,111,21
3160.75,105,111,21
3160.86,105,111,21
3160.97,105,111,21
3170.08,105,111,21
3170.14,105,111,21
3170.20,105,111,21
3170.30,105,111,21
3170.40,105,111,21
3170.55,105,111,21
3170.61,105,111,21
3170.71,105,111,21
3170.81,105,111,21
3170.91,105,111,21
3180.08,105,111,21
3180.17,105,111,21
3180.28,105,111,21
3180.34,105,111,21
3180.46,105,111,21
3180.58,105,111,21
3180.71,105,111,21
3180.82,105,111,21
3180.87,105,111,21
3180.97,105,111,21
3190.06,105,111,21
3190.12,105,111,21
3190.23,105,111,21
3190.34,105,111,21
3190.44,105,111,21
3190.51,105,111,21
3190.62,105,111,21
3190.73,105,111,21
3190.79,105,111,21
3190.89,105,111,21
3200.06,105,111,21
3200.16,105,111,21
3200.30,105,111,21
3200.40,105,111,21
3200.50,105,111,21
3200.60,105,111,21
3200.66,105,111,21
3200.81,105,111,21
3200.87,105,111,21
3200.97,105,111,21
3210.06,105,111,21
3210.17,105,111,21
3210.27,105,111,21
3210.41,105,111,21
3210.47,105,111,21
3210.58,105,111,21
3210.69,105,111,21
3210.75,105,111,21
3210.85,105,111,21
3210.96,105,111,21
3220.03,105,111,21
3220.13,105,111,21
3220.23,105,111,21
3220.30,105,111,21
3220.46,105,111,21
3220.52,105,111,21
3220.62,105,111,21
3220.72,105,111,21
3220.83,105,111,21
3220.89,105,111,21
3221.00,105,111,21
3230.04,105,111,21
3230.11,105,111,21
3230.17,105,111,21
3230.26,105,111,21
3230.37,105,111,21
3230.49,105,111,21
3230.55,105,111,21
3230.65,105,111,21
3230.75,105,111,21
3230.84,105,111,21
3230.94,105,111,21
3240.06,105,111,21
3240.16,105,111,21
3240.27,105,111,21
3240.33,105,111,21
3240.44,105,111,21
3240.55,105,111,21
3240.65,105,111,21
3240.72,105,111,21
3240.83,105,111,21
3240.93,105,111,21
3241.00,105,111,21
3250.03,105,111,21
3250.14,105,111,21
3250.25,105,111,21
3250.31,105,111,21
3250.42,105,111,21
3250.56,105,111,21
3250.66,105,111,21
3250.75,105,111,21
3250.85,105,111,21
3250.95,105,111,21
3260.12,105,111,21
3260.18,105,111,21
3260.29,105,111,21
3260.39,105,111,21
3260.48,105,111,21
3260.59,105,111,21
3260.65,105,111,21
3260.75,105,111,21
3260.88,105,111,21
3260.98,105,111,21
3270.03,105,111,21
3270.16,105,111,21
3270.25,105,111,21
3270.36,105,111,21
3270.47,105,111,21
3270.53,105,111,21
3270.63,105,111,21
3270.74,105,111,21
3270.83,105,111,21
3270.94,105,111,21
3280.09,105,111,21
3280.19,105,111,21
3280.30,105,111,21
3280.38,105,111,21
3280.48,105,111,21
3280.59,105,111,21
3280.68,105,111,21
3280.80,105,111,21
3280.93,105,111,21
3281.00,105,111,21
3290.06,105,111,21
3290.17,105,111,21
3290.27,105,111,21
3290.34,105,111,21
3290.48,105,111,21
3290.55,105,111,21
3290.65,105,111,21
3290.75,105,111,21
3290.84,105,111,21
3290.94,105,111,21
3300.04,105,111,21
3300.11,105,111,21
3300.20,105,111,21
3300.30,105,111,21
3300.41,105,111,21
3300.51,105,111,21
3300.76,105,111,21
3300.83,105,111,21
3300.89,105,111,21
3301.01,105,111,21
3310.01,105,111,21
3310.13,105,111,21
3310.28,105,111,21
3310.34,105,111,21
3310.45,105,111,21
3310.54,105,111,21
3310.64,105,111,21
3310.73,105,111,21
3310.83,105,111,21
3310.92,105,111,21
3320.07,105,111,21
3320.17,105,111,21
3320.26,105,111,21
3320.42,105,111,21
3320.52,105,111,21
3320.63,105,111,21
3320.70,105,111,21
3320.79,105,111,21
3320.91,105,111,21
3330.04,105,111,21
3330.14,105,111,21
3330.23,105,111,21
3330.33,105,111,21
3330.43,105,111,21
3330.53,105,111,21
3330.62,105,111,21
3330.76,105,111,21
3330.87,105,111,21
3330.93,105,111,21
3340.12,105,111,21
3340.23,105,111,21
3340.29,105,111,21
3340.40,105,111,21
3340.50,105,111,21
3340.61,105,111,21
3340.66,105,111,21
3340.76,105,111,21
3340.86,105,111,21
3340.97,105,111,21
3350.06,105,111,21
3350.15,105,111,21
3350.21,105,111,21
3350.39,105,111,21
3350.45,105,111,21
3350.55,105,111,21
3350.65,105,111,21
3350.75,105,111,21
3350.84,105,111,21
3350.94,105,111,21
3360.09,105,111,21
3360.20,105,111,21
3360.31,105,111,21
3360.37,105,111,21
3360.53,105,111,21
3360.59,105,111,21
3360.73,105,111,21
3360.79,105,111,21
3360.91,105,111,21
3370.06,105,111,21
3370.17,105,111,21
3370.23,105,111,21
3370.34,105,111,21
3370.45,105,111,21
3370.51,105,111,21
3370.62,105,111,21
3370.71,105,111,21
3370.87,105,111,21
3370.93,105,111,21
3380.14,105,111,21
3380.25,105,111,21
3380.31,105,111,21
3380.42,105,111,21
3380.53,105,111,21
3380.58,105,111,21
3380.68,105,111,21
3380.78,105,111,21
3380.89,105,111,21
3390.02,105,111,21
3390.16,105,111,21
3390.22,105,111,21
3390.34,105,111,21
3390.49,105,111,21
3390.54,105,111,21
3390.65,105,111,21
3390.76,105,111,21
3390.86,105,111,21
3390.94,105,111,21
3400.10,105,111,21
3400.21,105,111,21
3400.31,105,111,21
3400.42,105,111,21
3400.48,105,111,21
3400.63,105,111,21
3400.73,105,111,21
3400.84,105,111,21
3400.90,105,111,21
3410.09,105,111,21
3410.18,105,111,21
3410.24,105,111,21
3410.36,105,111,21
3410.47,105,111,21
3410.53,105,111,21
3410.65,105,111,21
3410.74,105,111,21
3410.81,105,111,21
3410.94,105,111,21
3420.08,105,111,21
3420.22,105,111,21
3420.33,105,111,21
3420.44,105,111,21
3420.53,105,111,21
3420.59,105,111,21
3420.69,105,111,21
3420.78,105,111,21
3420.87,105,111,21
3420.99,105,111,21
3430.06,105,111,21
3430.15,105,111,21
3430.25,105,111,21
3430.41,105,111,21
3430.46,105,111,21
3430.58,105,111,21
3430.68,105,111,21
3430.74,105,111,21
3430.84,105,111,21
3430.95,105,111,21
3440.01,105,111,21
3440.11,105,111,21
3440.20,105,111,21
3440.31,105,111,21
3440.42,105,111,21
3440.48,105,111,21
3440.58,105,111,21
3440.72,105,111,21
3440.81,105,111,21
3440.90,105,111,21
3450.10,105,111,21
3450.17,105,111,21
3450.26,105,111,21
3450.37,105,111,21
3450.44,105,111,21
3450.58,105,111,21
3450.64,105,111,21
3450.75,105,111,21
3450.85,105,111,21
3450.95,105,111,21
3460.11,105,111,21
3460.21,105,111,21
3460.31,105,111,21
3460.38,105,111,21
3460.48,105,111,21
3460.58,105,111,21
3460.67,105,111,21
3460.77,105,111,21
3460.87,105,111,21
3460.97,105,111,21
3470.04,105,111,21
3470.14,105,111,21
3470.23,105,111,21
3470.33,105,111,21
3470.43,105,111,21
3470.53,105,111,21
3470.66,105,111,21
3470.73,105,111,21
3470.79,105,111,21
3470.90,105,111,21
3470.99,105,111,21
3480.10,105,111,21
3480.15,105,111,21
3480.29,105,111,21
3480.38,105,111,21
3480.47,105,111,21
3480.57,105,111,21
3480.66,105,111,21
3480.76,105,111,21
3480.86,105,111,21
3480.95,105,111,21
3490.12,105,111,21
3490.23,105,111,21
3490.29,105,111,21
3490.39,105,111,21
3490.51,105,111,21
3490.65,105,111,21
3490.75,105,111,21
3490.85,105,111,21
3490.90,105,111,21
3500.02,105,111,21
3500.12,105,111,21
3500.22,105,111,21
3500.34,105,111,21
3500.45,105,111,21
3500.52,105,111,21
3500.62,105,111,21
3500.69,105,111,21
3500.78,105,111,21
3500.87,105,111,21
3500.99,105,111,21
3510.02,105,111,21
3510.09,105,111,21
3510.19,105,111,21
3510.29,105,111,21
3510.35,105,111,21
3510.47,105,111,21
3510.62,105,111,21
3510.67,105,111,21
3510.82,105,111,21
3510.87,105,111,21
3510.99,105,111,21
3520.02,105,111,21
3520.13,105,111,21
3520.22,105,111,21
3520.33,105,111,21
3520.44,105,111,21
3520.51,105,111,21
3520.61,105,111,21
3520.71,105,111,21
3520.81,105,111,21
3520.94,105,111,21
3521.01,105,111,21
3530.12,105,111,21
3530.22,105,111,21
3530.43,105,111,21
3530.51,105,111,21
3530.58,105,111,21
3530.72,105,111,21
3530.78,105,111,21
3530.88,105,111,21
3530.99,105,111,21
3540.09,105,111,21
3540.18,105,111,21
3540.24,105,111,21
3540.37,105,111,21
3540.49,105,111,21
3540.55,105,111,21
3540.66,105,111,21
3540.78,105,111,21
3540.89,105,111,21
3540.96,105,111,21
3550.07,105,111,21
3550.17,105,111,21
3550.29,105,111,21
3550.40,105,111,21
3550.52,105,111,21
3550.59,105,111,21
3550.68,105,111,21
3550.87,105,111,21
3550.99,105,111,21
3560.08,105,111,21
3560.19,105,111,21
3560.31,105,111,21
3560.43,105,111,21
3560.50,105,111,21
3560.56,105,111,21
3560.69,105,111,21
3560.80,105,111,21
3560.87,105,111,21
3560.96,105,111,21
3570.06,105,111,21
3570.17,105,111,21
3570.31,105,111,21
3570.44,105,111,21
3570.51,105,111,21
3570.58,105,111,21
3570.70,105,111,21
3570.76,105,111,21
3570.86,105,111,21
3570.96,105,111,21
3580.04,105,111,21
3580.10,105,111,21
3580.22,105,111,21
3580.28,105,111,21
3580.42,105,111,21
3580.49,105,111,21
3580.60,105,111,21
3580.67,105,111,21
3580.77,105,111,21
3580.89,105,111,21
3581.00,105,111,21
3590.09,105,111,21
3590.19,105,111,21
3590.32,105,111,21
3590.39,105,111,21
3590.48,105,111,21
3590.54,105,111,21
3590.64,105,111,21
3590.76,105,111,21
3590.87,105,111,21
3590.94,105,111,21
3600.03,105,111,21
3600.09,105,111,21
3600.20,105,111,21
3600.30,105,111,21
3600.44,105,111,21
3600.53,105,111,21
3600.62,105,111,21
3600.73,105,111,21
3600.80,105,111,21
3600.91,105,111,21
3610.05,105,111,21
3610.12,105,111,21
3610.29,105,111,21
3610.35,105,111,21
3610.42,105,111,21
3610.48,105,111,21
3610.59,105,111,21
3610.68,105,111,21
3610.79,105,111,21
3610.89,105,111,21
3611.00,105,111,21
3620.07,105,111,21
3620.14,105,111,21
3620.24,105,111,21
3620.36,105,111,21
3620.47,105,111,21
3620.57,105,111,21
3620.68,105,111,21
3620.74,105,111,21
3620.85,105,111,21
3620.95,105,111,21
3630.02,105,111,21
3630.12,105,111,21
3630.22,105,111,21
3630.27,105,111,21
3630.41,105,111,21
3630.47,105,111,21
3630.57,105,111,21
3630.66,105,111,21
3630.76,105,111,21
3630.89,105,111,21
3630.99,105,111,21
3640.06,105,111,21
3640.15,105,111,21
3640.26,105,111,21
3640.37,105,111,21
3640.44,105,111,21
3640.55,105,111,21
3640.61,105,111,21
3640.74,105,111,21
3640.81,105,111,21
3640.92,105,111,21
3650.05,105,111,21
3650.16,105,111,21
3650.27,105,111,21
3650.37,105,111,21
3650.43,105,111,21
3650.55,105,111,21
3650.69,105,111,21
3650.78,105,111,21
3650.88,105,111,21
3660.07,105,111,21
3660.14,105,111,21
3660.23,105,111,21
3660.33,105,111,21
3660.44,105,111,21
3660.53,105,111,21
3660.63,105,111,21
3660.69,105,111,21
3660.82,105,111,21
3660.89,105,111,21
3670.06,105,111,21
3670.16,105,111,21
3670.31,105,111,21
3670.41,105,111,21
3670.48,105,111,21
3670.59,105,111,21
3670.68,105,111,21
3670.74,105,111,21
3670.85,105,111,21
3670.96,105,111,21
3680.03,105,111,21
3680.13,105,111,21
3680.22,105,111,21
3680.33,105,111,21
3680.39,105,111,21
3680.50,105,111,21
3680.64,105,111,21
3680.73,105,111,21
3680.83,105,111,21
3680.92,105,111,21
3690.10,105,111,21
3690.16,105,111,21
3690.27,105,111,21
3690.34,105,111,21
3690.44,105,111,21
3690.54,105,111,21
3690.65,105,111,21
3690.79,105,111,21
3690.89,105,111,21
3690.99,105,111,21
3700.04,105,111,21
3700.14,105,111,21
3700.23,105,111,21
3700.34,105,111,21
3700.41,105,111,21
3700.52,105,111,21
3700.62,105,111,21
3700.71,105,111,21
3700.81,105,111,21
3700.91,105,111,21
3701.00,105,111,21
3710.05,105,111,21
3710.18,105,111,21
3710.27,105,111,21
3710.33,105,111,21
3710.38,105,111,21
3710.44,105,111,21
3710.53,105,111,21
3710.58,105,111,21
3710.68,105,111,21
3710.74,105,111,21
3710.79,105,111,21
3710.89,105,111,21
3710.94,105,111,21
3720.05,105,111,21
3720.16,105,111,21
3720.22,105,111,21
3720.29,105,111,21
3720.34,105,111,21
3720.40,105,111,21
3720.46,105,111,21
3720.53,105,111,21
3720.59,105,111,21
3720.68,105,111,21
3720.74,105,111,21
3720.84,105,111,21
3720.90,105,111,21
3730.04,105,111,21
3730.13,105,111,21
3730.19,105,111,21
3730.31,105,111,21
3730.38,105,111,21
3730.44,105,111,21
3730.49,105,111,21
3730.55,105,111,21
3730.64,105,111,21
3730.70,105,111,21
3730.76,105,111,21
3730.86,105,111,21
3730.92,105,111,21
3740.07,105,111,21
3740.13,105,111,21
3740.19,105,111,21
3740.31,105,111,21
3740.37,105,111,21
3740.48,105,111,21
3740.54,105,111,21
3740.65,105,111,21
3740.71,105,111,21
3740.77,105,111,21
3740.84,105,111,21
3740.90,105,111,21
3740.99,105,111,21
3750.01,105,111,21
3750.07,105,111,21
3750.14,105,111,21
3750.28,105,111,21
3750.34,105,111,21
3750.40,105,111,21
3750.46,105,111,21
3750.51,105,111,21
3750.61,105,111,21
3750.66,105,111,21
3750.80,105,111,21
3750.86,105,111,21
3750.92,105,111,21
3750.98,105,111,21
3760.08,105,111,21
3760.13,105,111,21
3760.19,105,111,21
3760.24,105,111,21
3760.30,105,111,21
3760.44,105,111,21
3760.49,105,111,21
3760.54,105,111,21
3760.61,105,111,21
3760.66,105,111,21
3760.79,105,111,21
3760.89,105,111,21
3760.94,105,111,21
3760.99,105,111,21
